firms-ID,x-coordinate,y-coordinate,capacity,staff,cost
1771, 114.077715, 22.68210734, 2, 2.0868938164773754, 1134648
1465, 114.2210604, 22.70565195, 4, 5.217234541193438, 7219584
1091, 113.936609, 22.69505631, 3, 3.1303407247160626, 7735725
2001, 113.8661029, 22.75930169, 4, 5.217234541193438, 7601472
1296, 114.1422694, 22.60791832, 4, 3.1303407247160626, 324341.7873548222
1287, 113.9152116, 22.75330155, 3, 3.1303407247160626, 3091348.4724797313
744, 114.2210604, 22.70565195, 5, 6.260681449432125, 14439168
1249, 114.4054404, 22.76453241, 1, 1.0434469082386877, 1249500
911, 113.968556, 22.69827316, 8, 9.391022174148189, 3.0930984165169183E7
165, 114.2146748, 22.70297441, 3, 3.1303407247160626, 5289000
133, 113.9259902, 22.71932507, 3, 3.1303407247160626, 8506344
747, 114.3486816, 22.70118929, 3, 3.1303407247160626, 3456288
647, 113.8927493, 22.76804691, 3, 3.1303407247160626, 2.37482885475E7
997, 114.0017638, 22.59835539, 3, 3.1303407247160626, 7623504
775, 114.3141642, 22.7751023, 3, 3.1303407247160626, 7733810
1871, 114.2939222, 22.66603796, 3, 4.173787632954751, 11714340
29, 114.0017638, 22.59835539, 3, 3.1303407247160626, 5082336
77, 114.37472, 22.69079949, 5, 6.260681449432125, 9558600
1010, 113.9233533, 22.58496019, 4, 5.217234541193438, 11706030
552, 114.2860963, 22.71315916, 3, 3.1303407247160626, 8219330
1626, 113.9015615, 22.71955435, 5, 6.260681449432125, 14652144
175, 113.9722297, 22.61881648, 2, 1.0434469082386877, 1099315
999, 114.1908585, 22.6355659, 3, 3.1303407247160626, 6578766
974, 114.0946258, 22.54159553, 3, 3.1303407247160626, 1.4519315561048644E7
1915, 113.8842317, 22.78905087, 1, 1.0434469082386877, 465585
584, 114.1057548, 22.59821631, 5, 5.217234541193438, 3762200
929, 113.964386, 22.54286861, 3, 3.1303407247160626, 5929718.050117938
1389, 114.0624633, 22.53793854, 3, 4.173787632954751, 3307080
1188, 113.9778758, 22.56564506, 3, 3.1303407247160626, 1814280
1704, 113.9444144, 22.68440914, 3, 3.1303407247160626, 6998112
722, 114.359798, 22.74479107, 3, 3.1303407247160626, 12211110
1491, 113.8761848, 22.79295095, 1, 1.0434469082386877, 531765
576, 113.9964075, 22.73472008, 3, 3.1303407247160626, 6030774
678, 113.9874438, 22.5398186, 4, 5.217234541193438, 7162600
2032, 114.3833801, 22.69048805, 2, 2.0868938164773754, 5097975.3
1654, 114.1242908, 22.59420024, 7, 5.217234541193438, 3246252
1324, 114.1042953, 22.54730183, 3, 2.0868938164773754, 597346
782, 114.1121549, 22.56746314, 3, 4.173787632954751, 3403872
379, 114.1717413, 22.56394335, 3, 3.1303407247160626, 4667248
1044, 113.9800439, 22.55948125, 7, 5.217234541193438, 2004588
1171, 114.3480704, 22.68461142, 3, 3.1303407247160626, 9578999.557104234
104, 113.8553703, 22.78458004, 3, 3.1303407247160626, 2873640
315, 114.0746699, 22.65832693, 2, 2.0868938164773754, 2929035
716, 114.129943, 22.58690043, 3, 3.1303407247160626, 2611986
1347, 114.3324378, 22.69398811, 2, 2.0868938164773754, 1410400
1384, 113.8519206, 22.76363961, 3, 3.1303407247160626, 6424341
708, 114.2099445, 22.70807763, 6, 5.217234541193438, 3684870
2036, 114.1422694, 22.60791832, 4, 0, 5580752.414925075
1149, 114.2834069, 22.66229613, 3, 3.1303407247160626, 9578999.557104234
1282, 113.8544979, 22.79091959, 3, 3.1303407247160626, 12888840
356, 113.8961269, 22.51793372, 3, 3.1303407247160626, 1777773
690, 113.89667, 22.77535293, 3, 3.1303407247160626, 1.3145201195419712E7
983, 114.31753, 22.70012994, 5, 5.217234541193438, 2803923
1665, 113.8286619, 22.71792127, 3, 3.1303407247160626, 2812971
1019, 114.0621397, 22.54992919, 6, 4.173787632954751, 2711160
221, 113.968556, 22.69827316, 3, 2.0868938164773754, 599131
712, 113.9355346, 22.68900164, 1, 1.0434469082386877, 783405
977, 113.8597157, 22.72651427, 3, 3.1303407247160626, 4678200
101, 113.968556, 22.69827316, 3, 3.1303407247160626, 2.2494286610756606E7
1797, 114.031832, 22.70150831, 3, 3.1303407247160626, 4974039
170, 114.0450657, 22.52313116, 3, 3.1303407247160626, 2615008
1960, 114.2435979, 22.58241509, 2, 2.0868938164773754, 4120209
721, 113.9439491, 22.77869306, 3, 3.1303407247160626, 3275640
1264, 114.0147148, 22.66305665, 1, 1.0434469082386877, 909900
458, 114.0527624, 22.63151064, 8, 7.304128357670813, 13123800
366, 114.0373938, 22.57578613, 4, 3.1303407247160626, 3615852
1082, 114.1272273, 22.69348192, 2, 1.0434469082386877, 990264
1895, 114.1172224, 22.59546438, 3, 3.1303407247160626, 1781237.5278774998
158, 113.9365588, 22.55688771, 2, 2.0868938164773754, 568256
1909, 114.3333945, 22.78563924, 1, 1.0434469082386877, 1085180
357, 113.9191977, 22.54583536, 3, 3.1303407247160626, 2726804
502, 114.3613685, 22.71192628, 1, 1.0434469082386877, 1248034
1002, 114.0361853, 22.50864622, 3, 3.1303407247160626, 1694375.9749575
779, 114.1584063, 22.56203742, 3, 4.173787632954751, 7576750
767, 113.9843857, 22.73744168, 3, 3.1303407247160626, 4598220
1085, 114.1083255, 22.54846201, 2, 2.0868938164773754, 3920184
486, 114.2922773, 22.5831055, 1, 1.0434469082386877, 634392
860, 114.0254399, 22.71858525, 5, 6.260681449432125, 16495570
1730, 114.1042953, 22.54730183, 3, 2.0868938164773754, 1144225
1469, 113.8380979, 22.76558553, 5, 5.217234541193438, 8652672
1365, 114.0610319, 22.71362, 7, 5.217234541193438, 8794440
1023, 114.0450657, 22.52313116, 3, 3.1303407247160626, 7766573.76
1345, 114.1042953, 22.54730183, 3, 3.1303407247160626, 9578999.557104234
95, 113.9142301, 22.54249797, 3, 3.1303407247160626, 7606992
1591, 114.1357787, 22.61047964, 6, 5.217234541193438, 4704480
597, 113.9187309, 22.57620516, 4, 4.173787632954751, 10807830
1201, 114.2482186, 22.597762, 4, 5.217234541193438, 2561352
1865, 113.9735968, 22.53691557, 3, 3.1303407247160626, 4234074
1445, 114.0320786, 22.56121934, 3, 3.1303407247160626, 7522053
1816, 114.0859619, 22.53889373, 4, 3.1303407247160626, 3536793
1674, 113.936609, 22.69505631, 3, 2.0868938164773754, 1342040
1546, 114.2282188, 22.54732311, 1, 1.0434469082386877, 1101464
354, 114.2181855, 22.75663067, 1, 1.0434469082386877, 1188075
1921, 114.1847659, 22.59345697, 1, 1.0434469082386877, 1204830
1059, 114.0859619, 22.53889373, 3, 3.1303407247160626, 4715724
64, 114.1032037, 22.61256999, 4, 4.173787632954751, 11105550
1937, 114.1042953, 22.54730183, 3, 2.0868938164773754, 500000
1369, 113.8744093, 22.58226338, 2, 2.0868938164773754, 1188144
1462, 114.2982552, 22.71040813, 3, 3.1303407247160626, 1777788
592, 114.2219301, 22.66886258, 4, 4.173787632954751, 7233648
945, 113.9142301, 22.54249797, 3, 3.1303407247160626, 11410488
1271, 114.0595264, 22.66399326, 5, 4.173787632954751, 11943936
1012, 113.9634208, 22.70353264, 2, 2.0868938164773754, 1193361
1202, 113.8851632, 22.72061152, 3, 3.1303407247160626, 3460128
1905, 114.102483, 22.54850495, 1, 1.0434469082386877, 682479
322, 113.9560825, 22.70340427, 3, 3.1303407247160626, 8311820
937, 113.936617, 22.52098472, 3, 3.1303407247160626, 2297286
887, 113.9152116, 22.75330155, 3, 3.1303407247160626, 6885978.722448602
338, 113.8276875, 22.72981511, 3, 3.1303407247160626, 3945600
524, 114.1942113, 22.64106038, 4, 3.1303407247160626, 11844144
1104, 113.8564083, 22.58683717, 6, 7.304128357670813, 4343964
1887, 113.8073582, 22.73253642, 2, 2.0868938164773754, 1355764
705, 114.0978306, 22.69478757, 5, 6.260681449432125, 17106765
1590, 113.89667, 22.77535293, 3, 3.1303407247160626, 8947008.922759833
347, 114.0404776, 22.52785478, 6, 7.304128357670813, 5220288
302, 113.9843857, 22.73744168, 3, 3.1303407247160626, 7663700
493, 114.3178712, 22.72020294, 1, 1.0434469082386877, 885196
1733, 114.0087173, 22.73838093, 1, 1.0434469082386877, 1055310
827, 114.0440301, 22.51042369, 1, 1.0434469082386877, 1268748
585, 114.0946258, 22.54159553, 3, 2.0868938164773754, 721335
1717, 113.859515, 22.73057783, 3, 3.1303407247160626, 4528451.1888
1906, 114.1942113, 22.64106038, 3, 3.1303407247160626, 9212112
1072, 114.5022922, 22.59605766, 1, 1.0434469082386877, 1227600
1515, 113.884839, 22.81101354, 1, 1.0434469082386877, 769536
410, 114.3066361, 22.60150689, 2, 2.0868938164773754, 1276382
925, 114.1261595, 22.70308613, 2, 2.0868938164773754, 2818350
871, 114.1266964, 22.55171362, 9, 6.260681449432125, 5752250
2012, 113.9058349, 22.77099762, 2, 2.0868938164773754, 699294.8081834647
743, 113.964386, 22.54286861, 3, 3.1303407247160626, 5929718.050117938
145, 113.8064836, 22.69279451, 49, 40.69442942130882, 26686908
556, 113.8992632, 22.73667783, 6, 7.304128357670813, 25337286
1940, 114.3388999, 22.68548423, 3, 3.1303407247160626, 3447840
1192, 114.1016038, 22.53736933, 3, 2.0868938164773754, 3959280
518, 114.0959054, 22.56484784, 5, 4.173787632954751, 4766832
56, 114.0573383, 22.6047373, 3, 3.1303407247160626, 2033280
1857, 113.8064836, 22.69279451, 4, 5.217234541193438, 10330416
736, 113.9179521, 22.64049539, 1, 1.0434469082386877, 1045568
1129, 113.936611, 22.67894119, 46, 38.60753560483144, 7.560907240374689E7
1795, 113.7961225, 22.72937009, 6, 4.173787632954751, 2633200
331, 113.7985327, 22.72284588, 3, 3.1303407247160626, 7888116
426, 114.3292812, 22.68364859, 5, 6.260681449432125, 12937248
1232, 113.9169801, 22.73931425, 2, 2.0868938164773754, 856704
1476, 114.1221481, 22.6011108, 3, 3.1303407247160626, 1.4519315561048644E7
258, 113.9175271, 22.72183077, 5, 6.260681449432125, 18155490
257, 114.3024076, 22.66862423, 7, 5.217234541193438, 2752960
1364, 114.1216418, 22.68350161, 5, 3.1303407247160626, 3925344
992, 114.0513711, 22.61576577, 4, 5.217234541193438, 6265344
765, 114.2360842, 22.55783509, 3, 3.1303407247160626, 8947008.922759833
952, 113.907684, 22.55657403, 5, 4.173787632954751, 5243848
621, 114.0305019, 22.62003586, 6, 5.217234541193438, 7829352
445, 114.3122933, 22.69246974, 3, 4.173787632954751, 11162240
277, 113.9218083, 22.51883796, 6, 4.173787632954751, 3977532
873, 113.8714992, 22.78752544, 3, 3.1303407247160626, 4103632.4681955557
1162, 114.058659, 22.54400765, 3, 3.1303407247160626, 3280512
1486, 113.9415958, 22.53640187, 4, 4.173787632954751, 4483152
1611, 114.1132982, 22.57428937, 3, 3.1303407247160626, 3673172.3913537096
1238, 113.9287452, 22.5922123, 2, 2.0868938164773754, 809358
1135, 114.1279131, 22.68921886, 3, 3.1303407247160626, 2700984
462, 114.3712383, 22.74697943, 3, 3.1303407247160626, 7508851
149, 114.0946258, 22.54159553, 3, 2.0868938164773754, 938979
1863, 113.7886466, 22.75739522, 1, 1.0434469082386877, 1378102
1948, 113.9152116, 22.75330155, 3, 3.1303407247160626, 6885978.722448602
1447, 113.9191977, 22.54583536, 3, 3.1303407247160626, 2045103
1319, 113.8733725, 22.8019963, 3, 3.1303407247160626, 1690701
336, 114.0545956, 22.61293956, 5, 6.260681449432125, 9137520
1140, 114.0790509, 22.54727143, 3, 3.1303407247160626, 4457316
768, 114.3236798, 22.69825868, 3, 2.0868938164773754, 3530000
643, 113.964386, 22.54286861, 2, 2.0868938164773754, 2806440
1944, 113.9316691, 22.49103627, 7, 6.260681449432125, 2999997
312, 113.9426483, 22.55304371, 1, 1.0434469082386877, 1079808
362, 113.8978583, 22.79887797, 1, 1.0434469082386877, 1251599
1830, 114.3541312, 22.75877108, 1, 1.0434469082386877, 938979
623, 114.3480704, 22.68461142, 3, 3.1303407247160626, 6877234
326, 113.9634208, 22.70353264, 3, 2.0868938164773754, 1153138
83, 114.055827, 22.52545213, 3, 3.1303407247160626, 5637870
1533, 113.8045813, 22.66852381, 3, 4.173787632954751, 3726324
1796, 113.9152116, 22.75330155, 3, 3.1303407247160626, 6885978.722448602
1586, 113.889499, 22.78518445, 2, 2.0868938164773754, 1131962
122, 114.2301425, 22.55957429, 5, 6.260681449432125, 9239700
82, 114.1209736, 22.57481572, 8, 6.260681449432125, 1996440
290, 114.3511853, 22.6102279, 1, 1.0434469082386877, 673113
2000, 113.9142301, 22.54249797, 3, 3.1303407247160626, 5071328
1157, 114.3064406, 22.77130579, 3, 3.1303407247160626, 1.2680275481001928E7
399, 114.0984549, 22.56231854, 6, 5.217234541193438, 6246072
185, 113.9044365, 22.56528958, 3, 4.173787632954751, 4472160
304, 113.8687342, 22.77005729, 3, 3.1303407247160626, 7466382
1500, 113.8764685, 22.77355168, 3, 3.1303407247160626, 3590676
1588, 114.1209736, 22.57481572, 3, 3.1303407247160626, 1996440
1698, 113.9370425, 22.53714623, 2, 2.0868938164773754, 680560
529, 113.9152116, 22.75330155, 9, 7.304128357670813, 2205984
397, 114.0587637, 22.53249916, 3, 3.1303407247160626, 5338224
1965, 114.3199658, 22.72416385, 3, 3.1303407247160626, 3807078
1079, 114.2360842, 22.55783509, 3, 3.1303407247160626, 8947008.922759833
509, 114.1674935, 22.56881687, 2, 2.0868938164773754, 5052060
1913, 114.1121549, 22.56746314, 6, 5.217234541193438, 6807744
1514, 113.826686, 22.66530047, 2, 2.0868938164773754, 953082
1791, 114.0946258, 22.54159553, 3, 3.1303407247160626, 5929718.050117938
213, 113.8716275, 22.75540599, 3, 3.1303407247160626, 9957994.2
628, 114.001464, 22.63733905, 8, 6.260681449432125, 1702575
1320, 114.1057548, 22.59821631, 3, 3.1303407247160626, 6583850
632, 113.9539752, 22.70654651, 1, 1.0434469082386877, 1143384
697, 113.9754926, 22.68904289, 3, 3.1303407247160626, 5646960
286, 114.0946258, 22.54159553, 3, 3.1303407247160626, 6885978.722448602
1834, 113.907684, 22.55657403, 8, 7.304128357670813, 7865772
600, 114.1042953, 22.54730183, 3, 3.1303407247160626, 7673820
271, 113.968556, 22.69827316, 4, 3.1303407247160626, 1340313
202, 113.8296581, 22.72516813, 2, 2.0868938164773754, 1415025
1755, 114.1042953, 22.54730183, 3, 3.1303407247160626, 520038.9559448865
1842, 114.2247268, 22.55089246, 5, 3.1303407247160626, 3978117
26, 114.2469077, 22.56876552, 6, 7.304128357670813, 18242190
226, 113.8893661, 22.5612539, 8, 7.304128357670813, 4325535
401, 113.7982229, 22.69370504, 5, 6.260681449432125, 7744248
1056, 113.9514808, 22.57933839, 4, 3.1303407247160626, 2003940
1903, 113.8927493, 22.76804691, 3, 3.1303407247160626, 2.37482885475E7
1263, 113.9316691, 22.49103627, 2, 2.0868938164773754, 999999
1354, 113.964386, 22.54286861, 3, 3.1303407247160626, 5929718.050117938
1416, 114.0891792, 22.54178278, 3, 3.1303407247160626, 3923642.7858581543
1939, 114.1942113, 22.64106038, 4, 3.1303407247160626, 5264064
804, 114.3059153, 22.67750201, 5, 4.173787632954751, 4547824
1606, 114.0497183, 22.72134663, 3, 3.1303407247160626, 1454400
665, 113.8897551, 22.77264868, 4, 5.217234541193438, 6553890
676, 113.9415958, 22.53640187, 6, 4.173787632954751, 1992512
1170, 113.9157343, 22.5349482, 3, 3.1303407247160626, 3819984
1579, 113.968556, 22.69827316, 3, 2.0868938164773754, 769975
1692, 113.9792634, 22.53515726, 4, 5.217234541193438, 2.190866865903285E7
946, 113.9214564, 22.55194356, 4, 3.1303407247160626, 3650616
259, 113.9321561, 22.78251295, 3, 4.173787632954751, 8095290
1199, 114.3077843, 22.77649766, 3, 3.1303407247160626, 9948680
189, 114.1340834, 22.58581645, 4, 5.217234541193438, 3443148
125, 114.0305432, 22.56786856, 5, 6.260681449432125, 11832465
537, 113.8689145, 22.50307986, 5, 6.260681449432125, 1448064
1433, 114.0891792, 22.54178278, 7, 6.260681449432125, 2903124
859, 113.8837285, 22.4815432, 3, 3.1303407247160626, 2301768
70, 114.1354918, 22.55227385, 4, 5.217234541193438, 2895936
323, 114.3388999, 22.68548423, 3, 3.1303407247160626, 1723920
989, 113.9142301, 22.54249797, 3, 3.1303407247160626, 5071328
1575, 113.9180058, 22.51905186, 7, 5.217234541193438, 4121512
190, 113.9585573, 22.70959755, 3, 3.1303407247160626, 4318748
935, 113.9874438, 22.5398186, 3, 3.1303407247160626, 5013820
200, 114.1272273, 22.69348192, 3, 3.1303407247160626, 2970792
2004, 113.7931053, 22.67053428, 2, 2.0868938164773754, 999930.7969793748
850, 113.9735968, 22.53691557, 1, 1.0434469082386877, 705679
1009, 114.02826, 22.65797554, 7, 6.260681449432125, 14508403
1259, 114.3064406, 22.77130579, 3, 3.1303407247160626, 1.2680275481001928E7
1833, 114.0914813, 22.54589324, 3, 4.173787632954751, 2404248
653, 113.8978583, 22.79887797, 3, 4.173787632954751, 12515990
1656, 114.48174, 22.54079562, 1, 1.0434469082386877, 1075965
1798, 114.0547554, 22.56666808, 3, 3.1303407247160626, 831303
1214, 114.0280747, 22.56038858, 3, 3.1303407247160626, 9578999.557104234
1879, 114.0998616, 22.55693538, 1, 1.0434469082386877, 512385
919, 114.4142507, 22.63855059, 1, 1.0434469082386877, 935226
9, 114.2829847, 22.67126173, 3, 3.1303407247160626, 2447712
1241, 114.1042953, 22.54730183, 3, 3.1303407247160626, 2.37482885475E7
1975, 113.8409704, 22.62437861, 2, 2.0868938164773754, 1288404
654, 113.9952455, 22.5333633, 6, 5.217234541193438, 3561200
1997, 114.0254399, 22.71858525, 6, 7.304128357670813, 19033350
674, 113.9180301, 22.68796411, 3, 3.1303407247160626, 1996500
51, 114.1942113, 22.64106038, 4, 5.217234541193438, 11844144
1776, 114.0395011, 22.60753726, 3, 3.1303407247160626, 1889295
2019, 113.9700406, 22.55899902, 2, 2.0868938164773754, 712621.4949770325
1335, 114.0527624, 22.63151064, 4, 3.1303407247160626, 7874280
1836, 113.9152116, 22.75330155, 3, 3.1303407247160626, 6885978.722448602
460, 114.1134928, 22.53948341, 4, 3.1303407247160626, 3287416
57, 114.2203198, 22.55590944, 3, 3.1303407247160626, 9611460
76, 114.035203, 22.55718007, 3, 3.1303407247160626, 2532796
657, 113.9338704, 22.49890379, 2, 2.0868938164773754, 1290470
1427, 113.9032064, 22.55898151, 3, 3.1303407247160626, 5668075
235, 113.94436, 22.77088278, 3, 3.1303407247160626, 1683051
1277, 114.0891792, 22.54178278, 3, 3.1303407247160626, 2903124
1161, 113.911984, 22.6724966, 1, 1.0434469082386877, 845424
803, 114.0644572, 22.65490436, 7, 7.304128357670813, 2825442
590, 113.9234122, 22.52390294, 3, 3.1303407247160626, 6716220
569, 114.3035564, 22.77255353, 3, 3.1303407247160626, 3819240
2030, 114.2647351, 22.7062861, 1, 1.0434469082386877, 278497.3306034723
299, 113.9978161, 22.59332402, 2, 2.0868938164773754, 2698050
1429, 113.8733725, 22.8019963, 3, 3.1303407247160626, 3944969
459, 113.9152116, 22.75330155, 3, 3.1303407247160626, 6885978.722448602
1045, 114.2860963, 22.71315916, 3, 3.1303407247160626, 11741900
442, 113.968556, 22.69827316, 3, 2.0868938164773754, 880568
1142, 114.0997403, 22.72885792, 3, 3.1303407247160626, 5318352
634, 113.8603881, 22.78971246, 3, 3.1303407247160626, 2794868
733, 114.0111018, 22.54849473, 1, 1.0434469082386877, 1184688
432, 114.0069626, 22.53846962, 3, 3.1303407247160626, 2626200
268, 114.3833801, 22.69048805, 3, 3.1303407247160626, 7646962.949999999
1151, 114.0348327, 22.5262719, 4, 3.1303407247160626, 3065712
777, 114.1042953, 22.54730183, 3, 2.0868938164773754, 929880
541, 114.0957679, 22.56965336, 3, 3.1303407247160626, 7617785
1619, 114.0573383, 22.6047373, 6, 5.217234541193438, 1524960
412, 114.2876146, 22.70174801, 4, 3.1303407247160626, 3957600
1540, 114.0488191, 22.60469621, 4, 5.217234541193438, 4418085
285, 114.5096038, 22.53158021, 1, 1.0434469082386877, 730580
169, 114.510525, 22.64360625, 1, 1.0434469082386877, 967530
536, 113.9821344, 22.54958485, 3, 3.1303407247160626, 2331984
664, 113.8596763, 22.8103313, 1, 1.0434469082386877, 1128833
1463, 114.3035778, 22.7030569, 3, 3.1303407247160626, 2065865.1079275003
1688, 113.896119, 22.72186615, 3, 3.1303407247160626, 3012880
1269, 113.8927351, 22.80211546, 1, 1.0434469082386877, 606407
1047, 114.0914813, 22.54589324, 3, 3.1303407247160626, 4808496
1248, 114.0573383, 22.6047373, 3, 3.1303407247160626, 2033280
1812, 113.968556, 22.69827316, 4, 5.217234541193438, 2.190866865903285E7
1726, 113.7953963, 22.73625293, 1, 1.0434469082386877, 1129378
1257, 114.1042953, 22.54730183, 3, 3.1303407247160626, 1.2680275481001928E7
270, 113.9234122, 22.52390294, 4, 4.173787632954751, 3837840
927, 113.899928, 22.80795461, 1, 1.0434469082386877, 546285
1159, 114.0658046, 22.54474181, 3, 3.1303407247160626, 3982284
400, 114.0718589, 22.62126535, 4, 5.217234541193438, 4718979
85, 114.0802179, 22.53332558, 3, 3.1303407247160626, 1243046.5772943753
1182, 114.0348327, 22.5262719, 4, 3.1303407247160626, 3065712
1904, 113.8658054, 22.58441702, 1, 1.0434469082386877, 1113365
813, 114.0024811, 22.53454229, 3, 3.1303407247160626, 4717008
1510, 114.0832859, 22.57238701, 3, 3.1303407247160626, 4383756
490, 114.2717263, 22.58856211, 3, 4.173787632954751, 5141920
1760, 113.8714992, 22.78752544, 3, 3.1303407247160626, 3077724.351146667
599, 113.8449586, 22.57688309, 1, 1.0434469082386877, 750420
1240, 114.0648785, 22.66256822, 5, 4.173787632954751, 3359328
1925, 113.9874438, 22.5398186, 3, 3.1303407247160626, 4297560
1516, 114.1049978, 22.56803444, 3, 3.1303407247160626, 1.3145201195419712E7
339, 114.0832859, 22.57238701, 3, 4.173787632954751, 14612520
842, 114.2818029, 22.58864071, 1, 1.0434469082386877, 908778
1980, 113.8686746, 22.79460203, 1, 1.0434469082386877, 746702
1208, 113.8336617, 22.63291191, 3, 4.173787632954751, 11206140
914, 114.0946258, 22.54159553, 4, 3.1303407247160626, 493344
1037, 113.8552673, 22.79763444, 4, 5.217234541193438, 8746650
1113, 114.2146748, 22.70297441, 3, 4.173787632954751, 7571381.583245078
1561, 114.0946258, 22.54159553, 3, 3.1303407247160626, 9578999.557104234
134, 114.0104162, 22.63111842, 6, 7.304128357670813, 8780544
1477, 114.0404776, 22.52785478, 4, 3.1303407247160626, 1740096
98, 113.936609, 22.69505631, 3, 2.0868938164773754, 600440
382, 114.1042953, 22.54730183, 3, 2.0868938164773754, 1048002
1952, 113.9218083, 22.51883796, 9, 9.391022174148189, 5303376
655, 114.1422694, 22.60791832, 3, 3.1303407247160626, 2461752
332, 114.102483, 22.54850495, 3, 3.1303407247160626, 2047437
1495, 114.1057548, 22.59821631, 3, 2.0868938164773754, 940550
866, 114.1298599, 22.57173101, 3, 3.1303407247160626, 3536784
1367, 113.9139943, 22.5237691, 6, 5.217234541193438, 2661760
1709, 113.968556, 22.69827316, 3, 2.0868938164773754, 951635
15, 114.1200256, 22.56292986, 2, 2.0868938164773754, 3073650
1646, 114.0046208, 22.59551516, 1, 1.0434469082386877, 656697
1455, 114.3480704, 22.68461142, 3, 3.1303407247160626, 9578999.557104234
1701, 113.9894251, 22.73620886, 3, 3.1303407247160626, 3429296
560, 113.8733725, 22.8019963, 2, 2.0868938164773754, 2254268
1346, 114.2203198, 22.55590944, 3, 3.1303407247160626, 4271760
1853, 114.1161173, 22.59930781, 5, 5.217234541193438, 2979920
1899, 113.8551722, 22.73321983, 2, 2.0868938164773754, 721335
419, 113.8980972, 22.55150493, 3, 3.1303407247160626, 4296096
455, 114.0321665, 22.71384223, 3, 3.1303407247160626, 4206123
603, 114.1042953, 22.54730183, 3, 3.1303407247160626, 9578999.557104234
660, 114.3324378, 22.69398811, 3, 3.1303407247160626, 5641600
1115, 113.968556, 22.69827316, 4, 3.1303407247160626, 1194876
1430, 114.2959773, 22.68899235, 4, 5.217234541193438, 15565056
499, 114.2867986, 22.66660255, 3, 3.1303407247160626, 5764410
264, 114.0493414, 22.5279925, 5, 4.173787632954751, 15573744
958, 113.936609, 22.69505631, 3, 3.1303407247160626, 1.8208119902049E7
1990, 114.1161173, 22.59930781, 7, 6.260681449432125, 4469880
1030, 113.9945339, 22.53990409, 3, 3.1303407247160626, 2060940
649, 113.8275729, 22.76687465, 3, 2.0868938164773754, 817700
1375, 113.9792634, 22.53515726, 3, 3.1303407247160626, 1.3145201195419712E7
246, 113.8059591, 22.72585783, 6, 7.304128357670813, 20293575
1425, 113.8851632, 22.72061152, 3, 3.1303407247160626, 6851053.4399999995
899, 114.2908189, 22.67684935, 4, 5.217234541193438, 1.0536733960849645E7
1512, 113.9478989, 22.57658566, 4, 5.217234541193438, 3582468
1550, 113.9743099, 22.68119216, 3, 3.1303407247160626, 4534542
1956, 113.9275533, 22.63746989, 3, 3.1303407247160626, 7281001
1868, 113.9256955, 22.68654991, 1, 1.0434469082386877, 979446
1191, 114.0914813, 22.54589324, 3, 3.1303407247160626, 2404248
812, 113.9003568, 22.56407266, 3, 3.1303407247160626, 5245254
1217, 114.0582017, 22.70814865, 3, 4.173787632954751, 6053040
2028, 114.0449931, 22.70374768, 2, 2.0868938164773754, 1412082
139, 114.0998616, 22.55693538, 3, 3.1303407247160626, 1537155
415, 114.0579046, 22.57556408, 2, 2.0868938164773754, 2469672
447, 114.2169694, 22.61605202, 3, 4.173787632954751, 8786250
683, 113.9256955, 22.68654991, 1, 1.0434469082386877, 979446
1334, 114.2835316, 22.72938315, 5, 4.173787632954751, 4182282
247, 114.0069626, 22.53846962, 4, 3.1303407247160626, 1969650
1266, 114.0321467, 22.60364925, 4, 5.217234541193438, 7370112
73, 114.0211554, 22.71756814, 6, 7.304128357670813, 10268496
1617, 114.1042953, 22.54730183, 3, 2.0868938164773754, 1134624
656, 113.8942223, 22.47161056, 2, 2.0868938164773754, 1133028
879, 114.1042953, 22.54730183, 3, 3.1303407247160626, 8947008.922759833
1851, 114.1217289, 22.54666103, 3, 3.1303407247160626, 2354220
1528, 114.0891792, 22.54178278, 5, 3.1303407247160626, 3923642.7858581543
1723, 114.1082115, 22.57611145, 6, 6.260681449432125, 5116020
180, 113.8380979, 22.76558553, 2, 2.0868938164773754, 3708288
1122, 113.9366485, 22.52943032, 8, 6.260681449432125, 4600224
732, 113.8286619, 22.71792127, 3, 3.1303407247160626, 6563599
810, 113.9588159, 22.69329109, 1, 1.0434469082386877, 591732
1497, 114.2781637, 22.66588492, 4, 5.217234541193438, 13272831
852, 113.8064836, 22.69279451, 3, 3.1303407247160626, 6026076
321, 113.968556, 22.69827316, 3, 2.0868938164773754, 748419
284, 113.8649922, 22.79720284, 5, 6.260681449432125, 6671600
471, 114.1042953, 22.54730183, 3, 3.1303407247160626, 9578999.557104234
253, 114.3480704, 22.68461142, 3, 3.1303407247160626, 9578999.557104234
1193, 114.064592, 22.5648517, 5, 3.1303407247160626, 4090596.0642345697
1974, 114.0280747, 22.56038858, 3, 2.0868938164773754, 1115264
454, 114.0503059, 22.5483735, 2, 2.0868938164773754, 3341214
359, 113.9275533, 22.63746989, 3, 3.1303407247160626, 7281001
1124, 114.1203258, 22.55337499, 6, 7.304128357670813, 3394848
1970, 114.0984549, 22.56231854, 3, 3.1303407247160626, 6246072
100, 113.964386, 22.54286861, 3, 3.1303407247160626, 5929718.050117938
1996, 114.2522828, 22.71452222, 2, 2.0868938164773754, 870096
494, 114.0718629, 22.54517922, 7, 5.217234541193438, 3782240
1350, 113.8775801, 22.79067888, 3, 3.1303407247160626, 7712328
1757, 114.1607952, 22.60197128, 2, 2.0868938164773754, 957174
424, 114.1274377, 22.60239706, 4, 3.1303407247160626, 2700792
1472, 114.0929666, 22.72529894, 1, 1.0434469082386877, 1261094
516, 114.1156996, 22.65994584, 1, 1.0434469082386877, 1315440
1237, 114.0431905, 22.55531317, 5, 3.1303407247160626, 3520764
1860, 114.3480704, 22.68461142, 3, 3.1303407247160626, 9578999.557104234
294, 113.9102712, 22.54288065, 5, 5.217234541193438, 6160320
1630, 113.968556, 22.69827316, 5, 3.1303407247160626, 497430
1525, 113.9085683, 22.5844688, 2, 2.0868938164773754, 557488
30, 113.9415958, 22.53640187, 3, 3.1303407247160626, 3486896
327, 114.2847691, 22.67326189, 4, 5.217234541193438, 9442800
1065, 113.9020529, 22.78104849, 1, 1.0434469082386877, 1495160
1553, 114.3833801, 22.69048805, 3, 3.1303407247160626, 7646962.949999999
1326, 114.0946258, 22.54159553, 3, 3.1303407247160626, 1420160
344, 113.8897551, 22.77264868, 6, 7.304128357670813, 9830835
39, 114.0151301, 22.5346779, 3, 3.1303407247160626, 3828234
1286, 113.9642825, 22.69510751, 3, 4.173787632954751, 8821728
757, 114.0959054, 22.56484784, 3, 3.1303407247160626, 7150248
1337, 114.1274377, 22.60239706, 4, 4.173787632954751, 5401584
991, 114.0395011, 22.60753726, 4, 5.217234541193438, 8186945
1134, 114.0513711, 22.61576577, 3, 3.1303407247160626, 2088448
252, 113.9304062, 22.68073678, 1, 1.0434469082386877, 1045072
1622, 113.8856787, 22.54932036, 3, 3.1303407247160626, 4999248
1220, 114.3667324, 22.73473908, 1, 1.0434469082386877, 880568
1819, 113.8661029, 22.75930169, 3, 3.1303407247160626, 5912256
1615, 113.8893661, 22.5612539, 7, 6.260681449432125, 3364305
1604, 114.3833801, 22.69048805, 3, 3.1303407247160626, 7646962.949999999
1794, 114.0083573, 22.75268468, 5, 6.260681449432125, 14770756
534, 113.9303011, 22.51106117, 2, 2.0868938164773754, 763715
251, 114.3064406, 22.77130579, 3, 3.1303407247160626, 1.2680275481001928E7
985, 114.1942113, 22.64106038, 6, 7.304128357670813, 19740240
182, 114.0313923, 22.74005973, 3, 2.0868938164773754, 664297
1270, 114.0097436, 22.54087223, 1, 1.0434469082386877, 1293006
1352, 113.936609, 22.69505631, 3, 3.1303407247160626, 5157150
1255, 113.9945339, 22.53990409, 3, 3.1303407247160626, 2060940
1071, 114.0891792, 22.54178278, 2, 2.0868938164773754, 2177343
1272, 114.1133922, 22.54692885, 4, 3.1303407247160626, 3159072
1017, 113.9045836, 22.80055712, 3, 3.1303407247160626, 6026643
1938, 113.9304062, 22.68073678, 3, 3.1303407247160626, 4180288
236, 113.8647422, 22.66483024, 2, 2.0868938164773754, 1159690
2018, 114.1042953, 22.54730183, 3, 3.1303407247160626, 8947008.922759833
1623, 113.8878711, 22.7567181, 1, 1.0434469082386877, 491985
1637, 114.1042953, 22.54730183, 3, 3.1303407247160626, 6885978.722448602
78, 113.9634208, 22.70353264, 3, 2.0868938164773754, 1018083
905, 114.1042953, 22.54730183, 3, 2.0868938164773754, 1023740
341, 113.9020529, 22.78104849, 2, 2.0868938164773754, 1495160
1146, 113.980651, 22.70610151, 3, 3.1303407247160626, 5915700
1735, 114.0595264, 22.66399326, 1, 1.0434469082386877, 995328
67, 113.8210521, 22.72300151, 3, 3.1303407247160626, 1876716
1607, 114.0189306, 22.72999684, 1, 1.0434469082386877, 1010922
1381, 113.8282047, 22.73376795, 3, 4.173787632954751, 6463368
52, 114.0404776, 22.52785478, 2, 2.0868938164773754, 1740096
897, 113.8868121, 22.72240779, 1, 1.0434469082386877, 1183616
1299, 113.9585573, 22.70959755, 5, 6.260681449432125, 6169640
1687, 114.3064406, 22.77130579, 3, 3.1303407247160626, 1.2680275481001928E7
146, 113.893394, 22.52991899, 4, 4.173787632954751, 5960500
89, 113.8851632, 22.72061152, 2, 2.0868938164773754, 2306752
1310, 113.8870304, 22.73681777, 3, 3.1303407247160626, 5253080
1076, 113.9699356, 22.53011123, 1, 1.0434469082386877, 693308
68, 114.3004647, 22.59594151, 2, 2.0868938164773754, 2293038
916, 114.2741171, 22.72922143, 1, 1.0434469082386877, 814968
1227, 114.3833801, 22.69048805, 3, 3.1303407247160626, 7646962.949999999
1239, 114.0408153, 22.52422319, 6, 7.304128357670813, 2664640
631, 114.3139215, 22.71418306, 1, 1.0434469082386877, 912054
1787, 114.3109108, 22.66914078, 5, 6.260681449432125, 15599844
1362, 114.0109673, 22.53116917, 6, 5.217234541193438, 4530708
337, 113.9683733, 22.70019117, 1, 1.0434469082386877, 1079761
196, 114.0020024, 22.54751793, 3, 4.173787632954751, 6110200
814, 114.0211554, 22.71756814, 3, 3.1303407247160626, 2567124
1894, 114.1042953, 22.54730183, 3, 3.1303407247160626, 1.9158836023799997E7
756, 114.1344921, 22.66603443, 1, 1.0434469082386877, 1343718
1256, 113.964386, 22.54286861, 3, 3.1303407247160626, 5929718.050117938
325, 114.2834069, 22.66229613, 3, 2.0868938164773754, 940296
38, 114.3712383, 22.74697943, 3, 3.1303407247160626, 7508851
1589, 113.8130972, 22.6713506, 4, 5.217234541193438, 3983385
434, 114.0216399, 22.55492223, 8, 7.304128357670813, 3001776
580, 113.9625456, 22.5629959, 2, 2.0868938164773754, 1151776
555, 113.9015615, 22.71955435, 3, 3.1303407247160626, 8547084
44, 114.0579046, 22.57556408, 3, 3.1303407247160626, 5556762
1215, 113.8950865, 22.71774923, 3, 3.1303407247160626, 1580949
1111, 113.9070047, 22.73201308, 1, 1.0434469082386877, 1222504
1396, 114.0718589, 22.62126535, 4, 3.1303407247160626, 3670317
2039, 114.0676919, 22.67689567, 1, 0, 5580752.414925075
66, 114.261562, 22.58687942, 5, 6.260681449432125, 19316850
1941, 114.3480704, 22.68461142, 3, 3.1303407247160626, 9578999.557104234
1254, 114.1717413, 22.56394335, 2, 2.0868938164773754, 4667248
54, 114.3833801, 22.69048805, 3, 3.1303407247160626, 7646962.949999999
109, 113.9152116, 22.75330155, 5, 6.260681449432125, 4411968
2021, 114.1027281, 22.7198865, 2, 2.0868938164773754, 2144076
1068, 114.0891792, 22.54178278, 3, 3.1303407247160626, 3923642.7858581543
162, 113.9275589, 22.50061021, 3, 4.173787632954751, 1650186
1613, 114.0430529, 22.56731939, 3, 3.1303407247160626, 4779504
1025, 114.1080045, 22.61812467, 4, 3.1303407247160626, 9004240
1419, 114.0280747, 22.56038858, 3, 3.1303407247160626, 2.3272462738799997E7
156, 113.8897551, 22.77264868, 3, 3.1303407247160626, 5898501
273, 114.115931, 22.58323568, 6, 4.173787632954751, 3252585
1552, 114.2781637, 22.66588492, 3, 3.1303407247160626, 6125922
1595, 114.0946258, 22.54159553, 3, 3.1303407247160626, 7646962.949999999
1184, 113.8678644, 22.80466662, 1, 1.0434469082386877, 1327280
896, 114.4003552, 22.6188088, 1, 1.0434469082386877, 857090
421, 114.1266964, 22.55171362, 3, 3.1303407247160626, 3287000
1529, 114.0923787, 22.56380177, 3, 3.1303407247160626, 5128696
188, 114.0268061, 22.53253681, 3, 3.1303407247160626, 6559350
1169, 113.9805994, 22.70188376, 3, 3.1303407247160626, 5020712
53, 113.9976651, 22.67571164, 47, 38.60753560483144, 18855200
760, 114.2118053, 22.6108732, 1, 1.0434469082386877, 671726
1295, 114.1042953, 22.54730183, 3, 3.1303407247160626, 9578999.557104234
663, 114.1233485, 22.56924998, 2, 2.0868938164773754, 3318519
1744, 113.98464, 22.59929414, 3, 3.1303407247160626, 4286763
1144, 113.8824366, 22.76793183, 1, 1.0434469082386877, 1178388
390, 114.3039921, 22.68977252, 45, 37.564088696592755, 16407000
416, 113.9952024, 22.67630999, 5, 6.260681449432125, 9703296
1154, 113.9784448, 22.5901607, 3, 3.1303407247160626, 4975620
1031, 113.9894251, 22.73620886, 1, 1.0434469082386877, 857324
1242, 113.9317005, 22.61088634, 1, 1.0434469082386877, 1435400
1216, 113.8931278, 22.78134163, 10, 9.391022174148189, 2449708
1789, 113.9152116, 22.75330155, 3, 3.1303407247160626, 6885978.722448602
1880, 114.0151301, 22.5346779, 3, 3.1303407247160626, 2552156
276, 114.3077843, 22.77649766, 6, 7.304128357670813, 11938416
1721, 113.7985327, 22.72284588, 1, 1.0434469082386877, 1314686
1543, 113.9176323, 22.4970986, 3, 3.1303407247160626, 4656896
1523, 113.9834399, 22.74001975, 3, 3.1303407247160626, 6327288
420, 114.2125284, 22.72475814, 2, 2.0868938164773754, 943370
436, 113.9338704, 22.49890379, 3, 4.173787632954751, 5161880
1112, 113.981679, 22.72850334, 3, 4.173787632954751, 8226180
151, 114.0431905, 22.55531317, 3, 3.1303407247160626, 8215116
729, 114.3833801, 22.69048805, 3, 3.1303407247160626, 3432980
14, 113.8188409, 22.66555661, 5, 6.260681449432125, 11575550
1599, 114.0209937, 22.53307745, 2, 2.0868938164773754, 688116
735, 114.0139728, 22.75095175, 48, 38.60753560483144, 17141800
1183, 114.0518927, 22.5357264, 3, 3.1303407247160626, 2456850
36, 113.7976492, 22.698087, 3, 3.1303407247160626, 3823080
1233, 114.1042953, 22.54730183, 3, 3.1303407247160626, 1.3145201195419712E7
1338, 113.933633, 22.52550055, 3, 3.1303407247160626, 4646040
79, 113.8073582, 22.73253642, 3, 3.1303407247160626, 5423056
700, 114.0449931, 22.70374768, 4, 5.217234541193438, 8472492
218, 113.8341494, 22.62683087, 6, 5.217234541193438, 11998440
1057, 114.0420236, 22.55062703, 4, 5.217234541193438, 1736802
1058, 114.1233485, 22.56924998, 3, 3.1303407247160626, 7743211
1734, 113.936609, 22.69505631, 3, 3.1303407247160626, 1.8208119902049E7
901, 114.064592, 22.5648517, 3, 3.1303407247160626, 2849340
870, 114.2642798, 22.72773757, 4, 5.217234541193438, 4476870
1898, 113.8341494, 22.62683087, 3, 3.1303407247160626, 5332640
882, 114.0959054, 22.56484784, 3, 3.1303407247160626, 7150248
138, 114.2169694, 22.61605202, 3, 3.1303407247160626, 7907625
902, 114.261562, 22.58687942, 2, 2.0868938164773754, 5151160
1435, 114.0537597, 22.57958843, 3, 3.1303407247160626, 8755776
1718, 113.9258007, 22.69787298, 1, 1.0434469082386877, 527901
892, 114.1020648, 22.59017166, 10, 7.304128357670813, 4228605
546, 114.0537597, 22.57958843, 3, 3.1303407247160626, 3891456
166, 114.2365132, 22.59596208, 1, 1.0434469082386877, 1049792
1108, 113.8895757, 22.80671205, 1, 1.0434469082386877, 679910
113, 114.1218527, 22.67637751, 1, 1.0434469082386877, 813975
1536, 114.2650762, 22.59260631, 3, 3.1303407247160626, 5338257.21
2003, 113.9421106, 22.57569068, 2, 2.0868938164773754, 1565453.237836875
178, 113.9187309, 22.57620516, 6, 7.304128357670813, 19213920
491, 113.968556, 22.69827316, 3, 3.1303407247160626, 6885978.722448602
1325, 114.2786885, 22.72662505, 3, 3.1303407247160626, 1736904
1539, 113.918592, 22.51236448, 3, 4.173787632954751, 6159948
825, 114.2353466, 22.58626292, 1, 1.0434469082386877, 969432
554, 114.1422694, 22.60791832, 8, 9.391022174148189, 1.6796247718101926E7
452, 113.8046056, 22.77301208, 2, 2.0868938164773754, 1233974
613, 113.8102429, 22.73070417, 6, 7.304128357670813, 10751975
1353, 114.239145, 22.60466459, 4, 5.217234541193438, 12615000
1158, 114.1442097, 22.55434867, 3, 3.1303407247160626, 1916514
118, 114.0574806, 22.53699791, 3, 3.1303407247160626, 3187584
817, 114.1422694, 22.60791832, 4, 3.1303407247160626, 1181635
1907, 114.2237726, 22.65744553, 3, 3.1303407247160626, 1.4519315561048644E7
1330, 113.9671992, 22.57073075, 2, 2.0868938164773754, 1291248
1584, 114.3480704, 22.68461142, 4, 5.217234541193438, 1.5964999261840392E7
1850, 114.0408153, 22.52422319, 4, 3.1303407247160626, 1998480
1862, 113.8440245, 22.77613656, 1, 1.0434469082386877, 1151185
1534, 114.1102504, 22.62251446, 7, 6.260681449432125, 17979390
748, 114.3429519, 22.69030182, 3, 3.1303407247160626, 6845790
858, 113.936609, 22.69505631, 3, 3.1303407247160626, 2.6376325747199997E7
393, 114.0280747, 22.56038858, 3, 4.173787632954751, 1.1929345230346443E7
820, 114.1033167, 22.69059239, 2, 2.0868938164773754, 1309840
1763, 114.0946258, 22.54159553, 6, 6.260681449432125, 4549380
1549, 114.3833801, 22.69048805, 3, 3.1303407247160626, 7646962.949999999
1020, 114.0280747, 22.56038858, 1, 1.0434469082386877, 930925
1093, 113.8319797, 22.6725188, 1, 1.0434469082386877, 1112397
1640, 114.3683956, 22.75704442, 1, 1.0434469082386877, 661920
6, 114.0946258, 22.54159553, 3, 3.1303407247160626, 2.0233384799443197E7
577, 114.3480704, 22.68461142, 4, 5.217234541193438, 1.5964999261840392E7
1684, 113.8553703, 22.78458004, 3, 3.1303407247160626, 2873640
1485, 114.2146748, 22.70297441, 3, 3.1303407247160626, 4542828.949947046
375, 114.3808979, 22.71648088, 2, 2.0868938164773754, 457005
319, 114.3616178, 22.68870689, 1, 1.0434469082386877, 829088
893, 114.2169694, 22.61605202, 4, 5.217234541193438, 8786250
147, 114.1185974, 22.69455967, 3, 3.1303407247160626, 2991472
1800, 114.2563818, 22.58771104, 3, 3.1303407247160626, 8366085
913, 114.1042953, 22.54730183, 3, 2.0868938164773754, 1265862
1291, 114.0923787, 22.56380177, 5, 6.260681449432125, 15386088
888, 113.9945339, 22.53990409, 4, 5.217234541193438, 7651239.75
928, 113.8756346, 22.78206316, 3, 3.1303407247160626, 2523360
248, 114.0158759, 22.61801678, 5, 5.217234541193438, 11283204
1531, 113.8761848, 22.79295095, 3, 3.1303407247160626, 3722355
2010, 114.0833317, 22.69787035, 2, 2.0868938164773754, 1053728
796, 113.9683733, 22.70019117, 3, 3.1303407247160626, 9717849
278, 114.0790509, 22.54727143, 5, 4.173787632954751, 4457316
1315, 114.1074937, 22.54258289, 3, 3.1303407247160626, 3717426
956, 113.9976651, 22.67571164, 5, 6.260681449432125, 6464640
1846, 114.1674935, 22.56881687, 6, 4.173787632954751, 8841105
1638, 114.1151488, 22.55020013, 6, 4.173787632954751, 3940920
124, 113.9444144, 22.68440914, 2, 2.0868938164773754, 3110272
867, 113.964386, 22.54286861, 3, 3.1303407247160626, 5929718.050117938
659, 114.0621397, 22.54992919, 6, 4.173787632954751, 2711160
1872, 113.9381521, 22.7278868, 2, 2.0868938164773754, 1061276
489, 113.9478989, 22.57658566, 5, 4.173787632954751, 7164936
564, 114.0648785, 22.66256822, 3, 3.1303407247160626, 7482903.12
984, 114.0420236, 22.55062703, 7, 5.217234541193438, 2315736
106, 113.9360145, 22.79239129, 1, 1.0434469082386877, 1112000
340, 113.8714992, 22.78752544, 3, 3.1303407247160626, 4457754
1110, 114.1042953, 22.54730183, 3, 2.0868938164773754, 1202172
197, 114.2246614, 22.68177281, 3, 3.1303407247160626, 7614648
1200, 113.8108448, 22.66372012, 3, 4.173787632954751, 9145791
949, 113.980651, 22.70610151, 2, 2.0868938164773754, 3380400
693, 114.0320786, 22.56121934, 3, 3.1303407247160626, 6447474
1576, 114.0020024, 22.54751793, 1, 1.0434469082386877, 611020
267, 114.1909831, 22.64747785, 4, 3.1303407247160626, 7086528
788, 113.9923093, 22.58984621, 3, 2.0868938164773754, 1368630
1574, 114.1091996, 22.58050961, 3, 2.0868938164773754, 1142939
566, 113.8544979, 22.79091959, 1, 1.0434469082386877, 1288884
1084, 113.7961225, 22.72937009, 3, 4.173787632954751, 5924700
1213, 114.1132982, 22.57428937, 3, 3.1303407247160626, 2089680
1050, 114.0280747, 22.56038858, 3, 3.1303407247160626, 726335.5645702876
1732, 113.8460198, 22.63041229, 7, 6.260681449432125, 4152852
1209, 114.1308154, 22.58008543, 9, 7.304128357670813, 3486870
1417, 114.3102897, 22.60643551, 1, 1.0434469082386877, 673500
715, 114.3559461, 22.72906025, 3, 3.1303407247160626, 2752422.436279687
1340, 113.9316691, 22.49103627, 7, 6.260681449432125, 2999997
877, 113.8744093, 22.58226338, 3, 3.1303407247160626, 4752576
1854, 114.1020648, 22.59017166, 6, 5.217234541193438, 1879380
117, 114.1274377, 22.60239706, 3, 3.1303407247160626, 9002640
561, 114.1876572, 22.64171731, 2, 2.0868938164773754, 998250
116, 113.9138098, 22.56441558, 6, 4.173787632954751, 4334148
108, 114.1042953, 22.54730183, 3, 3.1303407247160626, 6885978.722448602
713, 114.1308154, 22.58008543, 5, 4.173787632954751, 1743435
1063, 113.9754926, 22.68904289, 1, 1.0434469082386877, 941160
1989, 114.1042953, 22.54730183, 3, 3.1303407247160626, 3288780
633, 114.2835316, 22.72938315, 7, 7.304128357670813, 13940940
1446, 113.9874438, 22.5398186, 3, 3.1303407247160626, 4297560
885, 113.7918396, 22.71366071, 3, 3.1303407247160626, 576066.3637710569
783, 113.8916427, 22.76205659, 6, 4.173787632954751, 5187380
86, 114.3122933, 22.69246974, 3, 3.1303407247160626, 6697344
358, 113.8629806, 22.63225643, 3, 3.1303407247160626, 924600
1596, 113.9365428, 22.76215335, 3, 3.1303407247160626, 7152840
1513, 114.2981812, 22.60276444, 3, 2.0868938164773754, 659988
1478, 114.1200256, 22.56292986, 2, 2.0868938164773754, 3073650
249, 114.1121549, 22.56746314, 3, 3.1303407247160626, 6807744
941, 114.3732663, 22.72921063, 1, 1.0434469082386877, 812725
288, 114.0280747, 22.56038858, 3, 2.0868938164773754, 1202172
1033, 114.2786885, 22.72662505, 4, 4.173787632954751, 6947616
1235, 113.9754926, 22.68904289, 5, 6.260681449432125, 11293920
2033, 114.1442097, 22.55434867, 2, 2.0868938164773754, 988641.3331012499
1448, 113.9167987, 22.5568068, 3, 3.1303407247160626, 2646756
1720, 113.936609, 22.69505631, 3, 2.0868938164773754, 983070
972, 114.2914818, 22.58892502, 1, 1.0434469082386877, 1226448
510, 114.2567754, 22.59454, 3, 3.1303407247160626, 3032960
1714, 114.4721157, 22.59205114, 1, 1.0434469082386877, 649341
629, 114.2567754, 22.59454, 3, 3.1303407247160626, 9007891.2
10, 113.918592, 22.51236448, 1, 1.0434469082386877, 1026658
1261, 114.2360842, 22.55783509, 3, 3.1303407247160626, 8947008.922759833
1837, 113.936609, 22.69505631, 3, 2.0868938164773754, 1281865
1371, 113.9705889, 22.54983022, 1, 1.0434469082386877, 1222122
1875, 114.0916162, 22.549222, 3, 3.1303407247160626, 3250100
1253, 114.2860963, 22.71315916, 4, 5.217234541193438, 15264470
204, 114.0260963, 22.61527902, 8, 8.347575265909501, 2972000
136, 114.064592, 22.5648517, 6, 7.304128357670813, 12347140
745, 114.1042953, 22.54730183, 3, 2.0868938164773754, 1270308
750, 114.0790509, 22.54727143, 3, 3.1303407247160626, 10028961
1658, 114.1074937, 22.54258289, 3, 3.1303407247160626, 7434852
2029, 113.957071, 22.58832707, 1, 1.0434469082386877, 498995.0771940625
12, 114.0395011, 22.60753726, 3, 3.1303407247160626, 4408355
975, 113.9399642, 22.72081946, 3, 3.1303407247160626, 7121961
17, 114.0024811, 22.53454229, 3, 3.1303407247160626, 10613268
978, 114.0020981, 22.67241295, 3, 2.0868938164773754, 835692
1126, 114.02826, 22.65797554, 6, 7.304128357670813, 4464124
2007, 114.087863, 22.62720595, 3, 3.1303407247160626, 2046198.6916200006
1566, 113.9152116, 22.75330155, 3, 3.1303407247160626, 6885978.722448602
2015, 113.9657104, 22.6806402, 1, 1.0434469082386877, 848555.2583953125
800, 114.3833801, 22.69048805, 3, 3.1303407247160626, 7646962.949999999
1133, 113.7851465, 22.68897935, 1, 1.0434469082386877, 1086645
1811, 113.8603881, 22.78971246, 2, 2.0868938164773754, 698717
525, 114.2360842, 22.55783509, 3, 3.1303407247160626, 8947008.922759833
1778, 113.8188409, 22.66555661, 5, 6.260681449432125, 13890660
706, 114.0280747, 22.56038858, 3, 3.1303407247160626, 1.3145201195419712E7
1018, 114.0545956, 22.61293956, 6, 6.260681449432125, 9137520
672, 113.9144593, 22.58669471, 3, 3.1303407247160626, 2997576
918, 113.8564083, 22.58683717, 6, 7.304128357670813, 13755886
1118, 114.0938239, 22.71533772, 2, 2.0868938164773754, 1883340
482, 114.3833801, 22.69048805, 3, 3.1303407247160626, 7646962.949999999
967, 114.3236032, 22.67782678, 1, 1.0434469082386877, 1365188
1716, 114.1042953, 22.54730183, 3, 3.1303407247160626, 5929718.050117938
517, 113.9187309, 22.57620516, 3, 3.1303407247160626, 2.6376325747199997E7
784, 114.0426671, 22.54364914, 3, 4.173787632954751, 2724660
1137, 114.3077843, 22.77649766, 3, 3.1303407247160626, 6964076
1489, 113.7982229, 22.69370504, 3, 3.1303407247160626, 5808186
449, 114.0280747, 22.56038858, 3, 3.1303407247160626, 6885978.722448602
731, 113.9211685, 22.48956803, 5, 5.217234541193438, 5961600
368, 114.3217029, 22.66619204, 3, 3.1303407247160626, 2703976
571, 113.7974567, 22.71388256, 1, 1.0434469082386877, 605760
1504, 114.0573383, 22.6047373, 5, 5.217234541193438, 1524960
1802, 113.9894251, 22.73620886, 3, 3.1303407247160626, 2571972
1932, 113.9426483, 22.55304371, 1, 1.0434469082386877, 1079808
1001, 114.2282188, 22.54732311, 1, 1.0434469082386877, 1101464
1481, 114.0923787, 22.56380177, 3, 3.1303407247160626, 7693044
141, 114.0492451, 22.56662297, 6, 7.304128357670813, 9462795
1036, 113.89667, 22.77535293, 3, 4.173787632954751, 7851564
954, 114.3538281, 22.68777839, 1, 1.0434469082386877, 677160
20, 113.8992632, 22.73667783, 2, 2.0868938164773754, 4222881
1933, 114.3072888, 22.67023618, 5, 6.260681449432125, 14223924
1117, 113.8839273, 22.58412415, 6, 4.173787632954751, 2823750
1473, 114.3731557, 22.73982065, 1, 1.0434469082386877, 1421922
1864, 114.0994988, 22.70120735, 3, 3.1303407247160626, 3726200
1585, 113.7976492, 22.698087, 3, 3.1303407247160626, 2548720
1043, 114.0946258, 22.54159553, 3, 2.0868938164773754, 773025
1028, 114.2431327, 22.56455993, 3, 3.1303407247160626, 5033665
1934, 114.3833801, 22.69048805, 3, 3.1303407247160626, 7646962.949999999
384, 113.9233533, 22.58496019, 6, 7.304128357670813, 10145226
289, 113.7982229, 22.69370504, 3, 3.1303407247160626, 3872124
283, 114.2956573, 22.6953443, 5, 6.260681449432125, 12660550
1395, 114.2847691, 22.67326189, 5, 6.260681449432125, 9442800
1131, 113.968556, 22.69827316, 3, 3.1303407247160626, 1.3145201195419712E7
1659, 114.102483, 22.54850495, 2, 2.0868938164773754, 2047437
3, 114.3040495, 22.77582958, 3, 3.1303407247160626, 5727260
225, 114.3489082, 22.76434466, 1, 1.0434469082386877, 1056030
1441, 114.0946258, 22.54159553, 3, 3.1303407247160626, 6885978.722448602
1089, 114.0404776, 22.52785478, 5, 6.260681449432125, 1740096
1280, 114.2650762, 22.59260631, 3, 3.1303407247160626, 2396524
601, 113.8563369, 22.74696049, 1, 1.0434469082386877, 1192695
234, 114.0923787, 22.56380177, 3, 3.1303407247160626, 7693044
1799, 114.1049978, 22.56803444, 4, 3.1303407247160626, 5179044
1768, 113.964386, 22.54286861, 3, 3.1303407247160626, 5929718.050117938
187, 113.9032438, 22.72744574, 3, 3.1303407247160626, 14857600
973, 114.2237726, 22.65744553, 3, 4.173787632954751, 1.9359087414731525E7
300, 114.1042953, 22.54730183, 3, 3.1303407247160626, 3.04335869112E7
1314, 113.8716275, 22.75540599, 4, 5.217234541193438, 10058580
1231, 114.0280747, 22.56038858, 3, 3.1303407247160626, 2.0233384799443197E7
1049, 114.0946258, 22.54159553, 4, 3.1303407247160626, 1241424
903, 114.1416898, 22.68866649, 1, 1.0434469082386877, 815675
531, 114.1261595, 22.70308613, 3, 3.1303407247160626, 3757800
365, 114.0420236, 22.55062703, 3, 3.1303407247160626, 4052538
1316, 113.9152116, 22.75330155, 5, 3.1303407247160626, 6885978.722448602
849, 114.1092381, 22.55806886, 3, 3.1303407247160626, 5263580
1993, 114.1100798, 22.59688819, 8, 7.304128357670813, 3110272
651, 114.0981703, 22.53641136, 3, 3.1303407247160626, 3467856
87, 113.859515, 22.73057783, 5, 6.260681449432125, 17740800
233, 114.2741171, 22.72922143, 6, 5.217234541193438, 5704776
1505, 113.8661029, 22.75930169, 3, 3.1303407247160626, 5067648
1366, 114.2237726, 22.65744553, 6, 4.173787632954751, 2058180
640, 114.1029601, 22.55553361, 3, 3.1303407247160626, 5344675
1431, 113.8830576, 22.78228449, 3, 3.1303407247160626, 4184544
1439, 114.1083255, 22.54846201, 3, 3.1303407247160626, 3920184
219, 114.5769004, 22.49474317, 1, 1.0434469082386877, 1153541
2031, 114.2850418, 22.6886509, 1, 1.0434469082386877, 370840.5385989142
773, 113.9397757, 22.76440181, 7, 6.260681449432125, 1701264
2041, 113.8746304, 22.57015688, 1, 0, 5580752.414925076
645, 114.1298599, 22.57173101, 4, 5.217234541193438, 8252496
121, 114.1351285, 22.5743363, 2, 2.0868938164773754, 780442
207, 113.9399642, 22.72081946, 6, 7.304128357670813, 15261345
1841, 114.0916162, 22.549222, 3, 4.173787632954751, 3250100
1568, 113.8678644, 22.80466662, 3, 3.1303407247160626, 3981840
630, 113.8931278, 22.78134163, 8, 7.304128357670813, 3674562
960, 114.3712383, 22.74697943, 3, 3.1303407247160626, 6436158
1530, 113.8461335, 22.76472884, 4, 5.217234541193438, 4543320
2006, 114.5322302, 22.4881498, 2, 2.0868938164773754, 2946320
976, 114.1221481, 22.6011108, 4, 3.1303407247160626, 9363627
1506, 114.1233485, 22.56924998, 6, 4.173787632954751, 4424692
1219, 113.964386, 22.54286861, 3, 3.1303407247160626, 5929718.050117938
27, 113.866769, 22.77734068, 3, 3.1303407247160626, 5931912
538, 114.3732926, 22.69322023, 1, 1.0434469082386877, 783384
1355, 114.0490229, 22.63510087, 3, 3.1303407247160626, 8501598
1700, 113.8978583, 22.79887797, 3, 3.1303407247160626, 8761193
1458, 113.8282047, 22.73376795, 3, 3.1303407247160626, 5027064
799, 114.5420542, 22.48906859, 1, 1.0434469082386877, 696739
1702, 113.9478989, 22.57658566, 3, 3.1303407247160626, 8359092
1538, 114.0959054, 22.56484784, 2, 2.0868938164773754, 3575124
855, 113.936609, 22.69505631, 3, 3.1303407247160626, 5157150
105, 113.9522202, 22.74086001, 7, 6.260681449432125, 4784112
1511, 114.1468689, 22.61050373, 2, 2.0868938164773754, 1037940
1205, 114.023298, 22.52682045, 1, 1.0434469082386877, 1027514
1616, 114.0466717, 22.64186821, 3, 2.0868938164773754, 2463552
1642, 113.9834399, 22.74001975, 3, 3.1303407247160626, 4921224
695, 114.1334528, 22.60298027, 2, 2.0868938164773754, 536535
686, 113.884839, 22.81101354, 1, 1.0434469082386877, 769536
114, 113.9834399, 22.74001975, 3, 3.1303407247160626, 4218192
1697, 113.968556, 22.69827316, 3, 3.1303407247160626, 7646962.949999999
1379, 113.9439491, 22.77869306, 4, 4.173787632954751, 3275640
1015, 114.3833801, 22.69048805, 4, 5.217234541193438, 1.274493825E7
19, 114.0083573, 22.75268468, 48, 39.650982513070126, 24996664
1565, 113.9211685, 22.48956803, 3, 3.1303407247160626, 5961600
1736, 114.0097436, 22.54087223, 3, 3.1303407247160626, 3879018
1405, 113.9945339, 22.53990409, 3, 3.1303407247160626, 1545705
1011, 113.863564, 22.77118378, 3, 3.1303407247160626, 5590260
220, 114.0534658, 22.64360118, 1, 1.0434469082386877, 1264640
1387, 113.7831902, 22.7246244, 1, 1.0434469082386877, 944460
924, 113.8553703, 22.78458004, 7, 6.260681449432125, 2873640
1625, 114.1092381, 22.55806886, 6, 4.173787632954751, 3947685
1562, 114.0493414, 22.5279925, 6, 4.173787632954751, 7786872
1035, 113.957259, 22.58270328, 1, 1.0434469082386877, 1213902
1060, 114.0946258, 22.54159553, 3, 3.1303407247160626, 1.9158836023799997E7
1922, 114.3660499, 22.76604231, 1, 1.0434469082386877, 750435
140, 114.0790509, 22.54727143, 3, 4.173787632954751, 10028961
42, 113.977303, 22.72436538, 4, 5.217234541193438, 10497200
1368, 113.9811375, 22.55455443, 3, 3.1303407247160626, 4997952
880, 114.0946258, 22.54159553, 3, 2.0868938164773754, 1247800
1662, 114.2792508, 22.66839408, 3, 4.173787632954751, 10167660
646, 113.896119, 22.72186615, 3, 3.1303407247160626, 4519320
16, 113.9032064, 22.55898151, 4, 5.217234541193438, 5668075
1298, 114.0305432, 22.56786856, 1, 1.0434469082386877, 788831
1090, 114.0505903, 22.50486884, 1, 1.0434469082386877, 675048
1014, 114.1308154, 22.58008543, 3, 3.1303407247160626, 3486870
1762, 114.0610122, 22.63303021, 47, 38.60753560483144, 22049370
1302, 114.3064406, 22.77130579, 3, 3.1303407247160626, 5692604.031875164
1955, 113.896119, 22.72186615, 3, 3.1303407247160626, 4519320
1722, 113.8649922, 22.79720284, 3, 3.1303407247160626, 3592400
1661, 113.9784448, 22.5901607, 3, 3.1303407247160626, 5804890
1967, 114.4865819, 22.52547572, 1, 1.0434469082386877, 966450
1881, 114.1308154, 22.58008543, 6, 5.217234541193438, 3486870
1210, 113.8833188, 22.57999628, 8, 9.391022174148189, 2483775
465, 113.9057843, 22.67033037, 1, 1.0434469082386877, 797800
596, 113.9173949, 22.69358232, 1, 1.0434469082386877, 680181
802, 113.8661029, 22.75930169, 3, 3.1303407247160626, 3378432
1780, 114.4795544, 22.58711497, 1, 1.0434469082386877, 514320
1809, 114.0946258, 22.54159553, 3, 3.1303407247160626, 808776.7279603125
1593, 114.3031337, 22.6052126, 1, 1.0434469082386877, 1051872
1498, 114.0790509, 22.54727143, 3, 3.1303407247160626, 10028961
209, 114.132336, 22.54514773, 5, 5.217234541193438, 3328344
666, 113.8188409, 22.66555661, 3, 3.1303407247160626, 6945330
1005, 114.3139215, 22.71418306, 1, 1.0434469082386877, 912054
1351, 114.0610319, 22.71362, 7, 5.217234541193438, 7914996
1022, 114.0321665, 22.71384223, 2, 2.0868938164773754, 1402041
1423, 114.3294027, 22.68940797, 3, 3.1303407247160626, 2963136
891, 114.0493414, 22.5279925, 3, 3.1303407247160626, 7786872
1517, 113.8553703, 22.78458004, 3, 3.1303407247160626, 2873640
254, 113.936609, 22.69505631, 3, 2.0868938164773754, 521504
1524, 113.9853128, 22.56103544, 3, 3.1303407247160626, 4051944
1132, 113.9883071, 22.5473325, 6, 4.173787632954751, 7189742
1753, 114.1272273, 22.69348192, 4, 5.217234541193438, 9902640
1577, 114.0916162, 22.549222, 3, 3.1303407247160626, 2437575
485, 113.9152116, 22.75330155, 3, 3.1303407247160626, 6885978.722448602
1870, 113.9355346, 22.68900164, 3, 3.1303407247160626, 3133620
1487, 113.9792634, 22.53515726, 3, 3.1303407247160626, 6334080
1475, 114.3403352, 22.679758, 3, 3.1303407247160626, 6526368
1838, 114.4259074, 22.60700273, 1, 1.0434469082386877, 689955
1679, 114.1029601, 22.55553361, 3, 3.1303407247160626, 2290575
844, 113.8962024, 22.57405691, 3, 3.1303407247160626, 3845632
388, 114.1020648, 22.59017166, 6, 5.217234541193438, 1409535
829, 114.3833801, 22.69048805, 3, 3.1303407247160626, 7646962.949999999
1053, 114.0280747, 22.56038858, 3, 3.1303407247160626, 9578999.557104234
809, 113.9771094, 22.55295138, 5, 6.260681449432125, 5546420
408, 114.1232007, 22.57802189, 4, 3.1303407247160626, 6857634
480, 114.2939222, 22.66603796, 1, 1.0434469082386877, 1171434
1666, 114.3291541, 22.76598871, 1, 1.0434469082386877, 796704
778, 114.0321467, 22.60364925, 2, 2.0868938164773754, 614176
1336, 114.0490229, 22.63510087, 3, 3.1303407247160626, 9083449.966079999
310, 113.9157343, 22.5349482, 5, 3.1303407247160626, 2182848
501, 114.1248793, 22.542384, 4, 3.1303407247160626, 4742088
965, 114.0946258, 22.54159553, 4, 3.1303407247160626, 1151185
387, 114.0079791, 22.60133834, 7, 7.304128357670813, 5276340
1150, 113.98464, 22.59929414, 2, 1.0434469082386877, 1428921
237, 114.3678612, 22.73955335, 3, 4.173787632954751, 4818384
1468, 113.968556, 22.69827316, 3, 4.173787632954751, 1.7240406173395485E7
1801, 114.1132982, 22.57428937, 3, 3.1303407247160626, 3673172.3913537096
438, 114.1161173, 22.59930781, 4, 5.217234541193438, 7449800
1991, 114.0024811, 22.53454229, 6, 5.217234541193438, 4717008
594, 114.3562205, 22.71680927, 7, 5.217234541193438, 5928216
2005, 114.0383256, 22.73710796, 1, 1.0434469082386877, 987876
2022, 114.2650762, 22.59260631, 3, 3.1303407247160626, 5338257.21
1678, 113.8275729, 22.76687465, 1, 1.0434469082386877, 817700
1810, 113.8888349, 22.49267264, 1, 1.0434469082386877, 1237896
172, 113.9421106, 22.57569068, 2, 2.0868938164773754, 3034683
835, 114.0582017, 22.70814865, 3, 4.173787632954751, 5044200
261, 114.3833801, 22.69048805, 3, 3.1303407247160626, 5149470
1189, 114.1133922, 22.54692885, 6, 4.173787632954751, 3159072
751, 114.1133922, 22.54692885, 3, 4.173787632954751, 7107912
123, 114.0946258, 22.54159553, 3, 3.1303407247160626, 2.0233384799443197E7
461, 114.130318, 22.63037947, 3, 3.1303407247160626, 1680011.50563375
1826, 114.0490229, 22.63510087, 4, 3.1303407247160626, 8501598
281, 113.8504062, 22.60458662, 4, 5.217234541193438, 3626385
1466, 113.8686746, 22.79460203, 3, 3.1303407247160626, 5226914
1559, 114.1272273, 22.69348192, 2, 2.0868938164773754, 3961056
1274, 114.0552492, 22.71411879, 2, 1.0434469082386877, 1207520
230, 114.4699089, 22.60037592, 1, 1.0434469082386877, 896142
1244, 114.1909831, 22.64747785, 3, 3.1303407247160626, 3543264
346, 113.9894251, 22.73620886, 3, 3.1303407247160626, 5143944
1883, 114.4813031, 22.57814012, 1, 1.0434469082386877, 876798
60, 113.8267721, 22.69907369, 2, 2.0868938164773754, 587877
1873, 114.0574806, 22.53699791, 5, 6.260681449432125, 3187584
1639, 114.1209736, 22.57481572, 5, 4.173787632954751, 2994660
699, 113.8918665, 22.54628175, 2, 2.0868938164773754, 512415
933, 113.936609, 22.69505631, 3, 2.0868938164773754, 637108
673, 114.1942113, 22.64106038, 3, 3.1303407247160626, 3948048
1746, 114.0280747, 22.56038858, 5, 3.1303407247160626, 626418
863, 113.8605175, 22.80416164, 1, 1.0434469082386877, 871815
1758, 114.3624828, 22.75343579, 3, 3.1303407247160626, 5002352
724, 114.2146748, 22.70297441, 3, 3.1303407247160626, 6057105.266596062
1493, 113.9234122, 22.52390294, 5, 6.260681449432125, 5756760
1813, 113.9792634, 22.53515726, 3, 3.1303407247160626, 4222720
1374, 114.0859619, 22.53889373, 3, 3.1303407247160626, 4715724
1807, 114.0406397, 22.5999918, 2, 2.0868938164773754, 933030
1815, 114.0111018, 22.54849473, 6, 4.173787632954751, 3554064
1918, 114.0252461, 22.56778933, 2, 2.0868938164773754, 1023876
1148, 113.8661029, 22.75930169, 5, 6.260681449432125, 10135296
131, 113.8686746, 22.79460203, 3, 3.1303407247160626, 2240106
980, 113.9366485, 22.52943032, 3, 3.1303407247160626, 4600224
2035, 114.0258222, 22.70119786, 1, 1.0434469082386877, 1002847.9511137501
1820, 113.8102429, 22.73070417, 7, 5.217234541193438, 2481225
801, 114.2574001, 22.71075833, 1, 1.0434469082386877, 841872
1127, 113.9152116, 22.75330155, 4, 3.1303407247160626, 6885978.722448602
2020, 113.8605175, 22.80416164, 1, 1.0434469082386877, 871815
142, 114.0818223, 22.57645726, 5, 4.173787632954751, 2959173
568, 114.2175072, 22.66480641, 3, 3.1303407247160626, 6501630
74, 113.89667, 22.77535293, 3, 3.1303407247160626, 5234376
1321, 114.0587637, 22.53249916, 6, 5.217234541193438, 5338224
363, 114.1354949, 22.56516076, 3, 3.1303407247160626, 3100240
242, 114.2790139, 22.73232303, 3, 3.1303407247160626, 3198272
1034, 114.0151301, 22.5346779, 3, 3.1303407247160626, 4466273
394, 113.8673605, 22.75687393, 3, 3.1303407247160626, 9230760
498, 113.9238649, 22.572151, 4, 5.217234541193438, 8486154
22, 114.3038386, 22.71690076, 2, 2.0868938164773754, 708720
1032, 113.9409297, 22.6785624, 3, 3.1303407247160626, 2517280
1499, 113.8050573, 22.70254052, 2, 2.0868938164773754, 1735668
1180, 113.8064836, 22.69279451, 3, 3.1303407247160626, 6026076
1848, 114.0537597, 22.57958843, 3, 3.1303407247160626, 2918592
703, 113.8833188, 22.57999628, 3, 4.173787632954751, 7451325
604, 113.9003568, 22.56407266, 3, 3.1303407247160626, 6676459.02
607, 114.3294027, 22.68940797, 8, 7.304128357670813, 2963136
265, 114.1027893, 22.59637715, 5, 4.173787632954751, 7768152
1558, 114.0083573, 22.75268468, 2, 2.0868938164773754, 1136212
1690, 114.1042953, 22.54730183, 3, 3.1303407247160626, 1.3145201195419712E7
1884, 113.9397757, 22.76440181, 8, 5.217234541193438, 2268352
605, 113.936609, 22.69505631, 3, 4.173787632954751, 1.1929345230346443E7
479, 113.8851632, 22.72061152, 3, 3.1303407247160626, 5766880
1356, 113.9634208, 22.70353264, 3, 3.1303407247160626, 1.4519315561048644E7
1774, 113.8604257, 22.79841952, 3, 3.1303407247160626, 2365500
1719, 114.1188756, 22.69922478, 3, 3.1303407247160626, 6592110
836, 113.8893661, 22.5612539, 6, 5.217234541193438, 2883690
45, 114.0891792, 22.54178278, 3, 3.1303407247160626, 5080467
1421, 114.0946258, 22.54159553, 3, 3.1303407247160626, 9578999.557104234
544, 114.0280747, 22.56038858, 3, 2.0868938164773754, 1126182
890, 114.3064406, 22.77130579, 3, 3.1303407247160626, 1.2680275481001928E7
1571, 114.2549672, 22.57753579, 1, 1.0434469082386877, 1161584
522, 113.936609, 22.69505631, 3, 3.1303407247160626, 2.4527481746875595E7
962, 113.9139943, 22.5237691, 3, 3.1303407247160626, 2661760
1849, 113.89667, 22.77535293, 3, 2.0868938164773754, 635664
1094, 114.0449931, 22.70374768, 5, 6.260681449432125, 8472492
615, 114.2956573, 22.6953443, 3, 3.1303407247160626, 8862385
1570, 114.0946258, 22.54159553, 3, 3.1303407247160626, 8947008.922759833
28, 114.1674935, 22.56881687, 3, 3.1303407247160626, 7578090
2042, 114.0183449, 22.6386412, 1, 0, 5580752.414925078
1457, 113.964386, 22.54286861, 3, 3.1303407247160626, 5929718.050117938
1852, 114.1354918, 22.55227385, 3, 4.173787632954751, 2895936
1073, 113.8744093, 22.58226338, 10, 8.347575265909501, 7128864
762, 114.3352269, 22.67480048, 2, 2.0868938164773754, 594354
367, 113.9811375, 22.55455443, 3, 3.1303407247160626, 7496928
1075, 114.2203198, 22.69700052, 5, 6.260681449432125, 10877472
658, 114.3236798, 22.69825868, 3, 3.1303407247160626, 2647500
154, 114.2908189, 22.67684935, 1, 1.0434469082386877, 1080877
986, 114.0305019, 22.62003586, 3, 3.1303407247160626, 7829352
1428, 113.9539752, 22.70654651, 1, 1.0434469082386877, 1143384
1605, 114.2360842, 22.55783509, 3, 3.1303407247160626, 8947008.922759833
488, 114.064592, 22.5648517, 3, 3.1303407247160626, 5698680
1408, 114.2219301, 22.66886258, 3, 3.1303407247160626, 3616824
1897, 114.1042953, 22.54730183, 3, 3.1303407247160626, 7646962.949999999
1436, 114.0395011, 22.60753726, 2, 2.0868938164773754, 629765
1829, 114.1221481, 22.6011108, 3, 3.1303407247160626, 2.37482885475E7
957, 113.8188409, 22.66555661, 4, 3.1303407247160626, 10417995
540, 113.8594129, 22.76057567, 4, 3.1303407247160626, 7590432
567, 114.3403352, 22.679758, 4, 5.217234541193438, 14140464
287, 113.9152116, 22.75330155, 3, 4.173787632954751, 9181304.963264802
1908, 114.214763, 22.67006742, 5, 5.217234541193438, 4890880
1672, 113.936609, 22.69505631, 3, 3.1303407247160626, 5929718.050117938
908, 114.1134928, 22.53948341, 5, 5.217234541193438, 3287416
618, 114.0348327, 22.5262719, 3, 3.1303407247160626, 3065712
1917, 113.9185341, 22.74888894, 2, 1.0434469082386877, 608019
883, 114.1357787, 22.61047964, 8, 7.304128357670813, 1568160
308, 113.8232585, 22.73145729, 5, 6.260681449432125, 9686220
1633, 113.98464, 22.59929414, 1, 1.0434469082386877, 1428921
681, 113.8835278, 22.50407615, 1, 1.0434469082386877, 1248786
1748, 113.8225134, 22.71739482, 3, 3.1303407247160626, 3488940
906, 114.035203, 22.55718007, 3, 3.1303407247160626, 1899597
539, 114.1357787, 22.61047964, 6, 5.217234541193438, 3136320
477, 113.8851632, 22.72061152, 3, 3.1303407247160626, 5138290.08
602, 114.1132982, 22.57428937, 4, 5.217234541193438, 6121953.985589515
1614, 114.1876572, 22.64171731, 3, 4.173787632954751, 3993000
1052, 113.8232585, 22.73145729, 3, 2.0868938164773754, 2421555
1026, 113.8891204, 22.53739654, 3, 3.1303407247160626, 2047752
2017, 113.77963, 22.74116414, 1, 1.0434469082386877, 808776.7279603125
58, 114.021967, 22.61886057, 8, 7.304128357670813, 7951440
1221, 114.0280747, 22.56038858, 5, 3.1303407247160626, 660155
203, 114.1584063, 22.56203742, 4, 3.1303407247160626, 4546050
1328, 114.0643681, 22.62765762, 2, 2.0868938164773754, 652140
48, 113.9771094, 22.55295138, 3, 3.1303407247160626, 3327852
998, 114.2993679, 22.67869917, 1, 1.0434469082386877, 1152591
1424, 114.0492451, 22.56662297, 4, 3.1303407247160626, 1892559
1275, 114.3732926, 22.69322023, 4, 5.217234541193438, 2350152
636, 114.0579046, 22.57556408, 3, 3.1303407247160626, 1852254
1929, 114.3678612, 22.73955335, 3, 3.1303407247160626, 3747632
1484, 114.2118053, 22.6108732, 3, 3.1303407247160626, 2686904
1581, 114.3678612, 22.73955335, 3, 3.1303407247160626, 3747632
872, 113.9486925, 22.78265274, 1, 1.0434469082386877, 698800
749, 113.9152116, 22.75330155, 3, 4.173787632954751, 9181304.963264802
418, 113.8878711, 22.7567181, 1, 1.0434469082386877, 491985
895, 113.89667, 22.77535293, 3, 3.1303407247160626, 2.0233384799443197E7
582, 113.928491, 22.52050551, 5, 4.173787632954751, 4712274
1901, 113.9887818, 22.68911745, 1, 1.0434469082386877, 1052905
670, 114.2118053, 22.6108732, 5, 6.260681449432125, 10075890
1689, 113.9514808, 22.57933839, 3, 3.1303407247160626, 6011820
1691, 113.8648179, 22.81262019, 1, 1.0434469082386877, 803592
710, 114.3833801, 22.69048805, 5, 6.260681449432125, 10298940
904, 113.8673605, 22.75687393, 3, 3.1303407247160626, 4102560
553, 114.3024076, 22.66862423, 3, 4.173787632954751, 6882400
275, 114.0582017, 22.70814865, 4, 4.173787632954751, 3026520
1055, 113.8122844, 22.71229903, 1, 1.0434469082386877, 846009
692, 113.927185, 22.62988075, 3, 3.1303407247160626, 4311108
1407, 113.8948506, 22.55553054, 5, 4.173787632954751, 3503088
1451, 114.1575204, 22.57007701, 2, 2.0868938164773754, 877828
1715, 113.8637706, 22.57978804, 2, 2.0868938164773754, 782034
475, 113.8962024, 22.57405691, 6, 5.217234541193438, 3845632
1844, 113.964386, 22.54286861, 3, 3.1303407247160626, 5929718.050117938
1971, 113.8341494, 22.62683087, 3, 3.1303407247160626, 3999480
279, 114.3833801, 22.69048805, 3, 3.1303407247160626, 7646962.949999999
31, 114.0513711, 22.61576577, 4, 5.217234541193438, 5221120
91, 113.972242, 22.67589127, 47, 38.60753560483144, 10172580
1521, 114.1042953, 22.54730183, 3, 3.1303407247160626, 2.2494286610756606E7
65, 114.1033167, 22.69059239, 4, 3.1303407247160626, 3929520
292, 114.239145, 22.60466459, 1, 1.0434469082386877, 1051250
694, 113.9387369, 22.76682196, 3, 3.1303407247160626, 4898256
511, 114.4875528, 22.53501616, 1, 1.0434469082386877, 682974
1876, 114.1074937, 22.54258289, 2, 2.0868938164773754, 4956568
1449, 113.968556, 22.69827316, 3, 3.1303407247160626, 2491780.082215014
1228, 114.1203258, 22.55337499, 3, 3.1303407247160626, 7921312
876, 114.2482186, 22.597762, 3, 4.173787632954751, 6403380
1281, 114.3943777, 22.69348336, 1, 1.0434469082386877, 1194900
725, 114.0946258, 22.54159553, 3, 3.1303407247160626, 4549380
1164, 114.0905531, 22.57029926, 2, 2.0868938164773754, 1577376
861, 114.3480704, 22.68461142, 4, 5.217234541193438, 5375420.626882287
194, 113.8108448, 22.66372012, 4, 5.217234541193438, 10161990
641, 113.9976651, 22.67571164, 3, 3.1303407247160626, 2154880
160, 114.1768958, 22.60025679, 1, 1.0434469082386877, 561366
4, 113.968556, 22.69827316, 4, 3.1303407247160626, 1.3145201195419712E7
1930, 114.1074937, 22.54258289, 3, 3.1303407247160626, 3717426
1856, 114.0946258, 22.54159553, 3, 3.1303407247160626, 7646962.949999999
328, 113.9634208, 22.70353264, 3, 3.1303407247160626, 2.869850841179502E7
1376, 113.9351046, 22.57055094, 2, 2.0868938164773754, 1382949
306, 113.968556, 22.69827316, 8, 9.391022174148189, 1.6651320399401829E7
1403, 113.8893661, 22.5612539, 3, 3.1303407247160626, 2883690
406, 114.2482186, 22.597762, 47, 38.60753560483144, 15368112
1708, 113.8662713, 22.81957744, 1, 1.0434469082386877, 721160
1167, 114.1283182, 22.59289349, 3, 3.1303407247160626, 3136640
348, 114.2420552, 22.65497428, 2, 2.0868938164773754, 1062768
701, 113.9401341, 22.68797167, 3, 3.1303407247160626, 2870320
1551, 114.2473445, 22.5916789, 3, 3.1303407247160626, 1826640
1006, 114.1422694, 22.60791832, 3, 3.1303407247160626, 2513467.6719943024
1935, 114.0280747, 22.56038858, 3, 3.1303407247160626, 2.3272462738799997E7
137, 113.8661029, 22.75930169, 5, 6.260681449432125, 12669120
638, 114.3683956, 22.75704442, 1, 1.0434469082386877, 661920
1655, 114.0513711, 22.61576577, 7, 5.217234541193438, 3654784
2024, 114.064592, 22.5648517, 3, 3.1303407247160626, 4090596.0642345697
1580, 114.102483, 22.54850495, 3, 3.1303407247160626, 2729916
495, 113.8471295, 22.77254999, 44, 37.564088696592755, 8750592
192, 113.936609, 22.69505631, 3, 3.1303407247160626, 2.869850841179502E7
606, 113.9851535, 22.63400409, 2, 2.0868938164773754, 521100
2037, 113.9800439, 22.55948125, 1, 0, 5580752.414925075
1892, 113.8948506, 22.55553054, 3, 3.1303407247160626, 2335392
2038, 113.8885023, 22.74840589, 1, 0, 5580752.414925076
1145, 113.9142301, 22.54249797, 4, 3.1303407247160626, 3803496
563, 114.1323425, 22.59939517, 230, 143.9956733369389, 48255840
1308, 113.9152116, 22.75330155, 3, 3.1303407247160626, 6885978.722448602
519, 114.2360842, 22.55783509, 3, 3.1303407247160626, 8947008.922759833
1305, 113.863564, 22.77118378, 1, 1.0434469082386877, 931710
948, 113.980651, 22.70610151, 3, 3.1303407247160626, 5070600
297, 114.31753, 22.70012994, 3, 3.1303407247160626, 3738564
1645, 114.1221481, 22.6011108, 3, 3.1303407247160626, 9578999.557104234
437, 113.8893661, 22.5612539, 6, 5.217234541193438, 3364305
588, 113.8159333, 22.72504131, 3, 3.1303407247160626, 2152472
240, 114.1091996, 22.58050961, 3, 2.0868938164773754, 942450
443, 114.0573383, 22.6047373, 3, 3.1303407247160626, 1524960
1518, 113.9152116, 22.75330155, 3, 3.1303407247160626, 6885978.722448602
1250, 113.968556, 22.69827316, 5, 3.1303407247160626, 731712
1156, 114.0920617, 22.69926695, 3, 3.1303407247160626, 4242480
183, 114.1423071, 22.6301128, 5, 5.217234541193438, 5898258
1832, 113.9856891, 22.52621558, 2, 2.0868938164773754, 1202172
1066, 114.3489082, 22.76434466, 2, 2.0868938164773754, 3168090
728, 113.9127626, 22.5052005, 2, 2.0868938164773754, 1060936
1101, 114.1121549, 22.56746314, 5, 4.173787632954751, 4538496
1178, 114.1261595, 22.70308613, 3, 3.1303407247160626, 3757800
737, 113.968556, 22.69827316, 3, 2.0868938164773754, 1202389
912, 114.2781637, 22.66588492, 3, 3.1303407247160626, 6125922
691, 113.9348881, 22.80127313, 1, 1.0434469082386877, 898156
496, 114.013588, 22.73071888, 2, 1.0434469082386877, 869538
50, 113.9275533, 22.63746989, 5, 6.260681449432125, 12481716
1705, 114.2240162, 22.70156244, 4, 5.217234541193438, 10418904
88, 113.89667, 22.77535293, 4, 3.1303407247160626, 2.40378434109E7
186, 114.2360842, 22.55783509, 3, 3.1303407247160626, 6845013
256, 114.2781637, 22.66588492, 48, 39.650982513070126, 25524675
1859, 113.8950865, 22.71774923, 1, 1.0434469082386877, 526983
1390, 113.9152116, 22.75330155, 3, 3.1303407247160626, 6885978.722448602
470, 113.8897551, 22.77264868, 3, 3.1303407247160626, 4587723
239, 114.0859619, 22.53889373, 1, 1.0434469082386877, 1178931
1196, 114.1674935, 22.56881687, 3, 3.1303407247160626, 7578090
770, 114.031832, 22.70150831, 3, 3.1303407247160626, 2842308
668, 113.8380979, 22.76558553, 3, 4.173787632954751, 11124864
1222, 113.8716275, 22.75540599, 3, 4.173787632954751, 14529060
1195, 114.1042953, 22.54730183, 3, 3.1303407247160626, 8947008.922759833
1889, 114.0079791, 22.60133834, 3, 3.1303407247160626, 2638170
1951, 113.9180058, 22.51905186, 5, 6.260681449432125, 10303780
1061, 113.9014204, 22.51532538, 3, 3.1303407247160626, 2356557
244, 114.0401448, 22.56528493, 1, 1.0434469082386877, 638480
1675, 113.7976492, 22.698087, 3, 3.1303407247160626, 2548720
648, 114.0946258, 22.54159553, 3, 3.1303407247160626, 828022.6513827773
950, 114.1042953, 22.54730183, 3, 2.0868938164773754, 504048
752, 113.8276875, 22.72981511, 3, 3.1303407247160626, 2959200
174, 113.8341494, 22.62683087, 3, 3.1303407247160626, 9332120
451, 114.0125466, 22.74553954, 1, 1.0434469082386877, 888024
1653, 113.866769, 22.77734068, 3, 3.1303407247160626, 5084496
994, 114.0492451, 22.56662297, 3, 4.173787632954751, 1892559
996, 113.8824366, 22.76793183, 4, 5.217234541193438, 11783880
1116, 114.3160098, 22.70745292, 4, 5.217234541193438, 10144200
107, 114.1091996, 22.58050961, 6, 5.217234541193438, 10935720
1160, 113.9176323, 22.4970986, 6, 5.217234541193438, 13970688
429, 114.1080045, 22.61812467, 8, 6.260681449432125, 15435840
1077, 114.018724, 22.62287191, 7, 5.217234541193438, 2227320
667, 114.0790509, 22.54727143, 6, 7.304128357670813, 16714935
5, 114.2225624, 22.61654006, 3, 3.1303407247160626, 4159764
427, 113.9463599, 22.58306622, 3, 3.1303407247160626, 8950781
464, 113.8604257, 22.79841952, 3, 4.173787632954751, 7096500
910, 114.4733986, 22.55212083, 1, 1.0434469082386877, 642260
781, 114.2981812, 22.60276444, 1, 1.0434469082386877, 659988
311, 114.0946258, 22.54159553, 3, 3.1303407247160626, 1.8208119902049E7
1099, 114.3783082, 22.75588524, 1, 1.0434469082386877, 752540
369, 114.3072888, 22.67023618, 3, 3.1303407247160626, 6806760.809213319
662, 114.0980655, 22.60877089, 1, 1.0434469082386877, 927030
1610, 114.3059153, 22.67750201, 2, 2.0868938164773754, 6753518.64
650, 114.0012656, 22.72803226, 1, 1.0434469082386877, 1160838
80, 113.9874438, 22.5398186, 3, 3.1303407247160626, 4297560
1456, 114.0254399, 22.71858525, 5, 6.260681449432125, 16495570
1461, 113.9187309, 22.57620516, 3, 3.1303407247160626, 7205220
1783, 113.9784448, 22.5901607, 2, 2.0868938164773754, 2487810
1212, 114.0946258, 22.54159553, 3, 2.0868938164773754, 1046040
1583, 114.2175072, 22.66480641, 4, 4.173787632954751, 9752445
474, 113.9032064, 22.55898151, 3, 3.1303407247160626, 5668075
1618, 113.977303, 22.72436538, 5, 6.260681449432125, 12596640
1268, 114.3178712, 22.72020294, 1, 1.0434469082386877, 885196
13, 114.3559461, 22.72906025, 5, 6.260681449432125, 11501840
1290, 114.1119923, 22.58738683, 7, 6.260681449432125, 2169153
1409, 113.8307798, 22.79316594, 1, 1.0434469082386877, 593262
1954, 113.907684, 22.55657403, 6, 5.217234541193438, 5243848
224, 114.3072888, 22.67023618, 3, 3.1303407247160626, 6806760.809213319
987, 114.2563818, 22.58771104, 3, 3.1303407247160626, 8366085
1781, 113.9275589, 22.50061021, 4, 5.217234541193438, 3300372
1790, 114.214763, 22.67006742, 5, 4.173787632954751, 3668160
1694, 113.9152116, 22.75330155, 3, 3.1303407247160626, 5147296
63, 113.9805994, 22.70188376, 3, 3.1303407247160626, 1.0098445167567499E7
1942, 114.0891034, 22.70606051, 5, 6.260681449432125, 17424069
942, 114.055827, 22.52545213, 3, 3.1303407247160626, 1879290
40, 114.1422694, 22.60791832, 5, 6.260681449432125, 7385256
1804, 114.2360842, 22.55783509, 3, 4.173787632954751, 5020768.194590254
126, 114.4958943, 22.53713707, 1, 1.0434469082386877, 1264834
179, 114.2799684, 22.71391601, 6, 7.304128357670813, 15064140
371, 113.8394428, 22.80603833, 3, 3.1303407247160626, 5613762
1824, 113.9952024, 22.67630999, 2, 2.0868938164773754, 808608
790, 114.0923412, 22.55686737, 1, 1.0434469082386877, 684589
1532, 114.129943, 22.58690043, 8, 6.260681449432125, 2611986
578, 114.3607431, 22.75979014, 2, 2.0868938164773754, 760896
1999, 114.0492451, 22.56662297, 3, 3.1303407247160626, 1892559
1370, 113.8553703, 22.78458004, 3, 3.1303407247160626, 2155230
1225, 113.9003568, 22.56407266, 3, 3.1303407247160626, 8901945.36
1048, 114.3559461, 22.72906025, 3, 3.1303407247160626, 2752422.436279687
120, 114.1029601, 22.55553361, 5, 4.173787632954751, 4581150
1141, 113.8546887, 22.58178721, 8, 5.217234541193438, 3477120
93, 113.8856787, 22.54932036, 2, 2.0868938164773754, 1666416
684, 113.964386, 22.54286861, 3, 3.1303407247160626, 5929718.050117938
1492, 114.0268061, 22.53253681, 3, 3.1303407247160626, 5622300
886, 114.3833801, 22.69048805, 3, 3.1303407247160626, 7646962.949999999
528, 114.0946258, 22.54159553, 3, 2.0868938164773754, 906950
428, 114.2391092, 22.6653546, 3, 3.1303407247160626, 2885720
1398, 113.9923093, 22.58984621, 2, 1.0434469082386877, 1368630
129, 114.4206344, 22.64119686, 1, 1.0434469082386877, 620255
764, 113.8210521, 22.72300151, 4, 5.217234541193438, 3753432
1166, 114.1032037, 22.61256999, 4, 4.173787632954751, 11105550
2026, 114.1209736, 22.57481572, 2, 2.0868938164773754, 2964713.4
900, 113.8948506, 22.55553054, 3, 3.1303407247160626, 2335392
171, 113.98464, 22.59929414, 3, 3.1303407247160626, 14289210
487, 113.977303, 22.72436538, 3, 3.1303407247160626, 4198880
1749, 113.9771094, 22.55295138, 6, 7.304128357670813, 8874272
1128, 114.2939222, 22.66603796, 3, 3.1303407247160626, 8200038
84, 113.964386, 22.54286861, 3, 3.1303407247160626, 5929718.050117938
1267, 114.1042953, 22.54730183, 3, 2.0868938164773754, 453570
1554, 113.8687342, 22.77005729, 2, 2.0868938164773754, 1244397
1803, 114.2360842, 22.55783509, 3, 3.1303407247160626, 8947008.922759833
1102, 114.1020648, 22.59017166, 3, 3.1303407247160626, 2819070
1444, 113.8073582, 22.73253642, 5, 4.173787632954751, 5423056
550, 113.7645846, 22.67131472, 2, 2.0868938164773754, 1263920
1775, 114.2225624, 22.61654006, 3, 3.1303407247160626, 3565512
1641, 114.3215746, 22.70437613, 5, 3.1303407247160626, 7588350
1206, 114.2434892, 22.60829367, 1, 1.0434469082386877, 988380
739, 114.4878043, 22.5721, 1, 1.0434469082386877, 805322
1601, 113.9321561, 22.78251295, 3, 3.1303407247160626, 4625880
1827, 114.2469077, 22.56876552, 1, 1.0434469082386877, 1216146
153, 114.0387436, 22.65086843, 2, 2.0868938164773754, 620840
402, 113.9167987, 22.5568068, 4, 5.217234541193438, 10587024
1740, 113.8851632, 22.72061152, 3, 3.1303407247160626, 4036816
1772, 114.0946258, 22.54159553, 3, 3.1303407247160626, 2.0233384799443197E7
1567, 114.0503917, 22.5948486, 3, 4.173787632954751, 10800000
403, 114.3207512, 22.76124526, 1, 1.0434469082386877, 996390
99, 114.2956573, 22.6953443, 1, 1.0434469082386877, 1266055
205, 113.8564083, 22.58683717, 3, 3.1303407247160626, 6450786.539999999
329, 114.3095222, 22.67753944, 1, 1.0434469082386877, 1281564
551, 114.2563818, 22.58771104, 3, 3.1303407247160626, 4780620
1392, 113.8399373, 22.59919761, 2, 1.0434469082386877, 1250214
1786, 113.9238649, 22.572151, 3, 3.1303407247160626, 6600342
1936, 113.9821344, 22.54958485, 2, 2.0868938164773754, 582996
422, 114.3059153, 22.67750201, 3, 3.1303407247160626, 1.350703728E7
1306, 114.1100798, 22.59688819, 5, 4.173787632954751, 5442976
595, 114.1042953, 22.54730183, 6, 4.173787632954751, 6577560
1400, 113.8980972, 22.55150493, 4, 4.173787632954751, 7160160
351, 113.9366485, 22.52943032, 6, 5.217234541193438, 3450168
1710, 114.2262933, 22.68804049, 3, 3.1303407247160626, 5361876
260, 113.9923093, 22.58984621, 3, 3.1303407247160626, 1.2680275481001928E7
441, 114.2792508, 22.66839408, 4, 5.217234541193438, 13556880
361, 114.0488191, 22.60469621, 3, 3.1303407247160626, 4418085
1437, 114.3109108, 22.66914078, 2, 2.0868938164773754, 3899961
1972, 114.1422694, 22.60791832, 4, 3.1303407247160626, 2.0233384799443197E7
2023, 113.8461335, 22.76472884, 1, 1.0434469082386877, 1135830
1696, 113.9044365, 22.56528958, 3, 3.1303407247160626, 6708240
1288, 114.0658046, 22.54474181, 4, 3.1303407247160626, 2986713
815, 113.9426483, 22.55304371, 1, 1.0434469082386877, 1079808
741, 114.2650762, 22.59260631, 3, 3.1303407247160626, 1797393
622, 114.1042953, 22.54730183, 3, 3.1303407247160626, 470116.26995119033
679, 114.1382922, 22.57066054, 5, 6.260681449432125, 15068640
709, 113.8046056, 22.77301208, 1, 1.0434469082386877, 1233974
476, 114.3492044, 22.70813761, 2, 2.0868938164773754, 728156
832, 114.1008377, 22.70977353, 3, 3.1303407247160626, 8341632
1890, 114.072443, 22.6488278, 1, 1.0434469082386877, 909275
1382, 114.0718629, 22.54517922, 1, 1.0434469082386877, 945560
1054, 113.936609, 22.69505631, 3, 3.1303407247160626, 7646962.949999999
318, 114.0891792, 22.54178278, 3, 3.1303407247160626, 2903124
1843, 114.0529662, 22.66152243, 5, 4.173787632954751, 3471405
964, 114.2225624, 22.61654006, 3, 3.1303407247160626, 3565512
35, 114.02826, 22.65797554, 8, 6.260681449432125, 11160310
593, 114.0097436, 22.54087223, 2, 2.0868938164773754, 5172024
1301, 113.9303011, 22.51106117, 1, 1.0434469082386877, 763715
1415, 113.8552673, 22.79763444, 3, 3.1303407247160626, 7561982.847222222
1081, 114.1042953, 22.54730183, 3, 2.0868938164773754, 1026052
938, 113.9102712, 22.54288065, 5, 3.1303407247160626, 4106880
1432, 114.2301425, 22.55957429, 4, 5.217234541193438, 10009675
1119, 114.3624828, 22.75343579, 1, 1.0434469082386877, 1250588
1657, 114.3833801, 22.69048805, 3, 3.1303407247160626, 7646962.949999999
34, 113.9233533, 22.58496019, 5, 6.260681449432125, 12486432
389, 114.2237726, 22.65744553, 3, 4.173787632954751, 6518211.250751356
838, 113.89667, 22.77535293, 4, 3.1303407247160626, 1021904
177, 114.2360842, 22.55783509, 7, 8.347575265909501, 2.3858690460692886E7
730, 114.0998616, 22.55693538, 4, 5.217234541193438, 2049540
1038, 113.9152116, 22.75330155, 3, 3.1303407247160626, 6885978.722448602
626, 114.0946258, 22.54159553, 3, 2.0868938164773754, 934177
2011, 113.9053659, 22.57987075, 2, 2.0868938164773754, 284923.9409600636
759, 114.1172224, 22.59546438, 3, 2.0868938164773754, 3452988
1603, 114.1221481, 22.6011108, 7, 6.260681449432125, 9363627
1560, 113.866769, 22.77734068, 3, 3.1303407247160626, 3389664
514, 113.936609, 22.69505631, 3, 2.0868938164773754, 891960
193, 114.2360842, 22.55783509, 3, 3.1303407247160626, 8947008.922759833
798, 114.3064406, 22.77130579, 6, 7.304128357670813, 13190931
1693, 113.8927493, 22.76804691, 4, 3.1303407247160626, 8974250
1401, 114.2175072, 22.66480641, 3, 4.173787632954751, 9752445
381, 114.0845334, 22.55449314, 3, 3.1303407247160626, 5874492
1332, 114.3236032, 22.67782678, 2, 2.0868938164773754, 1365188
1176, 113.9187309, 22.57620516, 5, 4.173787632954751, 4803480
1348, 114.1209736, 22.57481572, 8, 7.304128357670813, 1996440
2016, 114.3178712, 22.72020294, 1, 1.0434469082386877, 684947.7907512499
864, 114.0111018, 22.54849473, 1, 1.0434469082386877, 1184688
947, 113.8282047, 22.73376795, 3, 3.1303407247160626, 2872608
374, 114.2247268, 22.55089246, 6, 7.304128357670813, 19890585
1070, 114.1042953, 22.54730183, 3, 3.1303407247160626, 2.2494286610756606E7
81, 113.9784448, 22.5901607, 3, 4.173787632954751, 7463430
1245, 114.2360842, 22.55783509, 3, 3.1303407247160626, 8947008.922759833
1983, 113.89667, 22.77535293, 3, 3.1303407247160626, 1.4519315561048644E7
821, 114.102483, 22.54850495, 6, 4.173787632954751, 2729916
385, 113.907684, 22.55657403, 8, 6.260681449432125, 3932886
2009, 113.888317, 22.70280065, 2, 2.0868938164773754, 1169956.7774999999
1961, 114.02826, 22.65797554, 4, 5.217234541193438, 3348093
583, 113.896119, 22.72186615, 6, 7.304128357670813, 9791860
1363, 114.0558319, 22.6636871, 4, 5.217234541193438, 4566800
1258, 113.8503056, 22.72011299, 1, 1.0434469082386877, 519936
1945, 113.9560825, 22.70340427, 3, 3.1303407247160626, 3324728
689, 113.8881389, 22.7330613, 3, 3.1303407247160626, 3913308
1508, 114.0648785, 22.66256822, 3, 3.1303407247160626, 2519496
2040, 113.8298166, 22.67844841, 1, 0, 5580752.414925075
526, 113.9450204, 22.79503735, 2, 2.0868938164773754, 3117224
1265, 113.9218083, 22.51883796, 6, 4.173787632954751, 7955064
1107, 113.8851632, 22.72061152, 3, 3.1303407247160626, 5138290.08
1982, 114.3712383, 22.74697943, 3, 3.1303407247160626, 6436158
512, 114.1042953, 22.54730183, 3, 3.1303407247160626, 1.9158836023799997E7
734, 113.964386, 22.54286861, 3, 3.1303407247160626, 5929718.050117938
1527, 114.0280747, 22.56038858, 3, 3.1303407247160626, 1.2680275481001928E7
1988, 114.1042953, 22.54730183, 3, 3.1303407247160626, 1.4519315561048644E7
675, 114.0395011, 22.60753726, 6, 4.173787632954751, 6297650
723, 114.3122933, 22.69246974, 3, 3.1303407247160626, 10046016
1752, 114.3285122, 22.67135289, 1, 1.0434469082386877, 1113665
417, 114.1422694, 22.60791832, 4, 3.1303407247160626, 831072
1013, 113.8504062, 22.60458662, 2, 2.0868938164773754, 1208795
558, 113.8714992, 22.78752544, 3, 3.1303407247160626, 3077724.351146667
1919, 114.0959054, 22.56484784, 3, 3.1303407247160626, 3575124
816, 113.9853128, 22.56103544, 1, 1.0434469082386877, 1012986
828, 114.0984549, 22.56231854, 4, 4.173787632954751, 8030664
1088, 114.1361528, 22.54496138, 3, 3.1303407247160626, 8336364
97, 114.3215746, 22.70437613, 6, 7.304128357670813, 15176700
373, 114.2118053, 22.6108732, 1, 1.0434469082386877, 671726
2034, 113.9945542, 22.65716514, 1, 1.0434469082386877, 820752.53553
1522, 114.115931, 22.58323568, 5, 5.217234541193438, 4336780
1631, 113.9743099, 22.68119216, 2, 2.0868938164773754, 3023028
314, 114.0490229, 22.63510087, 3, 3.1303407247160626, 12145140
923, 113.8678644, 22.80466662, 1, 1.0434469082386877, 1327280
11, 113.9608013, 22.6869296, 3, 3.1303407247160626, 6355800
448, 113.8352106, 22.77728948, 1, 1.0434469082386877, 1120512
1470, 113.9853128, 22.56103544, 3, 3.1303407247160626, 4051944
635, 114.0558319, 22.6636871, 5, 6.260681449432125, 8481200
1121, 114.3236798, 22.69825868, 8, 6.260681449432125, 6177500
1582, 114.0624633, 22.53793854, 5, 3.1303407247160626, 6614160
1821, 114.3833801, 22.69048805, 3, 3.1303407247160626, 7646962.949999999
1627, 113.968556, 22.69827316, 3, 2.0868938164773754, 700060
303, 114.1466665, 22.65385368, 1, 1.0434469082386877, 653352
433, 114.0658046, 22.54474181, 4, 3.1303407247160626, 3982284
557, 114.1061697, 22.60760021, 6, 7.304128357670813, 10858752
152, 114.1130659, 22.65132133, 3, 3.1303407247160626, 2350842
469, 114.2164611, 22.55835352, 3, 3.1303407247160626, 6628475
806, 114.0151301, 22.5346779, 3, 3.1303407247160626, 3828234
46, 113.8409704, 22.62437861, 5, 4.173787632954751, 3865212
1526, 113.859515, 22.73057783, 2, 2.0868938164773754, 3548160
1699, 114.2786885, 22.72662505, 5, 4.173787632954751, 3473808
298, 113.9152116, 22.75330155, 3, 3.1303407247160626, 6885978.722448602
1729, 114.0492451, 22.56662297, 3, 3.1303407247160626, 3785118
1706, 113.8594129, 22.76057567, 4, 5.217234541193438, 12650720
702, 114.214763, 22.67006742, 3, 3.1303407247160626, 3668160
1385, 114.1209736, 22.57481572, 3, 4.173787632954751, 5929426.8
727, 114.1161173, 22.59930781, 9, 9.391022174148189, 2979920
1784, 114.1151488, 22.55020013, 4, 5.217234541193438, 1970460
395, 113.968556, 22.69827316, 3, 3.1303407247160626, 9578999.557104234
982, 114.2587806, 22.57845399, 1, 1.0434469082386877, 848232
1207, 114.0017638, 22.59835539, 3, 3.1303407247160626, 7623504
1040, 113.8868121, 22.72240779, 3, 3.1303407247160626, 7101696
1535, 114.3424492, 22.69627422, 1, 1.0434469082386877, 1075375
1547, 113.9634208, 22.70353264, 3, 4.173787632954751, 10740249
112, 114.055946, 22.67616114, 47, 39.650982513070126, 39654368
411, 113.936609, 22.69505631, 3, 3.1303407247160626, 3.04335869112E7
506, 114.5229326, 22.65319931, 1, 1.0434469082386877, 505365
1958, 114.1042953, 22.54730183, 9, 6.260681449432125, 3288780
1114, 114.0375051, 22.69082435, 3, 3.1303407247160626, 3138120
132, 114.1422694, 22.60791832, 5, 6.260681449432125, 1.5293925899999999E7
687, 114.2360842, 22.55783509, 4, 5.217234541193438, 1.4911681537933053E7
143, 114.1011595, 22.56392718, 6, 5.217234541193438, 5613454
1343, 114.1209736, 22.57481572, 5, 3.1303407247160626, 4447070.1
255, 114.0327264, 22.63754927, 3, 3.1303407247160626, 681084
951, 114.2959773, 22.68899235, 3, 3.1303407247160626, 8381184
1329, 113.9945339, 22.53990409, 3, 3.1303407247160626, 6120991.8
1198, 114.0946258, 22.54159553, 3, 2.0868938164773754, 1166812
1024, 113.8594129, 22.76057567, 3, 3.1303407247160626, 11385648
1728, 113.8916427, 22.76205659, 6, 5.217234541193438, 1556214
532, 113.8286619, 22.71792127, 1, 1.0434469082386877, 937657
926, 114.2203198, 22.55590944, 3, 3.1303407247160626, 7475580
409, 114.0527624, 22.63151064, 5, 6.260681449432125, 10499040
1069, 113.9003568, 22.56407266, 3, 4.173787632954751, 2247966
1278, 113.9175271, 22.72183077, 4, 3.1303407247160626, 8472562
714, 114.3517352, 22.72512387, 3, 3.1303407247160626, 9576000
1482, 114.1528294, 22.6563481, 1, 1.0434469082386877, 1270758
868, 113.9186695, 22.6624903, 1, 1.0434469082386877, 1110708
1779, 113.8424925, 22.76193149, 3, 3.1303407247160626, 5712594
1312, 114.1042953, 22.54730183, 3, 3.1303407247160626, 2.869850841179502E7
1394, 113.7871258, 22.74874071, 2, 2.0868938164773754, 875664
1454, 114.1083255, 22.54846201, 4, 3.1303407247160626, 7840368
1125, 114.1027893, 22.59637715, 4, 5.217234541193438, 5178768
1823, 114.3125033, 22.7649677, 3, 3.1303407247160626, 933300
1914, 114.0280747, 22.56038858, 5, 3.1303407247160626, 890300
1742, 114.1133922, 22.54692885, 6, 5.217234541193438, 4738608
1598, 113.8927493, 22.76804691, 3, 3.1303407247160626, 6281975
1770, 114.0320786, 22.56121934, 4, 3.1303407247160626, 4298316
940, 114.1042953, 22.54730183, 3, 3.1303407247160626, 5929718.050117938
680, 114.0492451, 22.56662297, 3, 4.173787632954751, 3785118
1743, 114.0506193, 22.673603, 1, 1.0434469082386877, 584736
625, 114.3833801, 22.69048805, 3, 3.1303407247160626, 7646962.949999999
18, 114.4813031, 22.57814012, 1, 1.0434469082386877, 876798
500, 113.9182386, 22.56843843, 3, 3.1303407247160626, 7388850
718, 113.8073582, 22.73253642, 3, 3.1303407247160626, 5423056
1331, 114.2624986, 22.59287108, 3, 3.1303407247160626, 9846225
1317, 113.964386, 22.54286861, 3, 3.1303407247160626, 5929718.050117938
955, 114.3833801, 22.69048805, 6, 5.217234541193438, 2574735
1962, 113.977303, 22.72436538, 3, 3.1303407247160626, 3149160
135, 114.102844, 22.60151047, 5, 5.217234541193438, 7813734
1251, 114.2741171, 22.72922143, 5, 4.173787632954751, 7334712
740, 114.0946258, 22.54159553, 3, 3.1303407247160626, 2.2494286610756606E7
963, 113.968556, 22.69827316, 3, 3.1303407247160626, 1.8208119902049E7
333, 113.8741739, 22.81789539, 1, 1.0434469082386877, 890890
853, 114.099536, 22.57721134, 3, 3.1303407247160626, 9890334
159, 114.3242639, 22.60439637, 1, 1.0434469082386877, 500000
414, 113.9187309, 22.57620516, 6, 4.173787632954751, 8406090
1738, 113.8839273, 22.58412415, 9, 7.304128357670813, 11295000
753, 114.2099445, 22.70807763, 7, 7.304128357670813, 4913160
682, 114.1020648, 22.59017166, 5, 4.173787632954751, 4228605
968, 114.37472, 22.69079949, 46, 37.564088696592755, 13382040
1434, 113.9792634, 22.53515726, 3, 3.1303407247160626, 1.3145201195419712E7
1223, 114.2203198, 22.55590944, 2, 2.0868938164773754, 4271760
791, 114.1091996, 22.58050961, 3, 3.1303407247160626, 7290480
330, 113.89667, 22.77535293, 3, 3.1303407247160626, 2.2494286610756606E7
1754, 114.0573383, 22.6047373, 3, 3.1303407247160626, 3558240
1322, 113.968556, 22.69827316, 3, 3.1303407247160626, 4027905
707, 113.964386, 22.54286861, 3, 3.1303407247160626, 5929718.050117938
1677, 114.1331767, 22.5485137, 2, 2.0868938164773754, 2960100
966, 114.1831931, 22.55817396, 1, 1.0434469082386877, 1039456
144, 113.9524126, 22.5405666, 3, 3.1303407247160626, 5983164
352, 113.9214564, 22.55194356, 3, 3.1303407247160626, 7301232
542, 113.8045813, 22.66852381, 2, 2.0868938164773754, 1863162
1349, 114.3388999, 22.68548423, 2, 2.0868938164773754, 2298560
24, 114.2240162, 22.70156244, 3, 4.173787632954751, 11576560
1152, 114.3648628, 22.70474565, 1, 1.0434469082386877, 801780
1004, 114.2482186, 22.597762, 2, 2.0868938164773754, 2561352
1041, 113.89667, 22.77535293, 3, 3.1303407247160626, 8947008.922759833
1284, 114.2834069, 22.66229613, 3, 3.1303407247160626, 7544292
222, 113.9754926, 22.68904289, 3, 3.1303407247160626, 5646960
1361, 113.968556, 22.69827316, 3, 3.1303407247160626, 2.3272462738799997E7
823, 114.1717413, 22.56394335, 3, 3.1303407247160626, 7000872
971, 114.2262933, 22.68804049, 4, 3.1303407247160626, 8042814
677, 114.0946258, 22.54159553, 3, 3.1303407247160626, 9578999.557104234
1393, 113.9152116, 22.75330155, 3, 3.1303407247160626, 6885978.722448602
1737, 113.8759726, 22.80667899, 1, 1.0434469082386877, 1366360
1805, 114.0654481, 22.57084405, 1, 1.0434469082386877, 816608
503, 113.9945339, 22.53990409, 1, 1.0434469082386877, 515235
769, 113.968556, 22.69827316, 3, 3.1303407247160626, 1.4519315561048644E7
208, 114.2567754, 22.59454, 8, 5.217234541193438, 5307680
353, 114.1027281, 22.7198865, 3, 3.1303407247160626, 7504266
1545, 114.1091996, 22.58050961, 4, 3.1303407247160626, 3645240
839, 114.1354949, 22.56516076, 4, 3.1303407247160626, 4650360
8, 113.968556, 22.69827316, 10, 7.304128357670813, 2711160
822, 114.1080045, 22.61812467, 4, 5.217234541193438, 3858960
1985, 114.0718629, 22.54517922, 3, 3.1303407247160626, 5673360
407, 113.9139943, 22.5237691, 6, 4.173787632954751, 2661760
396, 113.8102429, 22.73070417, 3, 3.1303407247160626, 3308300
1635, 113.968556, 22.69827316, 3, 3.1303407247160626, 2.2494286610756606E7
869, 114.1221481, 22.6011108, 3, 3.1303407247160626, 900787.7503453563
430, 113.9834399, 22.74001975, 2, 2.0868938164773754, 2812128
614, 114.3559461, 22.72906025, 6, 7.304128357670813, 11501840
909, 114.3095222, 22.67753944, 3, 3.1303407247160626, 7689384
466, 114.1151488, 22.55020013, 3, 3.1303407247160626, 4597740
2027, 114.2567754, 22.59454, 3, 3.1303407247160626, 6755918.399999999
1294, 114.0450657, 22.52313116, 3, 3.1303407247160626, 2615008
805, 114.1027281, 22.7198865, 2, 1.0434469082386877, 1072038
127, 114.3352269, 22.67480048, 5, 6.260681449432125, 7726602
1105, 114.1331767, 22.5485137, 2, 2.0868938164773754, 3946800
1928, 114.0981703, 22.53641136, 3, 3.1303407247160626, 5201784
463, 114.0946258, 22.54159553, 4, 4.173787632954751, 2.6977846399257597E7
92, 114.0718589, 22.62126535, 6, 4.173787632954751, 6816303
1888, 113.968556, 22.69827316, 7, 6.260681449432125, 4.046676959888639E7
1978, 114.4672776, 22.59444856, 1, 1.0434469082386877, 506625
575, 114.1083255, 22.54846201, 5, 4.173787632954751, 3920184
210, 114.1042953, 22.54730183, 3, 3.1303407247160626, 5929718.050117938
168, 113.8744093, 22.58226338, 6, 6.260681449432125, 3564432
229, 114.0280747, 22.56038858, 3, 3.1303407247160626, 2792775
543, 113.8893661, 22.5612539, 2, 2.0868938164773754, 1441845
1671, 113.9843857, 22.73744168, 3, 3.1303407247160626, 3065480
1344, 114.3732926, 22.69322023, 3, 4.173787632954751, 5483688
936, 114.2829847, 22.67126173, 3, 3.1303407247160626, 1835784
1682, 113.931978, 22.6304777, 1, 1.0434469082386877, 1211328
2014, 114.0946258, 22.54159553, 3, 3.1303407247160626, 580434.74847974
1174, 114.214763, 22.67006742, 5, 4.173787632954751, 12227200
1143, 113.9608013, 22.6869296, 4, 5.217234541193438, 10593000
1920, 113.9127626, 22.5052005, 1, 1.0434469082386877, 1060936
934, 113.8544979, 22.79091959, 3, 3.1303407247160626, 5155536
2025, 113.8461335, 22.76472884, 1, 1.0434469082386877, 1135830
507, 114.2146748, 22.70297441, 5, 5.217234541193438, 6170500
199, 114.0490229, 22.63510087, 3, 3.1303407247160626, 2.0233384799443197E7
843, 114.1422694, 22.60791832, 7, 5.217234541193438, 1.1476631204081003E7
1556, 113.8528783, 22.74227468, 1, 1.0434469082386877, 762951
1683, 114.0994988, 22.70120735, 3, 3.1303407247160626, 2794650
523, 114.0450657, 22.52313116, 2, 2.0868938164773754, 653752
431, 114.5580421, 22.55634191, 1, 1.0434469082386877, 1089330
1074, 114.2473445, 22.5916789, 3, 3.1303407247160626, 3653280
669, 114.0495329, 22.51773653, 2, 2.0868938164773754, 3550008
837, 114.0998616, 22.55693538, 1, 1.0434469082386877, 512385
1792, 113.9332947, 22.58224165, 1, 1.0434469082386877, 852800
1712, 114.0957679, 22.56965336, 3, 3.1303407247160626, 4353020
435, 113.968556, 22.69827316, 5, 3.1303407247160626, 6885978.722448602
1136, 113.968556, 22.69827316, 3, 3.1303407247160626, 8947008.922759833
939, 113.924939, 22.51239945, 7, 8.347575265909501, 5738460
1357, 114.1042953, 22.54730183, 3, 3.1303407247160626, 488374.7529132647
841, 114.2876146, 22.70174801, 3, 3.1303407247160626, 3957600
211, 113.8916427, 22.76205659, 4, 5.217234541193438, 3631166
1380, 114.3040495, 22.77582958, 4, 5.217234541193438, 8181800
1703, 114.0237781, 22.7402955, 3, 3.1303407247160626, 1265964
1383, 113.9262857, 22.4872279, 7, 5.217234541193438, 3054249
377, 114.0545956, 22.61293956, 5, 3.1303407247160626, 2284380
1283, 113.968556, 22.69827316, 8, 5.217234541193438, 1524960
1644, 114.0280747, 22.56038858, 3, 2.0868938164773754, 678672
1042, 113.8833188, 22.57999628, 11, 9.391022174148189, 4967550
2008, 113.964386, 22.54286861, 1, 1.0434469082386877, 935480
1628, 114.0297176, 22.60251452, 4, 5.217234541193438, 3567840
1624, 114.1354918, 22.55227385, 2, 2.0868938164773754, 965312
1994, 114.2847691, 22.67326189, 1, 1.0434469082386877, 786900
1359, 113.884149, 22.54593081, 3, 3.1303407247160626, 4170804
1519, 114.2939222, 22.66603796, 3, 4.173787632954751, 10542906
990, 114.3324378, 22.69398811, 8, 6.260681449432125, 9872800
742, 114.0905531, 22.57029926, 3, 3.1303407247160626, 3680544
1503, 114.1011595, 22.56392718, 3, 3.1303407247160626, 5613454
1725, 114.0946258, 22.54159553, 3, 2.0868938164773754, 1319760
1229, 114.0818223, 22.57645726, 2, 2.0868938164773754, 986391
920, 114.0610319, 22.71362, 4, 5.217234541193438, 3.8787437897999994E7
1098, 114.0518927, 22.5357264, 5, 4.173787632954751, 3275800
598, 113.9634208, 22.70353264, 3, 3.1303407247160626, 2.37482885475E7
1226, 113.8948506, 22.55553054, 5, 4.173787632954751, 2335392
243, 113.8881337, 22.46708487, 1, 1.0434469082386877, 882934
1520, 113.9013678, 22.79263871, 3, 3.1303407247160626, 3459414
1949, 114.0916162, 22.549222, 7, 5.217234541193438, 3250100
176, 114.1357787, 22.61047964, 9, 7.304128357670813, 8363520
1629, 114.0450657, 22.52313116, 3, 4.173787632954751, 7766573.76
392, 114.3489082, 22.76434466, 6, 7.304128357670813, 19008540
1886, 113.8948506, 22.55553054, 3, 3.1303407247160626, 1751544
856, 114.0573383, 22.6047373, 8, 7.304128357670813, 2033280
1973, 113.9045836, 22.80055712, 4, 5.217234541193438, 6696270
1507, 114.041213, 22.596557, 1, 1.0434469082386877, 1367810
2013, 114.3198028, 22.60277412, 2, 2.0868938164773754, 442130.10793730995
818, 114.0946258, 22.54159553, 3, 3.1303407247160626, 2.2494286610756606E7
1120, 114.3285122, 22.67135289, 1, 1.0434469082386877, 1113665
830, 113.931978, 22.6304777, 3, 3.1303407247160626, 4845312
1027, 114.0984549, 22.56231854, 4, 3.1303407247160626, 5353776
1453, 113.8210521, 22.72300151, 7, 6.260681449432125, 2502288
1984, 114.2387213, 22.56366033, 3, 3.1303407247160626, 4628654.570171221
922, 113.8341494, 22.62683087, 6, 4.173787632954751, 9332120
1410, 113.9355346, 22.68900164, 3, 4.173787632954751, 7050645
573, 114.2834069, 22.66229613, 3, 3.1303407247160626, 333788.6587821254
1509, 113.89667, 22.77535293, 3, 3.1303407247160626, 1.8208119902049E7
1204, 113.905693, 22.78527296, 1, 1.0434469082386877, 521940
932, 114.1504528, 22.64612288, 3, 2.0868938164773754, 1197999
1000, 114.1092381, 22.55806886, 2, 2.0868938164773754, 1315895
456, 113.9175271, 22.72183077, 3, 3.1303407247160626, 8472562
1386, 114.1011595, 22.56392718, 7, 6.260681449432125, 5613454
1064, 114.2360842, 22.55783509, 3, 3.1303407247160626, 8947008.922759833
610, 113.884149, 22.54593081, 3, 3.1303407247160626, 2085402
301, 114.0280747, 22.56038858, 3, 2.0868938164773754, 725420
232, 114.0321467, 22.60364925, 3, 3.1303407247160626, 3685056
780, 114.1674935, 22.56881687, 3, 4.173787632954751, 3789045
75, 113.980651, 22.70610151, 2, 2.0868938164773754, 3380400
1649, 114.2867986, 22.66660255, 3, 3.1303407247160626, 2561960
25, 114.0923787, 22.56380177, 4, 3.1303407247160626, 8975218
878, 113.9524126, 22.5405666, 7, 5.217234541193438, 3988776
296, 113.9897632, 22.67519576, 1, 1.0434469082386877, 938898
157, 113.968556, 22.69827316, 9, 7.304128357670813, 1487745
1573, 113.968556, 22.69827316, 3, 3.1303407247160626, 2.6376325747199997E7
223, 114.3199658, 22.72416385, 1, 1.0434469082386877, 1269026
1587, 114.0254399, 22.71858525, 3, 3.1303407247160626, 5075560
1548, 113.993609, 22.7445097, 1, 1.0434469082386877, 1066881
214, 114.2360842, 22.55783509, 3, 3.1303407247160626, 8947008.922759833
1858, 114.1121549, 22.56746314, 2, 2.0868938164773754, 1134624
1411, 114.2774086, 22.72266366, 1, 1.0434469082386877, 1180641
191, 114.2360842, 22.55783509, 3, 3.1303407247160626, 8947008.922759833
1557, 114.1042953, 22.54730183, 3, 3.1303407247160626, 1.4519315561048644E7
473, 114.0984549, 22.56231854, 3, 4.173787632954751, 8030664
364, 114.3385519, 22.75543252, 3, 3.1303407247160626, 889658.4281187933
55, 113.9387369, 22.76682196, 4, 3.1303407247160626, 3673692
1686, 113.8355052, 22.73310871, 4, 5.217234541193438, 10116000
1179, 114.3808979, 22.71648088, 1, 1.0434469082386877, 457005
155, 113.968556, 22.69827316, 4, 3.1303407247160626, 1253175
1707, 114.1261595, 22.70308613, 4, 3.1303407247160626, 3757800
1912, 114.1218527, 22.67637751, 2, 2.0868938164773754, 813975
492, 113.9837854, 22.68785579, 1, 1.0434469082386877, 1265862
472, 114.2240162, 22.70156244, 6, 5.217234541193438, 15049528
