OBs-ID,x-coordinate,y-coordinate,ob-price,capacity
69, 114.0183449, 22.6386412, 779932.6991600896, 1
611, 114.019634, 22.66877246, 231754.48851896427, 1
967, 113.8603881, 22.78971246, 698717, 0
530, 114.1298599, 22.57173101, 1178928, -2
653, 114.1578879, 22.60869288, 223306.258357117, 2
112, 113.9015615, 22.71955435, 1221012, -3
887, 114.0373938, 22.57578613, 602642, -1
535, 113.9952455, 22.5333633, 533055.4970039289, 1
862, 114.2587806, 22.57845399, 848232, 0
421, 113.8922304, 22.79108217, 530155.7369525598, 2
504, 114.2706609, 22.69643868, 339375.0471316391, 2
631, 113.9834399, 22.74001975, 703032, -4
58, 113.9205107, 22.61736685, 225562.21026683404, 2
236, 113.977303, 22.72436538, 1049720, -4
659, 114.1008377, 22.70977353, 1390272, -1
103, 113.9401341, 22.68797167, 717580, -1
186, 114.3517352, 22.72512387, 1368000, 0
474, 114.1674935, 22.56881687, 1263015, -1
367, 114.0980655, 22.60877089, 555047.1047821543, 1
844, 114.1049978, 22.56803444, 1.2801001583746146E7, 6
351, 114.1083255, 22.54846201, 1306728, -3
93, 113.9399642, 22.72081946, 1017423, -4
267, 114.1279131, 22.68921886, 187306.19969222596, 1
210, 113.863564, 22.77118378, 931710, 0
531, 114.0074993, 22.58507887, 336504.8972185476, 1
443, 114.2956573, 22.6953443, 1266055, -1
995, 114.2522828, 22.71452222, 870096, 0
765, 114.1102504, 22.62251446, 1198626, -2
745, 113.8464076, 22.74194233, 521504, 0
354, 113.936609, 22.69505631, 5866639.987541619, -43
495, 114.2210604, 22.70565195, 1203264, -3
288, 113.8746304, 22.57015688, 449936.44015109993, 1
946, 114.0436966, 22.64983377, 251946.41567018043, 2
673, 114.0260963, 22.61527902, 344225.3840086968, 1
41, 113.8460198, 22.63041229, 1038213, -1
360, 114.4865819, 22.52547572, 966450, 0
215, 114.0914813, 22.54589324, 801416, -1
152, 114.0593064, 22.72780458, 244970.498931939, 2
416, 113.8801476, 22.49715906, 267512.2852021118, 2
482, 113.7985327, 22.72284588, 1314686, -1
441, 113.888317, 22.70280065, 584978.3887499999, 0
989, 113.936611, 22.67894119, 3.53778777792E7, 0
570, 113.833737, 22.72531168, 266347.0548013025, 2
340, 113.9524126, 22.5405666, 997194, 0
329, 113.8073582, 22.73253642, 1355764, -1
57, 114.3712383, 22.74697943, 1072693, 0
158, 114.2125284, 22.72475814, 437055.04779580655, 1
463, 113.957071, 22.58832707, 386112.8786391065, 1
683, 113.9522202, 22.74086001, 1196028, -1
858, 113.8552673, 22.79763444, 1131909.616129739, 2
398, 113.8064836, 22.69279451, 860868, -9
151, 113.8918665, 22.54628175, 512415, 0
68, 113.8276875, 22.72981511, 986400, 0
958, 114.0959054, 22.56484784, 1191708, -4
52, 113.8661029, 22.75930169, 844608, -8
964, 113.8978583, 22.79887797, 1251599, -2
448, 114.3732663, 22.72921063, 376528.36503158556, 1
729, 114.3215746, 22.70437613, 843150, -5
848, 114.2829847, 22.67126173, 611928, -1
291, 113.8962024, 22.57405691, 961408, 0
225, 114.0313923, 22.74005973, 307762.97432143363, 1
598, 114.3326219, 22.70345535, 372267.9027124261, 1
54, 114.4672776, 22.59444856, 234714.91947968502, 1
252, 114.2099445, 22.70807763, 1228290, -1
378, 114.0125106, 22.66960061, 333530.1714363889, 1
92, 113.9714988, 22.5650794, 300940.6866857558, 2
479, 113.9426484, 22.73934999, 470885.500004532, 2
715, 114.0237781, 22.7402955, 632982, 0
303, 114.0447841, 22.67738457, 216695.62496448422, 2
43, 113.8086998, 22.76195894, 750322.1638300553, 1
497, 114.5229326, 22.65319931, 140182.98162071567, 1
560, 113.9090228, 22.5155996, 868112.571590625, 1
632, 113.9157343, 22.5349482, 545712, -1
471, 114.0527624, 22.63151064, 874920, -3
346, 114.1242908, 22.59420024, 1082084, 0
654, 113.9952024, 22.67630999, 808608, -1
556, 114.0301239, 22.63180182, 443209.03190181754, 1
336, 114.1011595, 22.56392718, 371523.4298721698, 1
680, 114.2508291, 22.73397813, 322931.5924880941, 1
244, 114.0271627, 22.63621566, 705652.1970042977, 1
432, 114.2567754, 22.59454, 2251972.8, -2
802, 114.0610319, 22.71362, 7757487.579599999, -8
574, 114.2282188, 22.54732311, 305534.6287690678, 1
590, 113.8658054, 22.58441702, 1113365, 0
714, 114.2175072, 22.66480641, 1083605, -2
998, 113.8319797, 22.6725188, 1112397, 0
255, 114.2351296, 22.70908286, 934177, 0
949, 113.9938053, 22.70191, 233227.75463087228, 1
851, 114.0420236, 22.55062703, 578934, -2
108, 114.4059728, 22.74964726, 568052.8685762904, 1
695, 114.1382291, 22.61523669, 597216.679226954, 1
500, 113.8391301, 22.6959473, 430805.24910095136, 1
344, 114.2237726, 22.65744553, 4839771.853682881, -23
427, 114.1561488, 22.64686208, 700060, 0
187, 113.8159333, 22.72504131, 249305.35019110615, 1
615, 113.8755798, 22.58870565, 361258.3105552206, 2
271, 114.0140647, 22.62626062, 513613.92357970594, 2
77, 113.9262857, 22.4872279, 1018083, -1
433, 113.8394428, 22.80603833, 801966, -1
220, 114.2225624, 22.61654006, 594252, -3
78, 113.8380979, 22.76558553, 1236096, -3
149, 114.2717263, 22.58856211, 514192, -2
895, 114.3138517, 22.66510718, 437800.611751875, 1
817, 113.8980972, 22.55150493, 716016, -1
526, 114.055946, 22.67616114, 1043536, -5
7, 114.2867986, 22.66660255, 640490, -1
265, 113.8801273, 22.61236295, 230482.4415277857, 2
868, 114.0294245, 22.67435697, 277046.16601353674, 2
74, 114.2118053, 22.6108732, 671726, -3
833, 114.234915, 22.71557304, 587191.520297527, 1
8, 114.0669311, 22.71030324, 307673.55911401287, 1
280, 114.3890236, 22.75600408, 633763.8712093362, 1
1, 114.3064406, 22.77130579, 4226758.493667309, -18
217, 114.2563818, 22.58771104, 1195155, -2
637, 114.0041979, 22.73380776, 398131.1517311598, 2
717, 114.1186904, 22.62107604, 250969.49228983998, 1
664, 114.0466717, 22.64186821, 821184, 0
789, 113.932356, 22.56162924, 666388.8247398626, 1
388, 113.9625456, 22.5629959, 689610.836928223, 1
15, 113.8045813, 22.66852381, 621054, -2
703, 114.0297176, 22.60251452, 891960, 0
53, 113.8893661, 22.5612539, 480615, -6
484, 113.8440245, 22.77613656, 1151185, 0
369, 114.1319117, 22.61247265, 544916.6588366798, 2
18, 114.2203198, 22.69700052, 906456, -2
105, 113.8298166, 22.67844841, 782951.7891712501, 1
821, 114.1361528, 22.54496138, 3.639944543776201E7, 6
651, 113.9409297, 22.6785624, 629320, -1
197, 114.1133922, 22.54692885, 472863.275028416, 3
801, 114.4875528, 22.53501616, 316415.8646271275, 1
550, 113.8997526, 22.54463128, 791123.092554455, 2
284, 114.1518071, 22.6192441, 339918.4533053846, 2
589, 114.3324378, 22.69398811, 1410400, -1
672, 114.2755843, 22.74486627, 366174.7326199754, 1
648, 114.0118614, 22.65099043, 271053.99527173146, 2
437, 114.3024076, 22.66862423, 688240, -2
164, 114.5769004, 22.49474317, 534425.4289297122, 1
650, 114.1266964, 22.55171362, 821750, -1
311, 113.9856891, 22.52621558, 1202172, 0
970, 114.3040495, 22.77582958, 818180, -2
32, 114.0097436, 22.54087223, 1293006, -1
987, 114.1151488, 22.55020013, 656820, -3
595, 114.2181855, 22.75663067, 329559.61708672304, 1
891, 114.2191936, 22.6864041, 398625.5911406267, 2
735, 114.2347128, 22.69894134, 244306.43781768245, 1
757, 114.3616178, 22.68870689, 229980.36640043516, 1
452, 113.9065174, 22.76591498, 356833.9468639272, 2
455, 114.0497183, 22.72134663, 727200, 0
822, 114.3624828, 22.75343579, 579386.4529430257, 1
744, 113.9657104, 22.6806402, 393128.2095204917, 1
126, 114.0046208, 22.59551516, 182160.90050038905, 1
374, 114.2642798, 22.72773757, 497430, -2
702, 114.1334528, 22.60298027, 248571.96017376328, 1
997, 113.9258007, 22.69787298, 244571.90369256394, 1
747, 114.0418453, 22.63716316, 245329.38485387518, 1
626, 114.0361853, 22.50864622, 847187.98747875, 0
699, 113.9163977, 22.70164617, 174447.85350613447, 2
684, 114.0453813, 22.75277193, 200545.98714339876, 1
502, 113.8553703, 22.78458004, 718410, -2
869, 114.1697836, 22.60198124, 1181635, 0
320, 114.3983074, 22.73835999, 222554.6475279636, 2
600, 113.8775801, 22.79067888, 769609.2768537415, 1
38, 114.2475127, 22.71669352, 259339.31165390607, 1
928, 114.0109673, 22.53116917, 755118, -1
805, 113.8881337, 22.46708487, 882934, 0
643, 114.2169694, 22.61605202, 878625, -4
880, 114.1223451, 22.60760209, 484185.39054941386, 2
937, 113.9032438, 22.72744574, 1485760, -2
602, 113.9259902, 22.71932507, 1215192, -1
21, 114.3178712, 22.72020294, 529999.5436660559, 2
581, 113.9275589, 22.50061021, 550062, -1
811, 114.1092149, 22.69924452, 647198.108363394, 2
691, 114.3333945, 22.78563924, 1085180, 0
413, 113.9152116, 22.75330155, 2295326.2408162006, -76
318, 113.8235234, 22.65109646, 521750.2441637713, 1
183, 114.2923767, 22.7796408, 369936.204014764, 2
56, 114.03056, 22.72458829, 1270308, 0
61, 114.0573383, 22.6047373, 508320, -1
972, 113.9053659, 22.57987075, 170594.48832616504, 1
90, 114.1357787, 22.61047964, 522720, -4
144, 113.9874438, 22.5398186, 716260, -4
396, 113.8680464, 22.6059268, 270591.86424291035, 2
123, 114.0765478, 22.62515275, 493282.3879441449, 2
177, 113.7645846, 22.67131472, 1263920, 0
841, 114.2107963, 22.65930324, 348505.26839291246, 1
272, 113.8709278, 22.80842361, 580909.2912165608, 1
866, 114.1575204, 22.57007701, 877828, 0
586, 113.9303011, 22.51106117, 763715, 0
838, 113.8759726, 22.80667899, 633022.6052410805, 1
269, 113.9218083, 22.51883796, 1325844, -2
506, 113.9644245, 22.53364804, 297927.612507912, 1
775, 114.0189224, 22.74761867, 629067.951300437, 1
839, 114.3943777, 22.69348336, 1194900, 0
11, 114.0658046, 22.54474181, 995571, -1
854, 114.3560622, 22.69406645, 547525.451753709, 1
960, 114.1157997, 22.67680622, 292074.57712290395, 2
969, 113.9647448, 22.58175217, 483572.26705122675, 1
113, 114.0492451, 22.56662297, 630853, -5
476, 114.0209937, 22.53307745, 318798.1081326088, 1
807, 114.3533694, 22.67641578, 8792108.5824, -3
584, 114.1425635, 22.67988803, 383170.5460537497, 2
966, 114.0994253, 22.61636306, 297021.420817375, 1
943, 113.8637706, 22.57978804, 468232.6435403464, 1
561, 114.0254399, 22.71858525, 6069373.300683, -7
191, 113.896119, 22.72186615, 753220, -2
827, 114.1221481, 22.6011108, 8195559.161368374, -6
539, 113.9089654, 22.7268016, 281819.7619941628, 2
460, 113.8891921, 22.59012776, 379656.0994863599, 1
110, 114.0587637, 22.53249916, 1334556, -1
739, 114.1653519, 22.59606367, 183120.11364424432, 1
668, 114.0916162, 22.549222, 812525, 0
229, 114.5022922, 22.59605766, 340523.43996436347, 1
726, 113.9743099, 22.68119216, 755757, -2
961, 113.9671992, 22.57073075, 1291248, 0
578, 114.3125033, 22.7649677, 432389.7051080978, 1
33, 113.8950865, 22.71774923, 244146.60234327728, 1
957, 113.8825802, 22.73133707, 839953.135713125, 1
153, 114.0488191, 22.60469621, 631155, -1
828, 113.8461335, 22.76472884, 878883.602240625, 1
414, 113.9327481, 22.6012731, 434398.9013377751, 2
134, 114.3122933, 22.69246974, 1116224, -2
857, 114.3035778, 22.7030569, 1032932.5539637501, 0
951, 113.927185, 22.62988075, 1077777, -1
753, 114.0622229, 22.57712159, 326160.26907107746, 1
195, 114.115931, 22.58323568, 1084195, -1
333, 113.8504062, 22.60458662, 1208795, -1
634, 113.9784448, 22.5901607, 829270, -4
711, 113.9219319, 22.76063276, 628852.9841696427, 1
16, 114.3833801, 22.69048805, 2548987.65, -66
846, 114.3141642, 22.7751023, 1104830, -1
171, 113.9478989, 22.57658566, 1194156, -1
129, 114.2431327, 22.56455993, 719095, -1
942, 114.2435979, 22.58241509, 1373403, -1
224, 114.0579046, 22.57556408, 369670.9635506814, 1
46, 114.0923787, 22.56380177, 1282174, -5
865, 114.0383256, 22.73710796, 591477.8525870527, 1
328, 114.0503059, 22.5483735, 1113738, 0
601, 114.0346794, 22.67231938, 219373.5439034024, 2
734, 114.2252403, 22.63378122, 234438.57161964924, 2
237, 114.2647351, 22.7062861, 215495.92556560223, 1
138, 114.4003552, 22.6188088, 397082.280457623, 1
617, 113.8617589, 22.57155632, 628314.5440367548, 2
992, 114.130318, 22.63037947, 840005.752816875, 0
523, 113.9317005, 22.61088634, 398164.9932590807, 1
823, 113.9014204, 22.51532538, 785519, -1
864, 114.2540775, 22.74234574, 128178.94784386831, 2
317, 114.2982552, 22.71040813, 888894, 0
922, 113.922351, 22.5361136, 256952.61893250974, 2
878, 114.3039921, 22.68977252, 656280, -3
652, 113.8916427, 22.76205659, 518738, -3
285, 114.0651131, 22.63560027, 244619.15939804018, 1
36, 114.1831931, 22.55817396, 804311.2381699998, 1
465, 114.055827, 22.52545213, 626430, -1
407, 114.3480704, 22.68461142, 3192999.852368078, -55
663, 113.901536, 22.75932862, 199069.02514307556, 1
537, 113.9705889, 22.54983022, 1222122, 0
42, 114.0404776, 22.52785478, 580032, -3
251, 114.2792508, 22.66839408, 1129740, -4
724, 114.0905531, 22.57029926, 525792, -2
919, 114.0506193, 22.673603, 584736, 0
796, 113.8403815, 22.61457115, 147339.63260725903, 2
694, 114.2008166, 22.65662947, 951635, 0
352, 114.0305432, 22.56786856, 788831, -3
855, 113.8553547, 22.57392107, 290704.8274108282, 1
198, 113.8347627, 22.70959186, 327000.21607135714, 1
184, 113.8454037, 22.71817642, 579339.1972375493, 1
685, 113.8503056, 22.72011299, 240881.78904434148, 1
404, 113.9142301, 22.54249797, 1267832, -4
415, 113.9138098, 22.56441558, 669324.2528714782, 2
165, 114.1416898, 22.68866649, 488374.7529132647, 0
679, 113.9486925, 22.78265274, 323747.9116356356, 1
446, 114.129943, 22.58690043, 870662, 0
483, 114.0491343, 22.73364824, 609681.9930656322, 1
338, 114.525409, 22.48126127, 324126.3875179858, 2
927, 114.1232007, 22.57802189, 1142939, -1
4, 113.8528783, 22.74227468, 762951, 0
423, 114.0512736, 22.65620457, 601495.9190543893, 2
230, 113.9287452, 22.5922123, 809358, 0
14, 113.9013678, 22.79263871, 1153138, -1
168, 114.1130659, 22.65132133, 783614, -1
572, 114.2818029, 22.58864071, 252085.54148251406, 1
357, 114.3547067, 22.74041881, 323094.49830597243, 2
676, 113.9222223, 22.78389786, 292812.43338740815, 2
240, 113.8851632, 22.72061152, 1712763.3599999999, -5
973, 113.933633, 22.52550055, 1161510, -1
512, 113.9370425, 22.53714623, 680560, 0
51, 114.0320786, 22.56121934, 1074579, -1
661, 114.0545956, 22.61293956, 761460, -5
256, 113.9945339, 22.53990409, 1530247.95, 0
790, 114.0398046, 22.69945295, 329787.83940322837, 2
72, 114.2810814, 22.68512797, 419199.6917953125, 1
472, 114.2890618, 22.73805887, 464136.2733635647, 1
704, 114.0017638, 22.59835539, 1270584, -1
588, 113.8282047, 22.73376795, 718152, -3
447, 114.0706953, 22.69695963, 262773.22625185014, 2
571, 113.947055, 22.53382191, 479833.5068238374, 2
947, 114.0659798, 22.55478286, 159166.13705730834, 2
965, 114.4721157, 22.59205114, 649341, 0
228, 113.964386, 22.54286861, 1976572.6833726459, -56
211, 114.3242639, 22.60439637, 500000, 0
122, 113.8399373, 22.59919761, 579213.1820229458, 1
979, 114.0430529, 22.56731939, 1194876, 0
324, 114.0923412, 22.55686737, 189897.85047390332, 1
649, 114.0371086, 22.66415043, 393591.38103836926, 1
259, 114.001464, 22.63733905, 567525, 0
519, 114.2419631, 22.7339916, 381368.79580772435, 2
154, 113.9811375, 22.55455443, 1249488, -2
488, 113.8761848, 22.79295095, 531765, -1
428, 114.4128062, 22.69650582, 310405.58967308723, 2
767, 113.8563369, 22.74696049, 552565.1337553872, 1
309, 113.94436, 22.77088278, 561017, 0
580, 114.1274377, 22.60239706, 900264, -3
208, 114.072443, 22.6488278, 421259.1333035097, 1
856, 114.0766851, 22.57433865, 549656.1281212139, 2
697, 113.7953963, 22.73625293, 523230.92293536203, 1
980, 114.3004647, 22.59594151, 354114.7986076869, 2
370, 113.8355052, 22.73310871, 1011600, 0
974, 114.37472, 22.69079949, 637240, -6
514, 114.0676919, 22.67689567, 437113.8898603709, 1
19, 114.1261595, 22.70308613, 939450, -2
618, 113.9657033, 22.58744293, 228534.77553544566, 2
412, 113.893394, 22.52991899, 851500, -1
477, 113.9821344, 22.54958485, 582996, 0
233, 113.8830857, 22.79706448, 822010.7033343749, 1
89, 113.884839, 22.81101354, 769536, 0
674, 114.3385519, 22.75543252, 444829.21405939665, 0
513, 114.0957679, 22.56965336, 842070.9741390626, 1
163, 114.2624986, 22.59287108, 506852.18807552394, 1
312, 114.3732926, 22.69322023, 783384, -1
431, 113.9722297, 22.61881648, 304938.51857642893, 1
954, 114.261562, 22.58687942, 1287790, -3
418, 113.8130811, 22.78087983, 684061.7429753619, 1
98, 113.9426483, 22.55304371, 1079808, 0
597, 114.3352269, 22.67480048, 594354, -2
155, 114.3678612, 22.73955335, 535376, -1
1000, 113.8296581, 22.72516813, 471675, 0
81, 114.4878043, 22.5721, 805322, 0
379, 114.1306793, 22.70066274, 7366785.986801034, 3
701, 114.1033167, 22.69059239, 1309840, -1
141, 114.0495329, 22.51773653, 1183336, 0
501, 114.0994988, 22.70120735, 931550, 0
764, 113.8868121, 22.72240779, 1183616, 0
579, 114.2182204, 22.64907737, 574438.9658961495, 2
355, 114.3267293, 22.78896473, 334229.4124267701, 1
623, 114.1272273, 22.69348192, 990264, -2
559, 113.9513733, 22.55799873, 377571.59135051566, 2
315, 114.0431905, 22.55531317, 1173588, -2
12, 114.2365132, 22.59596208, 812309.03794, 1
306, 113.905693, 22.78527296, 144780.71379521006, 1
425, 113.8741739, 22.81789539, 412741.52403702267, 1
678, 114.4142507, 22.63855059, 935226, 0
884, 113.9699356, 22.53011123, 321203.51619959826, 1
826, 114.0297867, 22.52268154, 523372.69005179073, 1
863, 114.3667324, 22.73473908, 880568, 0
469, 114.0946258, 22.54159553, 2885808.825651867, -101
111, 114.48174, 22.54079562, 498485.1484588389, 1
635, 114.0624633, 22.53793854, 1102360, -1
604, 114.021967, 22.61886057, 1135920, -1
712, 114.1344921, 22.66603443, 372733.3624161248, 1
999, 113.8597157, 22.72651427, 779700, -1
749, 114.2650762, 22.59260631, 1376880.5561899783, 1
475, 113.838392, 22.58838925, 300421.2405841857, 2
106, 114.0321467, 22.60364925, 614176, -1
243, 114.1027281, 22.7198865, 641868.7508672331, 1
625, 114.099536, 22.57721134, 850327.9905231249, 1
175, 113.8605175, 22.80416164, 521987.8446821074, 1
99, 113.9032064, 22.55898151, 809725, -3
48, 114.0375051, 22.69082435, 1046040, -1
629, 113.8821179, 22.81945596, 301787.9073260633, 1
239, 114.1170091, 22.61103696, 623740.9622261557, 3
279, 113.9351046, 22.57055094, 828022.6513827773, 0
832, 113.7947103, 22.74241702, 435025.4954163075, 1
883, 114.0845334, 22.55449314, 1468623, -1
549, 114.3199658, 22.72416385, 1269026, -1
82, 114.1080045, 22.61812467, 1286320, -4
885, 113.9020529, 22.78104849, 1495160, 0
952, 114.0802179, 22.53332558, 621523.2886471876, 0
361, 114.2519571, 22.69252101, 481363.42506067344, 2
728, 114.0656862, 22.64385302, 260480.45952347328, 2
920, 114.146039, 22.55984134, 505591.57263825944, 1
377, 114.3842503, 22.74721594, 239648.97108088643, 2
457, 114.1132982, 22.57428937, 1224390.7971179031, -4
692, 113.9642825, 22.69510751, 980192, -2
119, 113.8833188, 22.57999628, 827925, -3
510, 114.4733986, 22.55212083, 178156.22723322915, 1
31, 114.0644572, 22.65490436, 941814, 0
542, 114.0069626, 22.53846962, 656550, 0
466, 113.9365428, 22.76215335, 1192140, -1
687, 113.8612319, 22.60173099, 191804.6664113888, 2
253, 114.0139728, 22.75095175, 685672, -3
893, 113.8339415, 22.60167939, 420502.5787246589, 1
769, 114.0549154, 22.6874012, 373360.38057026826, 1
22, 114.1200256, 22.56292986, 1024550, -1
554, 113.9634208, 22.70353264, 3.1263758593353E7, -10
782, 113.9215797, 22.60903599, 175320.47362720466, 1
976, 114.0461422, 22.69132248, 562793.2142436238, 1
241, 114.4051074, 22.77520683, 286381.6207583308, 1
756, 114.2574001, 22.71075833, 233526.51470322468, 1
142, 113.8262562, 22.78336177, 569605.3934597357, 1
575, 114.3198028, 22.60277412, 442130.10793730995, 0
628, 114.0104162, 22.63111842, 731712, -2
254, 113.9304062, 22.68073678, 1045072, 0
803, 113.884149, 22.54593081, 695134, -1
125, 114.5580421, 22.55634191, 302168.7836888074, 1
670, 114.2434892, 22.60829367, 274166.30628215836, 1
200, 114.4259074, 22.60700273, 319650.1007048726, 1
20, 113.8691683, 22.5938327, 398463.4644397596, 2
746, 114.0503917, 22.5948486, 928537.125, 1
682, 114.031832, 22.70150831, 329204.0924532271, 2
169, 114.1248793, 22.542384, 549241.9457614511, 1
203, 114.1027893, 22.59637715, 863128, -3
904, 114.1172224, 22.59546438, 689143.8221156171, 1
445, 113.8564083, 22.58683717, 6386278.674599999, -4
867, 113.9778758, 22.56564506, 453570, 0
791, 114.2850418, 22.6886509, 286949.3396200728, 1
434, 113.9887725, 22.6637733, 646066.8462037499, 1
401, 114.4249178, 22.63569076, 163309.22772145606, 2
156, 114.3300158, 22.79799438, 542684.5216897699, 1
913, 114.3870185, 22.7411354, 158598.04321155493, 1
59, 113.9439491, 22.77869306, 545940, -1
232, 113.98464, 22.59929414, 1428921, 0
487, 114.132336, 22.54514773, 832086, -1
820, 114.4206344, 22.64119686, 172052.26967668318, 1
436, 114.102483, 22.54850495, 682479, -2
716, 114.4245496, 22.6284636, 419643.63678394264, 1
986, 114.0189306, 22.72999684, 1010922, 0
345, 114.0236759, 22.60839755, 316303.28485819855, 2
145, 113.9158069, 22.73178047, 557357.0318937361, 2
294, 114.0110027, 22.5540326, 965523.8538124999, 1
339, 114.0493414, 22.5279925, 1297812, -3
45, 114.1423071, 22.6301128, 983043, -1
147, 114.1528294, 22.6563481, 1270758, 0
776, 114.023298, 22.52682045, 285021.66983670834, 1
529, 114.2567155, 22.71858552, 210178.35694398673, 2
763, 113.9173949, 22.69358232, 680181, 0
91, 114.1354918, 22.55227385, 965312, -1
121, 114.2472398, 22.74332592, 614685.5383513576, 1
819, 114.3935944, 22.61657424, 962366.8275875, 1
892, 113.9180301, 22.68796411, 499125, -1
718, 113.949178, 22.68319431, 617845.1845410472, 1
548, 113.8409704, 22.62437861, 771415.0674624844, 1
88, 113.8649922, 22.79720284, 513200, -3
342, 113.9430537, 22.58455382, 552421.9767652676, 2
587, 114.1074937, 22.54258289, 1239142, -1
915, 114.128678, 22.56061647, 743175.6397233063, 1
908, 113.9387369, 22.76682196, 1224564, -1
890, 114.1354949, 22.56516076, 775060, -2
453, 113.7931053, 22.67053428, 499965.3984896874, 0
385, 113.9310081, 22.75180357, 1144225, 0
636, 114.3660499, 22.76604231, 750435, 0
449, 114.0268688, 22.59775455, 285937.61020715645, 2
669, 113.8059591, 22.72585783, 3.3402752575764094E7, 7
853, 114.0366085, 22.6327468, 248450.62851632558, 2
115, 113.8927493, 22.76804691, 7916096.1825, -11
6, 114.433137, 22.6285556, 489695.1239490182, 1
308, 114.0012656, 22.72803226, 537806.0650361878, 1
399, 114.1100798, 22.59688819, 601667.2960099999, 1
624, 113.9003568, 22.56407266, 2225486.34, -1
736, 113.9364244, 22.75496381, 266743.36130541813, 2
400, 113.8275729, 22.76687465, 817700, 0
909, 114.1209247, 22.66358533, 528618.0733596593, 1
282, 114.1143859, 22.69911255, 554365.0201845577, 1
991, 114.018724, 22.62287191, 556830, -1
982, 113.9734805, 22.62434102, 241685.65160703025, 2
563, 114.0709673, 22.52756307, 294497.55652826955, 1
941, 114.0920617, 22.69926695, 1060620, -1
25, 113.957259, 22.58270328, 1213902, 0
60, 114.5135669, 22.65033074, 575641.2066384144, 1
114, 114.1622281, 22.57001282, 226782.6194014867, 2
222, 113.8764685, 22.77355168, 358311.7263394508, 1
912, 113.8662713, 22.81957744, 721160, 0
326, 113.9754926, 22.68904289, 941160, -4
300, 114.1717413, 22.56394335, 1166812, -2
148, 113.9321561, 22.78251295, 1156470, -1
675, 114.2482186, 22.597762, 640338, -5
314, 113.8540567, 22.62132675, 428028.2814673739, 1
923, 113.8471295, 22.77254999, 486144, -2
518, 114.1304523, 22.70820346, 451639.248006294, 2
262, 113.8961269, 22.51793372, 592591, -1
906, 114.0610122, 22.63303021, 1049970, -3
534, 113.9109049, 22.73773833, 302375.43892078317, 2
173, 114.0558319, 22.6636871, 652400, -3
63, 114.3292812, 22.68364859, 1078104, -2
80, 114.3492044, 22.70813761, 728156, 0
238, 114.2301425, 22.55957429, 769975, -4
594, 113.7886466, 22.75739522, 1378102, 0
759, 113.8687342, 22.77005729, 1244397, -1
630, 114.3562205, 22.71680927, 988036, 0
429, 113.972242, 22.67589127, 462390, -2
373, 114.2981812, 22.60276444, 659988, 0
319, 114.0648785, 22.66256822, 1493430.1702287055, 3
307, 113.8927351, 22.80211546, 168210.97886809203, 1
391, 113.7822354, 22.70703794, 812794.97236875, 1
921, 113.9964075, 22.73472008, 1005129, -1
800, 113.8542351, 22.71577031, 880090.7005031251, 1
350, 114.1203258, 22.55337499, 524267.76870845945, 1
641, 113.8551722, 22.73321983, 721335, 0
761, 113.8906331, 22.58145324, 487424.55739069317, 1
772, 114.2190663, 22.62642335, 870684.6194268749, 1
950, 113.8756346, 22.78206316, 1261680, 0
62, 113.9366485, 22.52943032, 1.01445289704E7, -1
205, 113.7948392, 22.74855338, 338738.417058809, 2
359, 113.9179521, 22.64049539, 1045568, 0
640, 114.0147148, 22.66305665, 544790.741013001, 1
818, 114.3625294, 22.72891003, 170745.21000813306, 2
713, 114.2860963, 22.71315916, 1174190, -4
515, 114.1584063, 22.56203742, 757675, -3
758, 114.2834069, 22.66229613, 3.2940985424886E7, -4
5, 113.9735968, 22.53691557, 705679, -1
67, 114.2219301, 22.66886258, 1205608, -2
17, 114.5410021, 22.49485632, 563632.6979526735, 1
335, 114.214763, 22.67006742, 1222720, -3
96, 114.0654481, 22.57084405, 378327.3248782959, 1
322, 113.8352106, 22.77728948, 867030.82584, 1
770, 113.9238649, 22.572151, 942906, -3
394, 114.0534658, 22.64360118, 585896.6213092308, 1
95, 113.9812072, 22.68180991, 295166.5490646201, 1
405, 113.9444144, 22.68440914, 777568, -1
162, 114.0305019, 22.62003586, 869928, -1
325, 113.8856787, 22.54932036, 555472, -1
975, 114.0406397, 22.5999918, 432264.6164759547, 1
690, 113.9180058, 22.51905186, 1030378, -2
786, 113.9700406, 22.55899902, 356310.74748851627, 0
804, 114.2146748, 22.70297441, 1514276.3166490155, -5
481, 114.0851591, 22.72977703, 322252.3435619744, 2
886, 114.4699089, 22.60037592, 248580.44683654662, 1
614, 114.0891034, 22.70606051, 1340313, -2
665, 113.8881389, 22.7330613, 652218, 0
442, 114.0505903, 22.50486884, 241995.20495004166, 2
705, 113.9953941, 22.68750576, 436359.18436810665, 1
940, 113.9800439, 22.55948125, 400073.62785132776, 1
962, 114.1504528, 22.64612288, 1197999, 0
290, 113.8267721, 22.69907369, 272358.25851262535, 1
505, 114.116191, 22.66686081, 439533.1367185103, 2
876, 114.035203, 22.55718007, 633199, -1
139, 114.3538281, 22.68777839, 677160, 0
29, 114.1942113, 22.64106038, 1316016, -7
546, 114.2482274, 22.72613882, 166555.795285274, 1
348, 114.0306177, 22.68109238, 729249.844546875, 1
235, 113.8265841, 22.75272624, 978728.4255109375, 2
945, 114.2786885, 22.72662505, 346649.52823696577, 1
925, 114.0091498, 22.59127621, 197592.63723230295, 2
274, 114.0818223, 22.57645726, 986391, -1
955, 113.9897632, 22.67519576, 938898, 0
978, 113.9585573, 22.70959755, 616964, -2
485, 113.77963, 22.74116414, 808776.7279603125, 0
511, 113.9721574, 22.73531601, 131474.33597255568, 2
730, 114.1216101, 22.70860227, 556409.0610920225, 1
490, 113.8673605, 22.75687393, 1025640, -2
209, 114.0513711, 22.61576577, 522112, -5
245, 113.9085683, 22.5844688, 333788.6587821254, 0
655, 113.9275533, 22.63746989, 1040143, -4
87, 113.9937353, 22.54944389, 310314.32850353024, 2
480, 114.2420552, 22.65497428, 1062768, 0
116, 114.1847659, 22.59345697, 558187.1728333755, 1
140, 114.1029601, 22.55553361, 763525, -1
688, 114.2939222, 22.66603796, 1171434, -4
55, 114.3066361, 22.60150689, 1276382, 0
706, 113.8210521, 22.72300151, 625572, -2
780, 113.8307798, 22.79316594, 593262, 0
573, 114.0621397, 22.54992919, 903720, -2
26, 114.3607431, 22.75979014, 352516.44386363565, 1
486, 113.9539752, 22.70654651, 1143384, 0
459, 114.0450657, 22.52313116, 1941643.44, -1
610, 114.1212396, 22.61279607, 388319.5901303812, 2
693, 113.8130972, 22.6713506, 569055, -1
881, 114.2240162, 22.70156244, 1157656, -5
872, 114.0638115, 22.73286583, 233521.01797956333, 1
752, 113.993609, 22.7445097, 295941.6651617954, 1
257, 114.2262933, 22.68804049, 1340469, 0
498, 114.1092381, 22.55806886, 1315895, -1
751, 114.0552492, 22.71411879, 559433.4262425054, 1
994, 114.0831677, 22.5592743, 717778.4162346926, 1
971, 114.1188756, 22.69922478, 9566169.47059834, -4
384, 114.1121549, 22.56746314, 1134624, -3
662, 113.907684, 22.55657403, 1310962, -1
84, 114.1382922, 22.57066054, 1255720, -1
268, 114.0440301, 22.51042369, 351937.4661191807, 1
569, 113.9792634, 22.53515726, 4381733.731806571, -24
101, 113.8546887, 22.58178721, 536973.0674043605, 2
889, 114.1331767, 22.5485137, 986700, 0
988, 114.1094237, 22.61478813, 460293.99046298466, 2
948, 114.5420542, 22.48906859, 696739, 0
422, 113.9338704, 22.49890379, 772652.0579789508, 2
132, 113.9805994, 22.70188376, 7498095.536918868, -17
525, 114.041213, 22.596557, 633694.377524812, 1
182, 113.8188409, 22.66555661, 1157555, -5
835, 113.9064831, 22.75491946, 293125.3288258895, 2
698, 113.8830576, 22.78228449, 597792, 0
462, 113.9127626, 22.5052005, 1060936, 0
873, 114.0158759, 22.61801678, 940267, -1
174, 114.0111018, 22.54849473, 1184688, 0
277, 114.0859619, 22.53889373, 546188.3932634682, 1
389, 113.9348881, 22.80127313, 249139.10943681406, 1
732, 114.2387213, 22.56366033, 3436776.0183521314, 0
73, 113.7961225, 22.72937009, 658300, -1
166, 114.0426671, 22.54364914, 908220, 0
567, 114.0746699, 22.65832693, 976345, -1
159, 113.931978, 22.6304777, 1211328, 0
781, 113.899928, 22.80795461, 151533.76295286109, 1
473, 114.0449931, 22.70374768, 422732.82731680427, 1
439, 113.8286619, 22.71792127, 937657, -1
799, 113.9415958, 22.53640187, 498128, -2
227, 113.9176323, 22.4970986, 1164224, 0
296, 114.2384964, 22.76309512, 417327.064970337, 1
104, 114.1308154, 22.58008543, 581145, -4
755, 114.2177822, 22.64129845, 430397.2588759948, 1
409, 114.0211554, 22.71756814, 855708, -2
646, 114.0891792, 22.54178278, 1307880.9286193848, -5
199, 114.5322302, 22.4881498, 1473160, 0
494, 113.8544979, 22.79091959, 1288884, -2
136, 114.1020648, 22.59017166, 469845, -5
128, 113.9191977, 22.54583536, 681701, -1
935, 114.2477237, 22.74951701, 247790.71872186867, 2
750, 113.8835278, 22.50407615, 1248786, 0
792, 114.4107332, 22.62885294, 512071.16378327383, 1
934, 114.1057548, 22.59821631, 940550, -1
207, 113.8647422, 22.66483024, 1159690, 0
387, 114.4958943, 22.53713707, 1264834, 0
875, 114.2353466, 22.58626292, 580434.74847974, 0
738, 114.0547554, 22.56666808, 831303, 0
742, 114.3388999, 22.68548423, 574640, -2
76, 114.2652891, 22.57777992, 522472.82160289027, 2
660, 114.0833317, 22.69787035, 526864, 0
424, 114.1346934, 22.55978304, 372223.2429911536, 2
347, 114.1768958, 22.60025679, 561366, 0
435, 113.9211685, 22.48956803, 662400, -1
178, 114.013588, 22.73071888, 869538, 0
903, 114.1042953, 22.54730183, 1949422.930318112, -119
541, 114.4054404, 22.76453241, 1249500, 0
305, 114.2688222, 22.7499474, 409653.687988008, 1
410, 114.2835138, 22.69463549, 506832.72984385747, 3
793, 113.9514808, 22.57933839, 667980, -1
708, 114.1032037, 22.61256999, 1233950, -3
582, 114.3783082, 22.75588524, 348645.1823444207, 1
278, 114.3731557, 22.73982065, 851357.2261157142, 1
956, 114.150488, 22.61391258, 249597.35701161125, 2
249, 114.2914818, 22.58892502, 1226448, 0
996, 114.0998616, 22.55693538, 512385, -1
356, 113.9307782, 22.54961563, 593876.8127487322, 2
83, 114.02826, 22.65797554, 1116031, 0
814, 114.510525, 22.64360625, 967530, 0
723, 114.0981703, 22.53641136, 866964, 0
771, 114.0379928, 22.54385352, 357065.9596698819, 2
206, 114.080648, 22.69997714, 678147.1710586403, 2
454, 114.0327264, 22.63754927, 407790.1495242322, 2
470, 113.980651, 22.70610151, 845100, -3
599, 114.3665548, 22.68354887, 474289.7639637459, 1
292, 114.064592, 22.5648517, 1363532.0214115232, -2
395, 113.9218466, 22.67235182, 511862.6827297019, 1
133, 114.1607952, 22.60197128, 957174, 0
810, 113.8872823, 22.71167791, 486033.2700658352, 2
794, 114.0484984, 22.62211213, 228353.38165870696, 2
327, 113.8948506, 22.55553054, 583848, -3
499, 113.8878711, 22.7567181, 491985, 0
918, 113.8596763, 22.8103313, 522978.4292149249, 1
109, 114.0790509, 22.54727143, 1114329, -4
275, 114.0582017, 22.70814865, 504420, -5
824, 113.8604372, 22.58680986, 529925.4812111706, 1
813, 114.239145, 22.60466459, 1051250, -2
100, 114.0978306, 22.69478757, 1315905, -2
363, 113.8046056, 22.77301208, 1233974, 0
633, 113.8336617, 22.63291191, 1120614, -2
176, 114.2391092, 22.6653546, 1442860, 0
707, 114.1288802, 22.67193019, 538817.4297916266, 1
397, 113.9045836, 22.80055712, 669627, -2
24, 113.8604257, 22.79841952, 591375, -3
977, 114.2158073, 22.71145938, 403810.1957020029, 1
299, 113.9976651, 22.67571164, 538720, -8
607, 114.4813031, 22.57814012, 876798, 0
737, 114.0083573, 22.75268468, 1136212, -5
503, 113.9186695, 22.6624903, 1110708, 0
34, 114.0020981, 22.67241295, 387168.77471466473, 1
899, 114.0408153, 22.52422319, 666160, -1
743, 114.0817537, 22.72231059, 187587.47271937144, 2
273, 113.7905001, 22.72072576, 275204.85284392646, 2
131, 113.859515, 22.73057783, 903783.6680908368, 1
719, 114.31753, 22.70012994, 934641, 0
430, 113.8449586, 22.57688309, 208158.68346208672, 1
23, 113.9185341, 22.74888894, 217966.25205691947, 1
143, 113.9450728, 22.75703773, 212782.71264392236, 1
10, 114.03693, 22.61669775, 290213.9658142124, 1
608, 114.1351285, 22.5743363, 361571.9342483382, 2
773, 113.9355346, 22.68900164, 783405, -2
931, 113.9883071, 22.5473325, 1027106, -1
774, 113.8774304, 22.81358574, 669739.8251049317, 2
419, 113.9258442, 22.73630744, 159977.7789482628, 2
426, 113.8553101, 22.7231099, 163318.10418779598, 2
861, 113.9233533, 22.58496019, 780402, -7
316, 114.3683956, 22.75704442, 661920, 0
748, 114.0416775, 22.62253209, 161793.5710939184, 2
609, 113.9316767, 22.73374994, 340287.4085523388, 2
666, 114.2781637, 22.66588492, 1020987, -8
829, 114.3486816, 22.70118929, 1152096, -1
180, 114.0047845, 22.65568646, 621547.0204125434, 2
411, 113.8594129, 22.76057567, 1265072, -3
852, 114.0151301, 22.5346779, 638039, -3
261, 114.3424492, 22.69627422, 1075375, 0
194, 113.833333, 22.80163876, 392246.9098884457, 1
788, 114.1466665, 22.65385368, 653352, 0
364, 114.2065974, 22.65124861, 571489.6539249527, 1
936, 113.9417295, 22.570109, 731629.2209296875, 1
467, 114.2549672, 22.57753579, 538151.6802938869, 1
250, 113.8744093, 22.58226338, 919363.178205, 3
840, 114.0711415, 22.58481421, 393159.3977957412, 2
179, 114.2888605, 22.71543158, 653514.4396422766, 2
161, 113.7982229, 22.69370504, 645354, -4
894, 113.9169801, 22.73931425, 237640.7568517677, 1
124, 114.2876146, 22.70174801, 659600, -2
825, 114.2473445, 22.5916789, 608880, -2
289, 113.9461099, 22.74568305, 251011.2116658132, 2
555, 113.9978161, 22.59332402, 899350, -1
798, 114.3144354, 22.6722525, 578675.3009047305, 1
321, 114.1061697, 22.60760021, 678672, -2
516, 113.918592, 22.51236448, 1026658, -1
302, 114.0348327, 22.5262719, 1021904, -2
907, 113.968556, 22.69827316, 5494935.731802603, -122
874, 113.8608053, 22.7540776, 374912.25751299656, 2
727, 113.8790227, 22.59653042, 1420160, 0
612, 113.8232585, 22.73145729, 444337.4741587335, 3
349, 113.9107617, 22.70816067, 409183.4103818397, 2
740, 114.0408615, 22.65806421, 1241424, 0
896, 114.0574806, 22.53699791, 1062528, -1
932, 113.9404505, 22.5808303, 267869.8403618658, 2
507, 114.1116317, 22.71088623, 231488.81089907157, 1
888, 114.306448, 22.76430403, 617673.7667858882, 1
508, 113.9451137, 22.52123953, 180586.1598937764, 2
686, 113.866769, 22.77734068, 847416, -2
619, 114.3217029, 22.66619204, 675994, -1
638, 114.0773215, 22.70524286, 385940.12637228094, 2
642, 114.1354023, 22.63396417, 138714.2038310356, 2
778, 113.9139655, 22.48939267, 347232.698015784, 2
371, 113.7972473, 22.68207025, 309802.5447411204, 2
910, 114.058659, 22.54400765, 820128, -1
343, 113.8992632, 22.73667783, 1407627, -1
170, 114.0387436, 22.65086843, 620840, 0
879, 113.8965647, 22.76362671, 414604.88136472536, 1
924, 114.1233485, 22.56924998, 1106173, -2
13, 113.9683733, 22.70019117, 1079761, -2
221, 114.0718589, 22.62126535, 524331, -4
522, 114.0401448, 22.56528493, 295802.18463239924, 1
984, 113.7918396, 22.71366071, 576066.3637710569, 0
293, 113.9080637, 22.65588346, 249308.87185556456, 2
596, 114.2896898, 22.75949341, 435630.8905542953, 1
897, 114.3102897, 22.60643551, 312026.6435125938, 1
70, 114.2790139, 22.73232303, 478730.8970329521, 1
219, 114.2338961, 22.72903088, 229718.32356241206, 1
843, 114.2922773, 22.5831055, 175973.72607190657, 1
860, 113.9351353, 22.54354212, 278122.9912895032, 2
859, 114.2164611, 22.55835352, 946925, -1
808, 113.8648179, 22.81262019, 803592, 0
981, 113.8415874, 22.63328315, 543517.056030367, 1
79, 114.2132152, 22.74822005, 333448.7667039507, 1
366, 114.2247268, 22.55089246, 1326039, -3
157, 114.2259248, 22.64134132, 412255.0682453548, 1
381, 113.9851535, 22.63400409, 241421.06003624748, 1
461, 113.8837285, 22.4815432, 767256, -1
551, 114.3095222, 22.67753944, 593737.3620884541, 1
368, 114.0024811, 22.53454229, 1179252, -1
458, 113.9192366, 22.7682002, 348010.473359102, 2
552, 113.8678644, 22.80466662, 1327280, 0
797, 114.0079791, 22.60133834, 879390, -2
603, 114.3035564, 22.77255353, 636540, 0
65, 114.1218527, 22.67637751, 813975, 0
444, 114.3059153, 22.67750201, 2612871.9923414625, 1
725, 114.0300415, 22.74811872, 278574.02659906435, 2
842, 113.8200876, 22.70560139, 217800.74502380163, 1
301, 113.9450204, 22.79503735, 361045.63541087677, 1
639, 114.1216418, 22.68350161, 454644.3626400517, 2
616, 114.0095728, 22.68410389, 998641.6779375001, 1
264, 113.9102712, 22.54288065, 1026720, -4
304, 114.2774086, 22.72266366, 1180641, 0
606, 114.0252461, 22.56778933, 1023876, 0
543, 114.2741171, 22.72922143, 814968, -2
953, 114.3031337, 22.6052126, 1051872, 0
353, 114.0770694, 22.58454823, 411328.684835131, 1
3, 114.1161173, 22.59930781, 744980, -3
938, 113.9332947, 22.58224165, 852800, 0
627, 113.8839273, 22.58412415, 941250, -2
218, 114.0515348, 22.69449135, 1000201.6203075, 1
212, 114.0321665, 22.71384223, 1402041, -1
831, 114.2196155, 22.74636217, 369678.14090244356, 1
408, 114.2455148, 22.5868276, 207603.62692627005, 1
689, 113.8733725, 22.8019963, 563567, -2
258, 114.2908189, 22.67684935, 1261746.3682576392, 2
795, 113.89667, 22.77535293, 7695317.8764, -27
547, 113.8206971, 22.75419266, 278113.7254648999, 1
450, 113.9144593, 22.58669471, 999192, 0
647, 114.5165082, 22.48185889, 176717.96229659242, 2
983, 114.1745566, 22.56904314, 272879.48413738236, 2
557, 114.4981704, 22.56843849, 541003.7011067506, 1
491, 113.8108448, 22.66372012, 1016199, -3
383, 114.3077843, 22.77649766, 994868, -4
492, 114.359798, 22.74479107, 1356790, -2
376, 114.0938239, 22.71533772, 174139.62621442496, 2
521, 114.0763045, 22.55344285, 334542.92076785676, 2
933, 113.889499, 22.78518445, 1131962, 0
234, 114.0730152, 22.53610772, 381297.94824608025, 2
809, 114.1422694, 22.60791832, 5542761.746973636, -21
593, 114.3139215, 22.71418306, 912054, 0
882, 114.0253108, 22.66369707, 420070.19535, 2
372, 114.2276735, 22.69908167, 451311.4455302824, 1
130, 113.8888349, 22.49267264, 573506.3606498379, 1
656, 113.826686, 22.66530047, 264375.00913010375, 1
117, 114.3463656, 22.66952477, 298088.99014446785, 1
837, 113.7976492, 22.698087, 637180, -2
365, 114.0216399, 22.55492223, 750444, -1
193, 113.9205092, 22.56157879, 309362.6048781491, 1
137, 113.8632916, 22.78347339, 773025, 0
787, 114.0180966, 22.54359192, 258461.0634311463, 2
845, 114.0087173, 22.73838093, 488915.86809988925, 1
720, 113.7831902, 22.7246244, 944460, 0
297, 113.7788305, 22.67930859, 400127.9570046932, 1
97, 113.911984, 22.6724966, 234511.80246695344, 1
9, 113.9082934, 22.5348752, 678813.25547875, 2
877, 114.0574009, 22.62520599, 374872.0988837644, 1
564, 114.3967988, 22.75156799, 383679.7284603315, 1
930, 114.0020024, 22.54751793, 611020, -1
622, 114.0997403, 22.72885792, 615986.4601256462, 1
509, 113.9365588, 22.55688771, 263268.02128566074, 1
605, 113.9945542, 22.65716514, 635082.6663979053, 1
528, 114.0147288, 22.67646163, 144552.69956610384, 2
562, 114.1119923, 22.58738683, 334983.1872582398, 2
392, 113.8629806, 22.63225643, 924600, 0
644, 114.0643681, 22.62765762, 652140, 0
283, 113.9035735, 22.74934921, 343321.0395274249, 1
527, 114.0999156, 22.65012515, 438630.2379783498, 1
438, 113.9853128, 22.56103544, 469307.53007460793, 1
71, 113.8931278, 22.78134163, 283732.05821304733, 2
181, 113.9370525, 22.74123688, 278538.1002317263, 1
263, 114.1249263, 22.66784704, 538360.6246386891, 1
524, 113.936617, 22.52098472, 765762, -1
478, 114.3051519, 22.73062758, 463455.69854646, 1
390, 114.1442097, 22.55434867, 382495.9087891675, 1
591, 114.0518927, 22.5357264, 818950, 0
963, 113.928491, 22.52050551, 785379, -1
944, 114.2246614, 22.68177281, 1269108, -1
558, 113.9256955, 22.68654991, 453768.7422150498, 1
188, 114.4011799, 22.69343354, 443804.37804593745, 1
94, 114.1082115, 22.57611145, 592551.7998304751, 2
406, 113.8365017, 22.61054379, 254710.201623393, 2
287, 114.3648628, 22.70474565, 801780, 0
620, 114.0709098, 22.55199265, 215071.50901385595, 2
533, 114.5116099, 22.54292441, 302456.7140657079, 2
621, 113.9182386, 22.56843843, 3.2262271947675E7, 5
330, 114.3808979, 22.71648088, 457005, 0
847, 113.9057843, 22.67033037, 797800, 0
337, 114.1134928, 22.53948341, 380757.7506717141, 3
270, 114.1209736, 22.57481572, 1482356.7, -4
768, 113.8102429, 22.73070417, 827075, -3
190, 114.3236798, 22.69825868, 882500, -2
777, 113.9381521, 22.7278868, 294386.8966044477, 1
929, 113.9058349, 22.77099762, 323977.1519276461, 1
815, 114.1793278, 22.63882801, 263048.5321914352, 2
375, 114.1876572, 22.64171731, 998250, 0
985, 113.8424925, 22.76193149, 952099, -1
493, 113.9214564, 22.55194356, 1216872, -1
310, 114.2353191, 22.60937378, 373582.2960989996, 2
834, 114.0001385, 22.66584933, 400050.1240780263, 1
900, 113.8895757, 22.80671205, 314996.34029791795, 1
66, 114.0490229, 22.63510087, 6744461.599814399, -23
49, 113.9923093, 22.58984621, 2.4282206929406837E7, 4
836, 113.9887818, 22.68911745, 1052905, 0
741, 113.9588159, 22.69329109, 164140.28688252915, 1
710, 114.0626878, 22.52638482, 654037.495441127, 1
517, 114.1091996, 22.58050961, 3.183275454084E7, -2
451, 114.3613685, 22.71192628, 578203.2071411978, 1
313, 114.0841587, 22.63955388, 336080.72418248834, 1
468, 114.0395011, 22.60753726, 629765, -4
248, 114.3489082, 22.76434466, 1056030, -4
566, 113.9345508, 22.57649825, 382431.4566716102, 2
577, 114.2847691, 22.67326189, 364563.8690127098, 2
993, 113.8050573, 22.70254052, 578556, -1
440, 113.9937408, 22.6956048, 262726.8971288342, 1
35, 114.3449352, 22.61164311, 605264.5111860591, 1
658, 113.9608753, 22.57413413, 310701.63059433695, 1
917, 114.1323425, 22.59939517, 3.6594568685466E7, 0
592, 113.9421106, 22.57569068, 782726.6189184375, 0
332, 114.2071982, 22.67346065, 553696.9542306672, 2
489, 114.2799684, 22.71391601, 1158780, -2
382, 114.1468689, 22.61050373, 480868.4994320143, 2
30, 113.9066391, 22.487531, 402294.33607055584, 2
102, 113.8870304, 22.73681777, 750440, 0
536, 113.7851465, 22.68897935, 301423.9926849755, 1
850, 113.8686746, 22.79460203, 746702, -1
192, 114.4178188, 22.63241271, 361122.38966439076, 2
645, 114.321711, 22.69502726, 277994.00279238494, 2
671, 114.3429519, 22.69030182, 528599.078419223, 1
990, 114.0613963, 22.61103131, 375954.3471974175, 1
760, 114.1109686, 22.60593957, 588600.3228570733, 1
916, 113.9167987, 22.5568068, 882252, -3
393, 113.9316691, 22.49103627, 463290.7668685233, 1
762, 114.0529662, 22.66152243, 495915, -2
901, 114.0280747, 22.56038858, 6353976.708533412, -54
657, 114.102844, 22.60151047, 1302289, 0
226, 114.3160098, 22.70745292, 391643.2414155476, 1
403, 114.4795544, 22.58711497, 142667.0052480217, 1
295, 113.9894251, 22.73620886, 857324, -2
202, 114.283724, 22.75135238, 159052.40733232838, 2
167, 113.9560825, 22.70340427, 831182, -1
540, 114.3079117, 22.68971649, 457188.466921875, 1
667, 114.3038386, 22.71690076, 548394.026025, 1
926, 114.1319441, 22.68526033, 448119.36895448185, 1
85, 113.924939, 22.51239945, 664644.5481556344, 2
266, 114.3285122, 22.67135289, 666792.3734369093, 1
341, 113.9837854, 22.68785579, 586462.7631924856, 1
870, 114.1908585, 22.6355659, 1096461, -1
464, 113.8184481, 22.73843018, 210105.958265402, 2
754, 114.0537597, 22.57958843, 972864, -3
456, 113.9142089, 22.7814563, 311704.1928164028, 1
127, 114.0499415, 22.74479642, 475360.8932878753, 1
216, 114.3403352, 22.679758, 1087728, -1
568, 113.9771094, 22.55295138, 554642, -2
939, 113.9070047, 22.73201308, 1222504, 0
721, 113.9360145, 22.79239129, 515179.8479376457, 1
172, 113.8714992, 22.78752544, 1025908.1170488889, -4
281, 114.1260218, 22.63301435, 552377.4502912499, 1
50, 114.1016038, 22.53736933, 611433.2339156362, 1
766, 114.2360842, 22.55783509, 2982336.307586611, -69
223, 113.9608013, 22.6869296, 1059300, -1
496, 113.8383081, 22.81741923, 420181.98119338823, 1
911, 113.981679, 22.72850334, 822618, -2
898, 113.7794005, 22.71257294, 495476.9985014118, 1
380, 114.077715, 22.68210734, 525672.4677183037, 1
204, 114.2959773, 22.68899235, 1197312, -3
538, 113.9463599, 22.58306622, 1278683, 0
323, 113.8885023, 22.74840589, 341649.9895485474, 1
246, 113.9304353, 22.50518507, 221043.98391274217, 2
733, 113.8842317, 22.78905087, 129148.42440192914, 1
783, 114.229344, 22.72458386, 427705.8307711828, 1
830, 114.0832859, 22.57238701, 1461252, -2
583, 113.9489089, 22.56717642, 776106.7701183564, 1
700, 114.0065176, 22.55598372, 680400.1563109073, 2
118, 114.3072888, 22.67023618, 1701690.2023033297, 0
806, 113.9397757, 22.76440181, 567088, 0
135, 114.3291541, 22.76598871, 285607.16832657525, 2
213, 113.8642509, 22.82567476, 278676.6607411194, 2
417, 114.3559461, 22.72906025, 917474.1454265624, -2
362, 114.0258222, 22.70119786, 775984.6277827518, 1
784, 114.0351684, 22.64325826, 276745.163171008, 2
722, 114.1156996, 22.65994584, 364889.34006738546, 1
185, 114.1283182, 22.59289349, 363294.4510420722, 2
39, 113.9187309, 22.57620516, 3.146047992351E7, 5
358, 113.9044365, 22.56528958, 517978.12696781073, 1
785, 114.3541312, 22.75877108, 938979, 0
64, 114.0929666, 22.72529894, 975810.4975956249, 1
959, 114.1340834, 22.58581645, 398795.0681355235, 1
812, 114.2835316, 22.72938315, 1394094, -2
709, 114.0718629, 22.54517922, 945560, -1
902, 114.0481253, 22.70851515, 153315.43618102258, 2
107, 114.0662671, 22.68601619, 411188.3718055116, 2
871, 114.1217289, 22.54666103, 784740, -1
286, 114.0399778, 22.70672768, 339264.461516146, 1
677, 113.8891204, 22.53739654, 682584, -1
613, 113.8824366, 22.76793183, 1178388, -1
532, 113.8496457, 22.75600839, 240929.48763070023, 1
242, 113.9175271, 22.72183077, 1210366, -3
86, 113.7904493, 22.70026312, 184093.1962667557, 2
334, 113.7871258, 22.74874071, 405687.45176661026, 1
553, 114.2469077, 22.56876552, 1216146, -1
696, 114.0984549, 22.56231854, 892296, -6
189, 113.8341494, 22.62683087, 1333160, -3
40, 114.3141539, 22.68651171, 344819.32336576155, 2
231, 114.1909831, 22.64747785, 1181088, -2
28, 113.8122844, 22.71229903, 234674.07536722973, 1
565, 114.3236032, 22.67782678, 1365188, 0
44, 113.9228696, 22.69469437, 277353.5124773282, 1
247, 113.8689145, 22.50307986, 482688, -1
37, 114.5096038, 22.53158021, 730580, 0
260, 113.8519206, 22.76363961, 917763, 0
331, 114.1185974, 22.69455967, 346480.68571711436, 1
276, 113.8225134, 22.71739482, 1162980, 0
731, 114.3109108, 22.66914078, 1299987, -3
402, 113.8728609, 22.57745346, 554267.7290262241, 2
386, 113.8897551, 22.77264868, 655389, -6
576, 114.2993679, 22.67869917, 533985.3022610602, 1
968, 114.0595264, 22.66399326, 995328, -1
585, 113.7974567, 22.71388256, 168031.50781428223, 1
75, 114.0125466, 22.74553954, 411413.7313713848, 1
27, 113.9843857, 22.73744168, 766370, -3
420, 114.3294027, 22.68940797, 987712, 0
905, 114.087863, 22.62720595, 1023099.3458100003, 0
544, 113.9234122, 22.52390294, 444509.4036890771, 3
298, 114.2113013, 22.64339303, 524983.0903678263, 1
681, 113.8982954, 22.70779894, 586714.3303304623, 1
196, 113.8942223, 22.47161056, 1133028, 0
2, 113.9686262, 22.63004164, 415707.0512012752, 1
201, 114.0268061, 22.53253681, 561046.448913323, 2
146, 113.9139943, 22.5237691, 665440, -1
779, 113.8716275, 22.75540599, 2568435.3625651873, 1
120, 114.3939362, 22.714358, 287092.30950539594, 2
47, 114.2203198, 22.55590944, 1067940, -3
520, 113.8245479, 22.63921669, 136848.48156221808, 1
849, 114.3511853, 22.6102279, 673113, 0
545, 114.3207512, 22.76124526, 276388.19676286425, 1
150, 113.9106641, 22.76447929, 329817.0267507283, 1
816, 113.92475, 22.75002473, 356648.0958499358, 2
160, 114.0299919, 22.6668482, 162162.89943111615, 2
214, 114.0022444, 22.6931426, 681950.163399375, 1
914, 114.3655375, 22.71653167, 296643.1833922206, 2
