residences-ID,x-coordinate,y-coordinate,House-price,House-rent,capacity
458, 114.1122902, 22.5393911, 1488521, 26002.0846, 1
1318, 114.1393443, 22.55366287, 2017122, 42941, 0
1395, 114.051767, 22.56786803, 2714703, 70458, 3
827, 113.9395252, 22.74660296, 2489468, 50010, 0
202, 113.8507985, 22.7636276, 2389655, 48225, 6
21, 113.8170316, 22.67345173, 1955952, 37198, 1
1227, 113.9727779, 22.56181651, 2498867, 94550.0096473264, 5
182, 113.9787226, 22.59837117, 2344012, 107886, 1
342, 114.0284261, 22.61262518, 2153942, 78228, 0
906, 114.1047815, 22.57994785, 1784661, 34449, 0
1163, 114.0468184, 22.53617496, 2245479, 81809.4685387924, 6
1261, 114.2774409, 22.72813883, 817021, 13466, 0
1023, 114.1719252, 22.56852138, 3264837, 61056, 0
422, 114.124439, 22.66141297, 1046732, 17012, 0
953, 114.1086432, 22.61121413, 1688726, 22272, 0
950, 114.0130341, 22.62992084, 2250681, 114520, 14
1120, 113.9248696, 22.49591843, 2257388, 132580, 1
1436, 114.1085199, 22.56635246, 2144269, 50687, 0
92, 114.2258562, 22.75410679, 1553969, 45038, 5
467, 114.1042123, 22.53916777, 2385684, 98754.09062183644, 1
1008, 114.0039703, 22.63806732, 2458109, 70383.27817818863, 2
1105, 114.2045003, 22.7136677, 1491212, 30035, 1
706, 113.9305493, 22.50677465, 2584686, 185635, 2
1102, 114.1155919, 22.56390746, 2173358, 62304, 0
11, 114.1148137, 22.54773635, 1906370, 50276, 0
1320, 114.1378032, 22.67252639, 2078900, 25491, 0
1052, 113.8534184, 22.57260798, 2260661, 68835.22804560055, 21
0, 113.94828196107765, 22.550955222386104, 3294489, 146328.92985829822, 17
247, 114.0478585, 22.52515452, 2548791, 106483, 1
912, 114.0493693, 22.63206898, 953077, 20044, 0
72, 113.9147203, 22.53618533, 2131866, 116807, 1
783, 114.0135686, 22.65590543, 1932664, 49337, 0
0, 113.95262749439391, 22.553127981428297, 2894967, 128398.53121279865, 17
0, 113.93089988248151, 22.49229072902171, 2680308, 119810.76117637276, 16
555, 114.1335832, 22.62485819, 2663815, 76249, 17
271, 114.0306166, 22.56827822, 2429345, 71099.10649090496, 4
1019, 114.1379787, 22.55034631, 1892733, 41535, 0
1465, 114.0718341, 22.54695264, 3215853, 85352, 0
527, 114.2290116, 22.5464949, 1722380, 27193, 0
371, 114.0116897, 22.67376115, 1633114, 29230, 0
127, 113.9419285, 22.55326824, 3169585, 153725.71574748732, 2
662, 114.1018944, 22.59273764, 1774169, 25430, 0
993, 113.9126704, 22.50856739, 2232549, 107517, 5
20, 114.300299, 22.60271959, 1568748, 26087, 0
657, 113.8847797, 22.57238172, 2182856, 77090, 9
1026, 114.2976673, 22.60643053, 1733591, 29843, 0
650, 114.2376679, 22.71326216, 2358264, 35269, 0
1408, 113.9605944, 22.52511671, 2840015, 181113, 6
1202, 113.9159869, 22.48814182, 2244265, 114291, 1
1221, 114.091031, 22.56657562, 2264565, 40757.065559999995, 1
241, 113.9075557, 22.52137828, 2236963, 104342.45347553614, 18
1143, 113.9360299, 22.74693106, 2478800, 62694, 8
39, 114.1037883, 22.55407365, 2186713, 74167.64458448727, 8
1491, 113.8909653, 22.50088445, 2361667, 99228, 0
1298, 114.0734797, 22.53513319, 2213924, 84495, 6
1255, 114.2587965, 22.73161223, 1164321, 19943, 0
601, 113.9217899, 22.54817124, 2908618, 98770.58470383179, 4
468, 113.8933817, 22.5087542, 2193590, 73832.77153991882, 1
1264, 114.2253701, 22.70516551, 1369620, 23075, 0
633, 113.922905, 22.52892951, 2768214, 160707, 9
105, 114.0424233, 22.68753666, 2351594, 93440, 33
983, 114.1762171, 22.64703616, 1499095, 23741, 0
965, 114.1354799, 22.57894241, 2564361, 48158, 0
1421, 114.1303614, 22.56337512, 2018036, 42381, 0
501, 114.1184995, 22.5441583, 2112985, 39161, 0
1404, 113.9064103, 22.53116699, 2457175, 103933, 3
976, 113.9703528, 22.54910257, 3514472, 135080, 0
1107, 113.8787515, 22.57989058, 1302831, 40098, 0
0, 113.93089991920037, 22.492290742439526, 2408454, 92657.56100628558, 18
356, 113.9174436, 22.5158805, 2299807, 88758.67081226053, 9
628, 114.1078769, 22.53687969, 2585605, 97321, 12
916, 114.0398734, 22.6096886, 2211280, 52214, 0
634, 114.2180284, 22.69007596, 2288528, 42785, 0
456, 114.0455283, 22.54648056, 2443167, 89161, 3
885, 114.1317115, 22.59419436, 1710880, 42237, 0
1392, 113.9348713, 22.50589411, 2294179, 151776, 3
1172, 114.048206, 22.54668049, 2916952, 94715, 0
1045, 114.0975795, 22.54135804, 2227029, 63649, 0
433, 114.0981961, 22.61381608, 1768531, 27479, 0
124, 114.1757151, 22.6364007, 2186931, 36574, 5
1063, 114.0322396, 22.55069507, 3861650, 168583, 6
797, 114.1775677, 22.64341776, 1410310, 21192, 0
115, 114.0684466, 22.57172139, 2169916, 68656, 0
998, 114.0250383, 22.65376344, 2525910, 73837.11915721907, 24
516, 114.0229049, 22.7261621, 1797224, 30020, 0
0, 113.94176368572893, 22.527054878121852, 3025131, 135219.72708663432, 20
0, 114.00477369399356, 22.553127983804075, 2529345, 137851.21045940393, 16
963, 114.2375488, 22.729688, 2033217, 26656, 8
144, 113.9192187, 22.51529625, 2313479, 97605, 2
470, 113.8213466, 22.68751168, 2661829, 40364, 0
1215, 114.3000583, 22.72512513, 1328137, 22394, 5
343, 114.0436235, 22.56713422, 1852452, 43416, 0
890, 113.8840849, 22.55088219, 2787437, 112057.54765042466, 30
1141, 113.922354, 22.52687612, 2338839, 139755.64939724375, 16
990, 114.1021445, 22.61419985, 1282197, 21179, 5
765, 113.901418, 22.60045571, 2216009, 79152.79788434476, 0
1319, 113.8894045, 22.5545948, 2655990, 186212, 0
732, 114.0370696, 22.52502988, 2199772, 94754, 9
86, 113.9845005, 22.54563949, 2689165, 125568, 1
1040, 114.2636679, 22.73255078, 1434271, 19461, 0
273, 113.9213225, 22.54220448, 2544105, 136222, 1
1134, 113.9073847, 22.53967906, 2420349, 140495, 4
35, 114.1782169, 22.65210551, 2055901, 24306, 0
869, 113.9884952, 22.54482949, 3521981, 140129.41467265112, 5
286, 114.2138858, 22.7535822, 1513518, 18105, 0
1458, 114.0424518, 22.60068335, 2596279, 137950, 3
731, 113.8307127, 22.63797102, 1997236, 47091, 0
852, 114.2466808, 22.72743507, 1292091, 20899, 4
0, 113.9548002422729, 22.550955223656203, 2698320, 118223.86832585282, 20
1389, 114.0798873, 22.54725817, 2382232, 94141, 0
1217, 113.8155475, 22.72749727, 2413458, 45580.08342650665, 7
645, 114.2209095, 22.72832054, 1620222, 26093, 0
292, 114.1278678, 22.55997049, 2609519, 121933, 4
710, 114.0548687, 22.57485599, 2174986, 53228, 1
1137, 114.148322, 22.54468424, 2209397, 58166, 0
1158, 113.8858823, 22.49565763, 2119185, 77505, 8
341, 114.1281902, 22.61384109, 1608749, 23560, 9
161, 114.0264507, 22.53920301, 1284066, 43888, 0
229, 113.9337326, 22.76402951, 2491096, 46385, 3
975, 114.0986663, 22.57202525, 1737175, 39120, 0
1100, 114.1245297, 22.57408031, 2630059, 114467, 3
872, 114.131624, 22.61412138, 1369336, 23096, 0
128, 114.1078266, 22.5959355, 1231126, 17885, 0
0, 113.9482819655619, 22.550955223656203, 2752073, 121038.17029320961, 20
493, 114.0570783, 22.61243426, 2091556, 59543, 1
625, 113.8566761, 22.60489379, 982293, 24830, 1
328, 114.0864798, 22.54670254, 3503757, 84096.29470597279, 3
893, 114.0245556, 22.59994136, 2183356, 89982, 0
1289, 114.2326016, 22.55749627, 2593964, 36084, 0
1447, 114.0770368, 22.54507433, 1241123, 34493, 0
417, 114.2749632, 22.69678964, 1426965, 18259, 0
245, 114.2320571, 22.54991148, 2606412, 39404, 0
733, 114.0455057, 22.53981904, 1887971, 49154, 0
623, 114.0476951, 22.56807825, 2259885, 57476, 0
689, 114.0884103, 22.55690504, 4111457, 136797.2769086049, 7
587, 113.9833984, 22.68138002, 2133759, 63380, 4
301, 114.0725556, 22.53082869, 2255611, 73533.81497348876, 8
954, 114.135555, 22.60315924, 1923456, 28869, 3
1244, 114.0844851, 22.54205069, 1828669, 57319, 0
1130, 114.092182, 22.54833053, 2523429, 78391, 0
791, 114.1116159, 22.56249105, 1874766, 43570, 0
90, 113.9584741, 22.52832046, 2776369, 135908, 1
348, 114.0423111, 22.69632602, 2602371, 50365, 4
239, 113.8998265, 22.51094629, 2383783, 81961, 0
980, 113.9092736, 22.48390027, 2511527, 82901.25850317514, 1
288, 114.0763185, 22.56025754, 3535185, 131769, 4
466, 114.0159932, 22.66481946, 2008408, 37354, 3
506, 114.1056055, 22.55178546, 2154548, 68814, 5
183, 114.011517, 22.53943617, 3054056, 114259, 2
1443, 114.060083, 22.54415109, 2197839, 103756, 3
1398, 114.0659307, 22.53026702, 2221879, 86412, 3
867, 113.9080582, 22.5696617, 2307500, 129866, 0
382, 113.9243591, 22.73817724, 2266018, 61249, 9
753, 113.8901157, 22.57198593, 2205585, 99722, 5
1336, 114.1172407, 22.63049964, 2314922, 58840.26980456409, 9
1281, 113.8143349, 22.69694457, 2028052, 49117, 6
919, 113.9213038, 22.5238211, 2747029, 93283.33001952707, 9
354, 114.0504754, 22.52944558, 2316055, 131690.07468529945, 10
0, 113.94828195910223, 22.550955225050505, 2712215, 122245.63641475426, 20
573, 113.8979427, 22.56079451, 2186958, 77998.75453904232, 18
207, 114.0927183, 22.56881571, 2547127, 90366, 0
922, 114.0174534, 22.53769325, 2386047, 65647.40282935752, 0
1279, 113.8617546, 22.57976222, 2528743, 76344, 1
1219, 114.0499952, 22.60340822, 2123015, 55930, 4
10, 113.9420238, 22.52313946, 3260869, 147760.79474522482, 3
1115, 114.0836915, 22.54464969, 2209380, 66378, 1
98, 114.104805, 22.59048458, 2150139, 35231, 0
368, 114.0451706, 22.51174816, 2259937, 106415.34974942531, 1
542, 113.9137305, 22.53941897, 2193096, 82426, 0
1271, 114.1332851, 22.58555106, 2273707, 48948.773140000005, 1
576, 114.0652697, 22.54712177, 2689133, 120487, 0
908, 114.0627692, 22.6325557, 1681906, 33860, 0
947, 114.070736, 22.62335832, 2168242, 49520, 0
49, 113.9485411, 22.5778338, 1900697, 64760, 0
1122, 113.9599038, 22.59036487, 2315095, 100770.93064501368, 1
1028, 114.078063, 22.53733783, 2086966, 59348, 0
270, 114.2494805, 22.73784483, 1144437, 20019, 0
376, 113.9248626, 22.49505083, 2084677, 80909, 0
761, 113.8960551, 22.5573764, 2341503, 71190.52777307907, 11
900, 113.8965703, 22.56705401, 2182720, 69776, 8
1345, 114.0521828, 22.51075325, 1644088, 36255, 0
212, 114.0283921, 22.6298931, 2169905, 58582.52102810164, 14
745, 113.8874259, 22.49073209, 2617341, 128376.91503989155, 4
319, 114.0961268, 22.57251783, 2106746, 61842, 1
895, 114.0766158, 22.57425922, 2499139, 111023.89769699605, 5
317, 114.2325281, 22.72728864, 1751106, 39266, 0
667, 113.935579, 22.53639634, 2619935, 150473.2981114325, 10
766, 114.0262448, 22.63187249, 2210630, 95178, 2
310, 113.8331494, 22.77119285, 1121685, 21559, 0
968, 114.0464771, 22.56584568, 2138382, 68571, 2
500, 114.0387322, 22.56494399, 1757277, 51754, 0
61, 114.0517272, 22.51506048, 2202900, 92223, 1
508, 114.3337922, 22.6956631, 1394342, 26844, 0
705, 114.025783, 22.64965565, 2307128, 95416.97337224474, 30
1248, 114.049334, 22.62386555, 2363323, 96783, 1
937, 114.1094862, 22.5462653, 2685909, 62477.27593357216, 4
821, 113.8684735, 22.58431758, 2022524, 49255, 1
535, 114.0519623, 22.62454193, 2305451, 52770, 0
701, 114.028049, 22.56061592, 2207997, 105930, 2
209, 114.2475063, 22.57044047, 1406518, 27285, 0
1065, 114.2586577, 22.59326556, 2218137, 40633, 0
347, 114.3411705, 22.68281434, 1144821, 22159, 0
1285, 114.0806025, 22.53393115, 2226467, 64675, 2
425, 114.3239581, 22.68326099, 1371297, 24498, 0
1304, 114.0107756, 22.63888777, 2571999, 55288.046874433785, 0
1390, 114.3675525, 22.73932439, 391065, 7746, 0
123, 114.2756256, 22.75022902, 806752, 13155, 0
483, 114.1315695, 22.60643929, 2267741, 56026, 0
306, 114.1635844, 22.5675223, 2048126, 48367, 0
898, 114.1149941, 22.57806977, 2245897, 69592, 0
715, 114.0532998, 22.51270835, 2351768, 84724.04219008969, 0
845, 114.1392355, 22.57976, 2495147, 50200, 2
85, 113.9272117, 22.5017876, 2247475, 100438, 3
1110, 114.1717473, 22.56436374, 2560209, 68386, 0
1037, 114.2316134, 22.71839642, 1615277, 31840, 7
125, 113.9172828, 22.49908362, 2453128, 73219, 0
694, 114.116512, 22.70440433, 1701541, 34169, 0
509, 114.3475432, 22.66921114, 1621244, 29691, 0
642, 114.1218045, 22.57112173, 2874988, 102568.31539056054, 9
176, 114.037073, 22.61509883, 2248923, 63131.02245016711, 6
65, 114.1376337, 22.62364727, 2262452, 49139, 0
100, 113.9037457, 22.59445806, 2286084, 138550, 3
190, 113.9072826, 22.56269528, 2637167, 116911.52737445732, 11
1429, 114.3340605, 22.68856789, 920753, 18167, 0
1157, 114.0294657, 22.63053454, 2008504, 51396, 0
320, 113.9084027, 22.53064115, 2383655, 99696.57923598262, 4
1418, 113.8963327, 22.58379126, 2167893, 80715, 1
54, 114.3871403, 22.71081409, 1311928, 23320, 0
274, 114.0574293, 22.51811619, 2414515, 63965.443862377266, 1
917, 114.081089, 22.54846213, 2191282, 89799.90655987713, 8
1276, 114.1327359, 22.57133974, 2330879, 99232, 5
910, 114.2226018, 22.72278625, 1349433, 27476, 1
1182, 114.2313093, 22.73291925, 1205080, 23597, 0
972, 113.9194252, 22.55198723, 2309164, 81275, 0
595, 114.1018588, 22.62024685, 1249601, 22463, 0
397, 114.1363146, 22.61920252, 1960128, 35088, 0
87, 114.133031, 22.58758116, 2402200, 74340, 0
57, 114.0403301, 22.5338741, 2367570, 69249.81197158518, 0
777, 114.0870811, 22.54214058, 2310698, 55731, 0
581, 114.1701289, 22.57016194, 2573987, 59490, 0
586, 114.0313355, 22.55962384, 3071710, 116293.97846007762, 3
682, 114.1394023, 22.55853072, 2349567, 51562.900381814376, 1
1474, 114.0354747, 22.52564391, 2258138, 57951, 0
814, 114.1466609, 22.60673974, 1223125, 21215, 1
1286, 114.063936, 22.54700848, 2760673, 121094, 3
1492, 114.126645, 22.5469398, 2275362, 46458, 0
248, 114.2021686, 22.69935561, 1352430, 19749, 0
1406, 113.902988, 22.51856299, 2934859, 111935, 0
316, 114.0430051, 22.67646734, 2726793, 60265.85581416998, 3
154, 114.0211054, 22.66759528, 1630829, 35772, 2
588, 113.8470556, 22.6072369, 2146018, 68589.26110402118, 9
178, 114.0960048, 22.62649671, 2560745, 71195, 0
1121, 113.8467509, 22.76617068, 1873229, 31706, 3
918, 114.1158478, 22.61100671, 1597722, 23007, 0
611, 114.1239275, 22.54715471, 2423671, 67416.51668009083, 2
1501, 113.8900357, 22.56533147, 2282727, 50541.66117783894, 1
1066, 113.9225972, 22.50748663, 2203390, 143891, 8
951, 113.993116, 22.59373235, 3090615, 126655.11101313838, 10
1273, 114.1993974, 22.70153885, 1578884, 27898, 0
1460, 114.1376447, 22.57401299, 2322205, 80533, 3
1399, 114.2353215, 22.72684749, 3020216, 57155, 0
258, 114.2469667, 22.71532731, 1596453, 34875, 0
1043, 114.2615814, 22.68973429, 2132097, 24864, 0
1267, 114.0680177, 22.62361374, 2367014, 82133, 13
0, 113.92655437697935, 22.511845568389468, 2159281, 105141.93456094607, 18
1185, 114.0299304, 22.55647756, 2831410, 191860, 0
1385, 113.9755917, 22.56720268, 2223757, 75164, 2
1409, 114.1411711, 22.55105452, 2711540, 64319, 4
818, 114.103947, 22.55162521, 2270313, 53988, 5
1348, 114.1063035, 22.60805859, 1450364, 23147, 0
693, 113.9126887, 22.51986992, 2399344, 66779.53114359951, 5
1326, 114.0404352, 22.56107122, 2312016, 110855, 0
5, 114.1369357, 22.60481852, 1809961, 24140, 5
1291, 113.9327439, 22.51752828, 2024697, 192808, 5
0, 113.94610921688006, 22.548782463903862, 2425866, 123548.02172147846, 17
1284, 114.2515448, 22.72856246, 1870935, 20577, 0
580, 113.8090237, 22.67096156, 1549741, 30549, 0
360, 114.4135457, 22.63002625, 1107418, 16318, 1
1452, 114.324009, 22.67940409, 1587483, 27098, 1
768, 113.9258192, 22.51841222, 2622318, 89947.93989224541, 0
666, 114.0648044, 22.52783797, 2254039, 53700, 0
758, 114.0001173, 22.64777277, 2137661, 58202, 0
1257, 114.1330261, 22.6173389, 1591818, 28290, 0
915, 113.9477565, 22.5528883, 2505123, 135128, 5
1050, 114.0922467, 22.57254736, 2254746, 56198, 0
388, 114.1572376, 22.564784, 2307572, 46798.61556, 1
817, 114.2158332, 22.72542769, 1621269, 31148, 0
1332, 114.0623598, 22.62679902, 2567968, 94355, 0
1386, 113.9185713, 22.50072078, 2757616, 95572.63173113311, 6
849, 114.3027776, 22.61132674, 2184441, 40974, 0
874, 114.1349087, 22.54322937, 2334121, 45315, 0
185, 114.1081865, 22.54774988, 2285260, 51943, 0
1160, 113.9310952, 22.51119943, 3427665, 127225.82426840707, 12
1388, 114.2101908, 22.70825517, 1068053, 17084, 0
12, 114.2164448, 22.72955162, 2183655, 43158, 6
589, 113.8259751, 22.68298054, 2318822, 65975, 1
1041, 114.1064566, 22.63242428, 2563158, 57578, 2
759, 114.159033, 22.61719484, 1528335, 29612, 0
1483, 114.2654822, 22.71616594, 1188012, 21301, 0
486, 113.8839037, 22.48167429, 2197628, 83201.32704132686, 6
477, 114.125836, 22.5670098, 2326311, 76098, 0
1171, 114.1149586, 22.53830507, 2462998, 77061, 0
279, 113.7913371, 22.73468193, 2347465, 46522, 6
217, 114.1320955, 22.57547664, 2282694, 53492, 1
83, 114.2302536, 22.70924145, 2014684, 42069, 3
780, 114.1455916, 22.55024329, 2201085, 55661, 2
946, 113.9250988, 22.48714364, 2492399, 78556, 1
350, 114.1325554, 22.54460362, 2305754, 57549, 1
563, 114.1125384, 22.59592024, 2130044, 28358, 17
461, 114.2996634, 22.58772059, 3158235, 64456, 0
854, 114.1164827, 22.54454616, 2097381, 57827, 4
1011, 113.8940988, 22.77962149, 2436497, 42898, 3
560, 113.9003681, 22.52930743, 2664836, 185042, 5
1333, 114.0331052, 22.56855579, 2400966, 130410, 2
1148, 114.2146226, 22.73517897, 2724154, 60595, 8
304, 113.9599954, 22.53801419, 2061742, 126375, 3
571, 114.090952, 22.53891799, 1593729, 39972, 0
981, 114.103918, 22.53741437, 3069177, 103632, 6
856, 113.9218497, 22.53599972, 2162383, 75822, 6
384, 114.2651399, 22.71444255, 1130486, 20544, 0
544, 114.1376962, 22.59014356, 2169382, 135408, 9
1140, 114.1035033, 22.60987427, 1309600, 23485, 0
0, 113.94610920537113, 22.548782463575513, 3476708, 122164.46906968129, 3
1076, 113.9235876, 22.4942459, 2258730, 85417, 5
499, 114.1014403, 22.62834855, 1291978, 23555, 0
1432, 113.9029163, 22.57014649, 2757848, 99067, 0
58, 114.2264621, 22.55204742, 1810127, 27987, 5
800, 114.2713839, 22.59147039, 1550364, 25971, 0
767, 114.0523451, 22.63970515, 3140823, 89058.77171053855, 3
1156, 114.2260265, 22.73332349, 2250581, 37030, 6
244, 113.9574537, 22.57223028, 2726493, 95306.36374978081, 7
404, 113.9197434, 22.52402639, 2393879, 166787, 9
430, 113.8197806, 22.67144481, 2323768, 67389, 27
592, 114.1002178, 22.54785762, 2501853, 77811, 4
296, 113.9750147, 22.53820363, 2226118, 89518.78795575208, 1
1412, 114.2223735, 22.68043649, 1757739, 24453, 0
1009, 113.8885816, 22.57839234, 2181299, 89284.40029164309, 40
830, 114.1184496, 22.55142453, 2437006, 58465, 2
269, 114.2202649, 22.67212728, 1560731, 23331, 0
1188, 113.9439269, 22.55312777, 2169769, 122846, 0
0, 113.92003612473388, 22.50532729146491, 2416234, 107180.080795839, 7
880, 114.2289084, 22.72308742, 2059841, 37982, 2
1162, 114.2681153, 22.73476386, 782961, 11612, 0
838, 113.9496673, 22.55344059, 4005076, 132121.94035398713, 1
949, 114.1196643, 22.5448738, 3056147, 62150, 0
1293, 114.012641, 22.54062423, 2581268, 105939.5742100783, 7
412, 114.0726867, 22.53441951, 2316292, 80868, 2
381, 113.9082453, 22.48228251, 2322004, 77565, 1
457, 114.1163164, 22.55172093, 1810162, 44081, 2
1307, 114.0261157, 22.63404516, 2239047, 78940.12814809107, 10
413, 114.2084736, 22.70857754, 2237790, 39906, 0
1437, 113.9233633, 22.54558424, 2836348, 135669, 0
1482, 114.1041339, 22.6028314, 2471528, 41226, 0
1450, 114.1337266, 22.61583575, 1604476, 33202, 5
1305, 113.8624756, 22.5662248, 2648638, 122236.73475343191, 25
259, 114.0614564, 22.56609884, 2212127, 71400, 1
1193, 113.8983364, 22.57014897, 2151680, 87829, 0
1027, 114.0545182, 22.63553639, 2266462, 60825, 1
23, 113.9032597, 22.77940868, 1744542, 35866, 4
1072, 114.0378593, 22.62944098, 1867685, 41842, 2
1034, 113.9097873, 22.57514024, 2476293, 65169, 0
1124, 114.0192611, 22.65543333, 2241254, 42393, 3
1369, 114.0358903, 22.56212174, 2544123, 83799, 0
1309, 113.9437705, 22.56308021, 2218195, 91841, 0
55, 113.8361658, 22.64005263, 2195266, 58657.00970677785, 18
0, 113.92872712690574, 22.51401832753236, 2231373, 109730.22070466807, 16
170, 114.2307736, 22.72322821, 2180363, 79866, 3
909, 114.4162602, 22.63603056, 1382866, 21192, 0
536, 114.0348019, 22.67808826, 2343723, 45429, 4
789, 113.9237689, 22.50413218, 2226716, 111596, 4
1330, 113.9546771, 22.57226922, 2187831, 76499.7932747748, 8
450, 114.0190381, 22.52747006, 2119540, 100878, 1
200, 114.1364108, 22.58071642, 2705020, 76630, 0
839, 114.2306448, 22.56149473, 1746521, 30159, 0
528, 114.0794825, 22.560891, 2632488, 81054, 1
138, 114.0496003, 22.59798946, 2203464, 66323.73500594476, 8
59, 114.2483577, 22.72462565, 1286929, 19382, 0
163, 113.7721529, 22.6885906, 2196873, 53639.35871543873, 17
1142, 114.2507405, 22.71255687, 1257539, 24938, 0
174, 113.936328, 22.49790164, 3604450, 141394, 2
0, 113.9308999021221, 22.51619108218136, 2475940, 124224.96710608025, 17
427, 113.8746316, 22.55197004, 2121316, 64534.48919040146, 63
387, 114.2301449, 22.7142685, 2108463, 56287, 0
1485, 114.2269201, 22.54645949, 1411118, 23773, 0
788, 113.8803002, 22.56997857, 2277901, 67858.34405338753, 7
1300, 113.9168393, 22.50547271, 2452101, 100235, 3
1381, 114.0993355, 22.62579671, 2313841, 42145, 0
428, 114.0939211, 22.55454265, 2758696, 94064, 0
1225, 113.8225198, 22.68462413, 1652942, 33756, 1
1092, 114.0426604, 22.54373309, 1901500, 43208, 2
237, 113.8577667, 22.58392266, 2250546, 50810.63055181069, 29
1245, 114.2507345, 22.72444121, 1608933, 20835, 7
308, 113.8736143, 22.57363596, 2218257, 84805.49682085679, 8
698, 114.1951627, 22.63917509, 1547215, 26062, 0
1164, 114.0597696, 22.52218548, 2146868, 93866, 2
76, 114.1103547, 22.53694276, 2426451, 49267, 0
351, 113.8938829, 22.55817388, 2176287, 80787, 1
533, 113.8245459, 22.74361825, 1070117, 21001, 2
1283, 114.2862628, 22.73286435, 1154068, 22226, 0
716, 114.2653662, 22.72497823, 1307878, 18857, 0
520, 113.9313764, 22.49820515, 3064494, 100082.52822452951, 0
1152, 114.0095404, 22.54330407, 2988208, 105434, 0
602, 114.0370273, 22.51970821, 2223738, 103476, 5
0, 113.95262750479836, 22.548782463860874, 2993842, 147673.06450561006, 18
0, 113.92003608772718, 22.505327285525112, 2145054, 90084.03455006392, 10
703, 114.0620979, 22.52117971, 1870983, 42067, 0
1481, 114.039483, 22.54536204, 2194590, 110814, 6
409, 114.1425122, 22.54792195, 1935399, 58360, 2
510, 113.9281487, 22.51180739, 2734007, 108125, 5
267, 113.8178167, 22.73212112, 2098609, 34442, 0
130, 114.2403567, 22.74206046, 1214413, 26250, 0
939, 113.9779811, 22.5638064, 2184689, 96967.66734547635, 7
1365, 113.9688573, 22.55223593, 3980195, 136720, 2
547, 114.304544, 22.77640915, 1228059, 19339, 0
1236, 113.8803084, 22.58326725, 2240610, 39886, 0
668, 114.0524428, 22.53036901, 2201709, 61897.83056483083, 3
676, 113.890255, 22.50393848, 2764785, 114515.12100061633, 9
790, 114.2096575, 22.69814443, 1943151, 45435, 0
227, 114.1518706, 22.62661899, 1782173, 22825, 0
831, 113.9151904, 22.53465889, 2367646, 45663.64402218653, 1
1109, 113.9577915, 22.5942434, 2225155, 62570, 0
549, 114.0126279, 22.63442864, 2282534, 72974.12086880737, 3
1496, 113.9013993, 22.59757761, 2197414, 66645, 1
616, 113.8511874, 22.57309821, 2212333, 111666.85241254955, 70
566, 113.8933719, 22.5757923, 2004999, 69236, 0
1471, 113.8874063, 22.55910003, 2673568, 90788.77570880063, 24
158, 114.1237946, 22.57070825, 3152957, 102364, 0
31, 114.1354808, 22.56964572, 2307593, 75682, 0
495, 113.9270294, 22.4862799, 3259651, 102322.22202785622, 3
1339, 114.2977645, 22.59498283, 1271967, 24721, 0
1359, 114.1049162, 22.62590914, 1823822, 29931, 1
108, 114.062123, 22.5503731, 2028300, 46063, 0
995, 114.0360085, 22.57224267, 2341254, 60236.136485420786, 0
134, 113.9232246, 22.49075521, 2247772, 86283, 2
835, 114.1357676, 22.61672765, 2202579, 32079, 0
1268, 114.2300401, 22.56002957, 1940859, 31333, 0
1035, 114.2262723, 22.55629366, 2125993, 32893, 0
613, 113.8619944, 22.63229419, 1724307, 33183, 6
1, 114.0767642, 22.54745648, 2232198, 93303, 1
773, 114.0655351, 22.56773596, 2064543, 50650, 0
1228, 114.1080087, 22.68908288, 1736939, 24771, 0
1081, 114.0759798, 22.55625124, 3049209, 53264.729680000004, 4
405, 113.8455531, 22.62289282, 2515441, 76501.75181838739, 9
1203, 113.9862955, 22.53712077, 2341242, 66742, 0
396, 113.8797414, 22.57248396, 2210366, 79824, 1
69, 113.9970249, 22.59258247, 2248813, 97822, 6
231, 114.3697374, 22.74835856, 660961, 13640, 0
402, 114.2247438, 22.55792041, 1985220, 30628, 0
1484, 114.1388049, 22.61204261, 1038391, 17659, 0
1440, 114.0686703, 22.61984124, 2172187, 67099, 2
0, 113.95480023662664, 22.550955225050505, 2648580, 120105.60805397364, 20
1334, 114.2548124, 22.58942621, 1381313, 26812, 0
931, 113.8468301, 22.61160865, 2231115, 72072.32040032832, 2
565, 114.1491021, 22.54897152, 2605882, 61895, 0
608, 114.1017136, 22.57259824, 2144213, 83485, 0
338, 114.0204046, 22.53807139, 2499032, 121239.78784435427, 0
523, 113.8772696, 22.56713794, 2235126, 119793.86147224081, 44
548, 114.1355471, 22.55109677, 2749168, 75750.68020291819, 4
53, 114.1258456, 22.70170658, 1083890, 19791, 0
1132, 113.8443979, 22.60607457, 2260176, 88083.72166038526, 18
543, 114.100237, 22.56271802, 1186268, 28512, 0
714, 113.9383125, 22.57746684, 2196919, 87408.9879546604, 32
0, 113.93307268014289, 22.4922907370269, 2456815, 124044.12984190484, 16
1442, 113.8841394, 22.56825281, 2173328, 74670, 0
785, 114.1151491, 22.69657187, 2091949, 32282, 0
1489, 114.0357241, 22.55844362, 2377289, 73095.71084799487, 0
264, 113.8288835, 22.685504, 2263174, 49082.378463408764, 18
252, 114.2579837, 22.68510514, 2280478, 42550, 0
863, 114.0263723, 22.55599854, 2285623, 127411.47558804079, 13
781, 114.0607093, 22.61590083, 2072911, 66901.80201721149, 4
443, 114.0603751, 22.52907668, 2398579, 56820, 0
186, 114.016779, 22.52876707, 2085349, 98521, 3
1242, 113.8842557, 22.57875736, 2126703, 113156, 0
298, 113.9109412, 22.57815609, 2271560, 123905, 9
66, 114.2542881, 22.59192917, 1281337, 29774, 0
340, 114.0327179, 22.56052807, 2193755, 78008, 3
0, 113.95262747744582, 22.550955225050505, 2611338, 117258.49919132577, 20
95, 114.0232271, 22.62488194, 2204369, 99105, 4
0, 113.94610920665956, 22.548782464819755, 2472527, 115330.07254066561, 19
1127, 113.8947251, 22.57459705, 2160166, 48276, 0
120, 114.0340147, 22.57037079, 2670047, 82115, 5
399, 114.0156186, 22.64755367, 1987603, 47922, 2
928, 113.8919984, 22.56474909, 2439072, 129177, 7
530, 114.0459686, 22.60518174, 1953628, 41844, 0
901, 114.0664781, 22.51986198, 2226283, 56377, 0
390, 114.1366585, 22.61360187, 2335867, 52936, 1
406, 114.0565715, 22.63708957, 1355192, 27249, 0
997, 114.2674922, 22.7252817, 1000199, 18966, 0
823, 114.0109379, 22.56738903, 2901808, 131560, 4
952, 114.2472287, 22.60039407, 2137840, 37879, 0
524, 114.1312649, 22.609293, 1571279, 28888, 2
696, 113.9194543, 22.52883008, 2210508, 118483, 5
748, 114.1159011, 22.55616588, 2421803, 58824, 0
3, 114.201737, 22.70969063, 2436419, 39631, 1
559, 114.2839641, 22.75655484, 839190, 16158, 0
1371, 113.9519058, 22.54701975, 3988279, 143766.07332316338, 5
357, 113.9691535, 22.55644475, 2178854, 97782, 1
63, 114.3298608, 22.67928296, 1621500, 30641.510055942632, 1
1366, 114.025815, 22.64293203, 2419461, 84850, 4
386, 114.1077031, 22.54312701, 2222161, 59243, 0
1192, 114.3380546, 22.70875335, 1911678, 27361.991578800003, 0
1347, 114.1433109, 22.55306729, 1982854, 43023, 0
1425, 114.4039807, 22.64005942, 1642963, 25219, 2
275, 113.9740354, 22.55746462, 2161383, 105115, 5
1364, 114.0270318, 22.64049941, 2350948, 89745, 1
1384, 113.8849753, 22.56657531, 2039703, 98240, 8
159, 114.1207023, 22.53944976, 1897147, 35095, 9
1146, 113.9083037, 22.57794579, 2454185, 81930, 1
1498, 114.3284852, 22.67832611, 1476070, 23752, 0
637, 114.1836859, 22.65137456, 1325107, 24397, 0
1233, 114.1287442, 22.55567899, 2115777, 68455, 0
840, 114.1403311, 22.69914974, 1315483, 20871, 0
1487, 114.098734, 22.55382664, 2843980, 75290, 0
132, 114.058055, 22.69512613, 2200597, 85736.20480856375, 18
507, 114.2361822, 22.71228411, 1598978, 23066, 0
1246, 113.9304681, 22.48321564, 3069849, 133474, 4
293, 114.3573882, 22.68876983, 1748581, 29928, 1
774, 114.2246353, 22.55317367, 2511200, 33561, 7
1022, 113.9031903, 22.57336645, 2719540, 129312.15512691464, 15
1208, 114.0191951, 22.54249579, 3302125, 149630.2849396875, 15
439, 114.1183749, 22.57145836, 2756573, 76721.98812539999, 2
614, 114.0215488, 22.62928066, 2381561, 81689.64073759386, 7
473, 114.1083642, 22.57636406, 2174474, 60499, 4
700, 114.1277981, 22.58868764, 1998223, 83711, 1
736, 114.0882765, 22.54957863, 2293262, 115855.21507635369, 7
936, 114.2221366, 22.6951384, 1735616, 61527, 0
203, 114.2631808, 22.70374803, 911513, 16114, 2
0, 113.94610920537113, 22.550955222083648, 2489427, 122270.73300875719, 15
7, 114.0267685, 22.56030348, 2632774, 113767, 7
1126, 114.0635426, 22.61827732, 2126892, 48559, 1
459, 114.2995022, 22.61895767, 1904615, 37560, 0
943, 114.3096022, 22.60178033, 1090898, 21853, 0
479, 114.0239956, 22.64331109, 2286129, 44025.70846987726, 2
920, 113.9216868, 22.50154896, 2193895, 152008, 3
444, 114.1349006, 22.56090918, 2752582, 53221, 0
1010, 113.899782, 22.51468963, 2363385, 144925, 6
289, 114.3062945, 22.60154936, 1076766, 19326, 0
923, 113.9323153, 22.54424896, 3087113, 90139, 0
870, 114.0909507, 22.57035482, 2019715, 51377, 2
344, 114.03412, 22.55356374, 2476182, 84808.73947401115, 10
663, 113.880545, 22.56089154, 2235126, 96345.7750923849, 47
647, 114.2025724, 22.7228733, 1390987, 23359, 0
36, 114.2325637, 22.56382751, 2782295, 44832, 1
673, 114.116775, 22.57874888, 2381287, 90819, 0
460, 114.0527146, 22.57151037, 2167611, 51542, 1
233, 114.3971072, 22.61991195, 856874, 12347, 0
1277, 114.0462136, 22.52884418, 2262473, 114840, 3
0, 113.92872712350137, 22.514018322540615, 2135465, 132094.70484290793, 5
420, 113.9164422, 22.54071179, 2083225, 62427, 0
436, 114.0173094, 22.62430723, 2295370, 87960, 86
474, 114.2446094, 22.74871239, 1090629, 22280, 2
42, 113.9213932, 22.55326399, 2194284, 71616, 4
546, 113.9118059, 22.53206835, 2246702, 65593, 0
0, 114.00477371442427, 22.553127983646352, 2524657, 157000.4522416706, 5
358, 114.1101877, 22.61879456, 2017153, 28030, 4
1322, 114.1251735, 22.69282988, 1612977, 27451, 0
208, 114.1211318, 22.57900281, 2169475, 52454, 0
674, 113.9013839, 22.5753663, 2270777, 92182.01326248625, 32
0, 113.94393647529519, 22.527054880053317, 3032007, 130657.13953253358, 12
969, 114.1870302, 22.65538061, 1353936, 19551, 1
1376, 113.9066951, 22.52846257, 2216958, 111864, 1
1144, 113.8539035, 22.61759091, 1857777, 59771, 5
532, 113.8846552, 22.58885046, 2195375, 72293.08120482217, 33
1449, 114.0233353, 22.66876881, 2474020, 62184, 2
1194, 114.1311411, 22.5519085, 2523160, 55990, 0
712, 114.4022505, 22.6204849, 972499, 22224.325559999997, 0
1088, 114.2642784, 22.69275403, 1919367, 34871, 1
1159, 114.0189331, 22.53066853, 1833823, 60537, 0
114, 114.0532281, 22.63081847, 2072324, 44926, 3
618, 114.2356595, 22.56404745, 1952266, 32208, 0
802, 114.1060677, 22.6003475, 1403073, 19343, 0
157, 114.1928299, 22.64789934, 1519676, 20819, 0
335, 114.2609681, 22.59084355, 1238737, 21285, 0
979, 114.2269027, 22.71353655, 2747929, 53558, 0
137, 114.1314078, 22.61571589, 1773334, 30445, 0
660, 113.9018206, 22.51295607, 2600520, 127361.9161854154, 2
423, 114.2657518, 22.75309329, 1397868, 23954, 0
1014, 113.9108471, 22.54381618, 2288239, 66087, 0
1354, 114.0570772, 22.63420971, 1574752, 32030, 0
862, 114.1261461, 22.61215303, 2038663, 29407, 6
160, 114.2576682, 22.72897917, 1170048, 17564, 3
804, 113.8877406, 22.567384, 1981906, 46831, 0
1310, 113.8072593, 22.73892823, 2041324, 49901.00615551347, 5
337, 114.1354574, 22.69815314, 1101380, 21619, 0
281, 114.0382302, 22.57611433, 2150907, 64462, 2
255, 114.1270158, 22.60668351, 2042190, 32372, 0
1295, 113.8949938, 22.60366993, 2375343, 84958, 0
1387, 113.890645, 22.57484146, 2189090, 75710.6419256838, 12
929, 113.8459078, 22.57715944, 2296476, 72685.67372412441, 1
67, 114.296628, 22.77622703, 1072222, 17754, 0
907, 114.0363037, 22.71443239, 2218843, 42905, 1
747, 114.0634086, 22.53870217, 2244335, 65596, 1
1370, 114.021228, 22.53092009, 2651336, 127342.49432150113, 30
933, 113.9307944, 22.49371005, 2285082, 112079.89278835141, 6
1069, 114.0935406, 22.53768023, 2129308, 68288, 3
992, 114.2642481, 22.59164177, 1147528, 21078, 0
218, 114.1281667, 22.69269459, 1030853, 17019, 1
598, 113.9359371, 22.4935171, 3166110, 141947.6696315841, 14
1007, 114.0884063, 22.54678497, 2688151, 97849.89453690534, 8
1317, 113.9105372, 22.54143641, 2094669, 70300, 0
859, 114.0193574, 22.63674828, 2212321, 82821.46511018228, 8
1494, 114.1319202, 22.6117906, 1780433, 26663, 0
383, 114.1139303, 22.5495494, 2212815, 45423, 0
73, 114.0821844, 22.57725959, 2762202, 69854, 2
282, 113.8522069, 22.6141377, 2174716, 90768.10977497755, 66
89, 113.8295056, 22.71524041, 2232940, 37744, 1
336, 113.8825324, 22.575215, 1930572, 53671, 0
1383, 113.8729908, 22.56690739, 2475856, 124930.83238663357, 5
0, 113.92872713533711, 22.51401832691081, 2198873, 115102.9712398793, 17
0, 113.92438164335907, 22.527054880053317, 2118717, 125398, 17
941, 114.1232604, 22.60964239, 1227024, 25318, 2
1229, 114.2375805, 22.71960573, 1878694, 28122, 0
232, 114.0634647, 22.71861803, 2218830, 49083.02826036436, 2
173, 113.9120693, 22.54601377, 1894063, 51135, 0
1262, 114.136865, 22.62534243, 1794729, 36679, 3
934, 114.1169456, 22.5846696, 2165108, 46973, 0
1495, 113.8620862, 22.6198378, 2182440, 85444, 3
253, 114.021714, 22.53828784, 2217267, 77552.20927142737, 9
1407, 113.8895501, 22.58777326, 2224218, 65719, 0
853, 114.0471928, 22.53013391, 2191402, 103027, 2
557, 114.2190045, 22.55934086, 1743240, 32505, 0
400, 114.4024605, 22.6380323, 1839704, 22595, 2
810, 114.1248286, 22.57658164, 2032076, 61652, 5
1239, 113.9178804, 22.50930654, 2268836, 94057, 1
813, 114.2333796, 22.74669721, 1880113, 27913, 0
1294, 114.0417775, 22.61856082, 2550431, 72296.51378077816, 11
394, 113.979212, 22.54353797, 2380438, 71791, 0
974, 114.1249922, 22.69986308, 1196824, 20842, 0
1238, 114.0541074, 22.62697383, 2251148, 54178, 6
1288, 114.0798653, 22.55926977, 3054531, 93680, 0
798, 113.9227683, 22.51235825, 2614339, 107137.0390880223, 3
131, 113.979472, 22.5621445, 2164183, 137088, 4
957, 113.9081266, 22.55604156, 2392723, 55963, 0
787, 114.2351148, 22.69717051, 1552309, 25080, 0
1032, 114.0537992, 22.56772541, 2188528, 61484, 0
737, 114.054181, 22.59691261, 2229453, 89466.06837673576, 28
904, 114.0737102, 22.53895916, 2174751, 45414.31021113456, 0
932, 114.1282534, 22.56209187, 2168077, 76612, 0
0, 113.95045475197277, 22.548782466541976, 4338464, 188562.1711933814, 18
327, 114.2484599, 22.73174, 1491509, 23916, 0
1181, 113.8909863, 22.77584712, 2371699, 56204.74307647047, 9
1199, 113.9512054, 22.57841494, 2268720, 65718, 0
370, 114.1194332, 22.69858259, 1164841, 19911, 0
945, 114.1258379, 22.55414779, 2573784, 95328, 5
225, 114.0755021, 22.54166278, 2269631, 81062, 2
1015, 113.9956005, 22.54075644, 3967384, 129532, 0
303, 114.1093755, 22.60445194, 1461229, 23093, 0
187, 113.892157, 22.60307552, 2148574, 70370, 0
180, 114.201733475, 22.7232949659, 1767981, 20210, 2
942, 114.2925324, 22.72481011, 1347782, 20513, 0
323, 114.0976528, 22.53908736, 2113237, 53416, 0
728, 114.1080421, 22.5538029, 2624878, 48682, 0
1133, 113.8130641, 22.77413682, 1858850, 26605.93508568, 0
930, 114.1030108, 22.55214425, 2254173, 52926, 0
725, 114.0313345, 22.66527926, 2152790, 58108, 1
1064, 114.1198132, 22.5804568, 2292137, 93379, 2
621, 114.1163171, 22.68047672, 373128, 5057, 0
582, 113.9912094, 22.53805411, 2366649, 140108, 4
1454, 113.9403372, 22.5896344, 2307542, 98651, 1
1367, 113.8947222, 22.55628177, 2167634, 76490.6948896133, 3
1325, 113.9376054, 22.75894114, 1164685, 21579, 3
0, 113.95262748210969, 22.550955222083648, 3520353, 136404.02716122905, 14
0, 113.95045471389291, 22.548782466247594, 3111956, 143672.93882382137, 17
496, 114.0660873, 22.62543468, 2264081, 61818, 3
166, 113.9188922, 22.57944395, 2262531, 51055, 2
149, 114.1038279, 22.60815141, 1121548, 18483, 0
236, 114.1219544, 22.54206436, 2871700, 78570, 2
771, 114.1271144, 22.55046582, 3285314, 66685, 0
1113, 114.11885, 22.56581934, 2868935, 118758.19665323026, 10
0, 113.95045474634317, 22.548782463860874, 2902099, 145761.4114326931, 20
820, 114.364301, 22.74693896, 689376, 12396, 0
363, 113.9035763, 22.56325293, 2226015, 114893, 3
643, 114.1017011, 22.63294473, 1727356, 28663, 2
985, 114.03878, 22.60185337, 2170815, 117452.51298990862, 57
1073, 114.0452549, 22.52080883, 2194833, 86437, 0
426, 114.0805432, 22.56153818, 2208729, 47549.90982, 1
572, 114.1092472, 22.58454536, 1987136, 30632, 0
564, 114.1521654, 22.62244737, 1449606, 27376, 6
364, 113.9767135, 22.5617285, 2216390, 109677.92941105642, 9
1247, 113.8987779, 22.5518305, 2232984, 89661.09787177903, 22
550, 114.0403327, 22.59988803, 2096602, 66379.292433366, 8
177, 113.9653754, 22.56215852, 2111377, 73012, 0
1394, 113.9670167, 22.5555286, 2218940, 96585.5824643892, 4
362, 113.8722775, 22.78509022, 2368165, 48929, 4
118, 114.1538611, 22.60964201, 1623007, 31794, 0
755, 113.9156862, 22.52466374, 2347109, 140083, 3
1216, 114.0208325, 22.54356797, 3223759, 109080, 1
1374, 114.0923279, 22.55550622, 2470358, 68256, 0
82, 113.8505256, 22.57003332, 2214869, 105315.33579371449, 79
240, 114.0166391, 22.71416863, 1806201, 45116, 1
71, 114.1381004, 22.54593566, 2113967, 44974, 0
644, 114.3392882, 22.71090932, 1890552, 28523, 0
1184, 114.2293875, 22.55232667, 1684372, 27790, 0
116, 114.1298549, 22.55264981, 2394021, 56892, 0
464, 113.8897867, 22.58338662, 2236140, 82071.69950339982, 31
1054, 114.1142869, 22.59094825, 2581260, 43746, 0
754, 114.0378911, 22.55018212, 2296375, 115987, 1
441, 113.9701652, 22.5470668, 3996114, 122065, 1
62, 113.9133121, 22.52485428, 2634340, 106542, 0
878, 114.0527125, 22.69690619, 2453147, 68843.47048022875, 3
1025, 114.0143073, 22.64591725, 1966203, 39698, 9
302, 114.0225579, 22.60437566, 2163720, 136596, 2
1355, 113.8990061, 22.56329767, 1495431, 44239, 0
653, 113.9206972, 22.53856602, 2683468, 82583.9106586709, 3
1327, 114.2324594, 22.72394251, 1172794, 22941, 0
887, 113.9696668, 22.55952746, 2258459, 79016.4677808968, 0
894, 113.9311877, 22.50132536, 2467270, 147517.8194348984, 11
219, 114.2771994, 22.76753352, 1168334, 24878, 0
432, 113.8268095, 22.64682811, 2334024, 59960.79312553363, 18
226, 113.9396419, 22.74453187, 2391807, 53838, 5
741, 114.1727868, 22.6443289, 1820065, 22839, 0
1237, 114.1033987, 22.61835075, 1229536, 20113, 0
796, 114.0145377, 22.55724398, 2482801, 195253, 5
883, 113.906304, 22.51810499, 2501159, 99543.50434689756, 3
1455, 113.8821778, 22.57154463, 1739063, 113471, 1
1099, 113.9673517, 22.57211963, 3312755, 84821, 0
201, 114.1358098, 22.561895, 2813635, 66199, 0
0, 113.94610921688006, 22.55095522266706, 3057224, 123226.35918861906, 17
9, 114.0252775, 22.6568041, 2285744, 49616.13971712465, 16
717, 114.104608, 22.57488543, 2270423, 46521, 0
0, 113.94176368755656, 22.529227637369726, 3227972, 138936.0815239762, 20
1457, 113.9609462, 22.53262882, 2812462, 133890.0340999443, 4
1372, 114.063904, 22.52564087, 2303534, 49446, 1
819, 114.0348884, 22.5543998, 2242238, 96594.76404096792, 1
962, 114.1647447, 22.56349577, 2297684, 63099, 0
1201, 114.2398126, 22.73337579, 1288268, 23169, 0
695, 113.9663665, 22.53298109, 2470355, 79943.35439604198, 1
1331, 114.1290024, 22.55002197, 2266128, 54671, 0
1459, 113.8687641, 22.56792019, 1907057, 120377, 8
769, 113.9686058, 22.54653142, 4056450, 112620, 0
307, 114.1755856, 22.56097261, 2609641, 45665, 1
816, 114.0592883, 22.57054481, 2125957, 57374, 5
285, 114.0617118, 22.54164569, 2265738, 133846, 6
1195, 114.1287615, 22.70342021, 1119920, 19417, 0
491, 114.2847063, 22.61727035, 1925582, 37560, 0
30, 113.9479352, 22.56200681, 2166175, 128748, 6
153, 114.1185954, 22.59768455, 2198967, 39030, 0
41, 114.2378371, 22.71639645, 2117419, 37597, 2
102, 113.8697869, 22.56524438, 2396837, 97270.40216045671, 21
988, 114.1182233, 22.54045076, 2188866, 46461, 2
77, 114.2232146, 22.68026417, 1669272, 24987, 0
24, 114.1153759, 22.58237572, 2551094, 45552, 0
1466, 114.0764413, 22.57903287, 2347644, 59845, 0
378, 113.9137794, 22.55581774, 2710290, 107898.96216844162, 15
199, 114.0899097, 22.55059307, 2418758, 38632.26386, 1
1060, 114.0427627, 22.53393209, 2280872, 70089.41586443342, 2
256, 114.2735858, 22.73120711, 1686704, 24094, 0
257, 113.8936399, 22.76805679, 2106203, 37471, 23
1103, 114.0615065, 22.56363477, 2375650, 67677, 2
651, 113.8036736, 22.73717885, 1944130, 39683, 0
1473, 113.9027451, 22.55591932, 2002925, 58067.52696002084, 5
1382, 114.0044968, 22.55502232, 3086315, 111285.97604680821, 3
6, 114.3355732, 22.71003255, 1953474, 30648, 0
1340, 114.1505862, 22.60657466, 886253, 15462, 0
1428, 114.1340787, 22.550601, 2286919, 98490.26707055818, 5
832, 114.1302009, 22.54673799, 2172596, 66947, 0
211, 114.0018187, 22.5381909, 2207056, 83418, 3
321, 114.0521542, 22.71887003, 2371976, 54088, 0
860, 114.1199951, 22.58974927, 2201990, 43671, 0
826, 114.2228789, 22.55547241, 1738592, 35886, 0
847, 114.2348507, 22.72008652, 2064857, 38502, 0
1337, 113.8933541, 22.58630872, 2195999, 34713.23807699363, 4
897, 113.9109561, 22.51688356, 2444922, 74835, 0
220, 114.310415, 22.67057615, 834627, 13640, 0
1488, 114.0789495, 22.55088775, 2311368, 68428, 5
294, 114.034427, 22.52841219, 2181106, 76408, 1
1024, 114.1240901, 22.55821852, 2241407, 56569, 0
751, 114.0432457, 22.55153549, 2108261, 72392, 1
1433, 114.1563305, 22.5618983, 2397038, 49690, 0
1131, 113.9675519, 22.54274466, 2010593, 68020, 0
17, 113.9725439, 22.55005074, 2467886, 81460.67926501823, 7
0, 113.9417636888572, 22.529227634773488, 2674716, 130096.0492026624, 20
198, 114.2599286, 22.7221789, 1421432, 24245, 0
1350, 113.9477232, 22.53044909, 2560219, 130609.44096007879, 40
1205, 113.8854816, 22.58430443, 2164171, 114762.80918584202, 34
104, 114.1457116, 22.55421814, 2070975, 47638, 0
1108, 114.1501174, 22.55812182, 2333468, 54536, 0
16, 114.0524017, 22.61619895, 2206424, 100445, 0
1463, 113.9607166, 22.59511919, 2433562, 74077.9385484149, 0
1128, 114.0236514, 22.62886945, 2355462, 103372, 10
1155, 113.9416942, 22.58496019, 2236145, 138707, 3
678, 113.85475, 22.61522675, 2452472, 69682, 9
1415, 114.2940064, 22.72836775, 1377665, 24868, 2
280, 114.0102744, 22.55383282, 3189098, 169293, 1
629, 113.9195337, 22.53600685, 2419849, 143878, 4
730, 114.1494133, 22.61039668, 1877872, 29181, 5
961, 114.0569722, 22.51413081, 2250459, 65099, 3
1378, 113.9091263, 22.53367041, 2535088, 114691, 2
1170, 114.0624727, 22.62353595, 2203711, 67384, 3
1413, 114.1270865, 22.62572878, 2707930, 47732, 0
284, 114.3685244, 22.73435966, 938537, 18447, 5
369, 113.9236458, 22.52457026, 1813373, 63774, 2
683, 113.8485196, 22.57678478, 2153894, 110924.50828339584, 32
1153, 114.1122834, 22.58925196, 1882189, 33152, 0
1036, 114.2159068, 22.69932397, 1627568, 39052.84699788558, 3
940, 113.9863711, 22.5576736, 2527584, 128906.01912118097, 19
1013, 114.2454337, 22.7144816, 1742002, 28912, 0
0, 113.95045474634317, 22.546609705292855, 2896036, 137942.15201459455, 14
1444, 114.1367994, 22.5629164, 2852726, 75633, 1
1434, 114.2335782, 22.55134637, 2480451, 36876, 1
407, 114.0785614, 22.54044272, 2042689, 57094, 2
1426, 114.1122248, 22.6075147, 2109688, 26730, 0
192, 113.8493022, 22.59437716, 2293458, 100657.39713219019, 43
692, 114.0211442, 22.65440316, 2230276, 72312, 2
1167, 113.9337469, 22.52261679, 2288489, 132388, 4
926, 114.1474494, 22.62468159, 814692, 13962, 0
1342, 113.8688348, 22.55791811, 2242954, 51211.75919378247, 0
261, 113.9254412, 22.49806383, 2235183, 94402.77327533714, 13
1212, 113.9517906, 22.56079444, 2198481, 97579.72656681246, 10
361, 114.1738584, 22.64970683, 1518259, 22503, 0
749, 114.023723, 22.53002473, 2747504, 174327.9798753703, 25
562, 114.128937, 22.57881531, 2596422, 78169, 0
627, 114.2920662, 22.60289052, 1851620, 29843, 0
927, 114.0562232, 22.51990442, 2267798, 55536.38144367183, 1
415, 113.8086356, 22.70191858, 2282501, 48743, 0
480, 114.1298848, 22.68634625, 1837176, 41050, 0
1111, 114.2382816, 22.56736153, 1629303, 30671, 0
0, 113.95045471827093, 22.544436949389354, 2995143, 137489.4245571538, 14
224, 114.0509316, 22.56414593, 2298190, 66528.5126301018, 5
329, 114.0665254, 22.54984625, 2180770, 87921, 1
1299, 114.1051182, 22.56608791, 1896860, 43515, 0
1226, 113.9299498, 22.48990806, 2233938, 75146.03181670807, 2
1078, 114.2421145, 22.73886973, 1513736, 39812, 0
610, 114.0388693, 22.64516673, 1636319, 40450, 0
905, 114.1142512, 22.55208526, 2598449, 69333, 0
349, 114.0431475, 22.5291419, 2131205, 90305, 6
681, 114.1974524, 22.65186566, 1298274, 20253, 0
167, 113.9348085, 22.54579039, 2928636, 97152, 0
1431, 114.0552119, 22.57259476, 2321359, 75101, 1
14, 114.2687658, 22.72622812, 1151393, 20658, 0
779, 114.2371294, 22.5886584, 1828278, 32780, 0
0, 113.94610920261704, 22.550955222386104, 3034179, 128478.48897319513, 17
545, 114.2819348, 22.73821424, 1031328, 19918, 1
1493, 114.2198708, 22.72619087, 1965708, 41763, 1
1356, 114.11744, 22.56020933, 2516834, 66535, 0
1490, 114.2492833, 22.72174575, 1244818, 23277, 0
1178, 113.9170568, 22.53497487, 2412366, 77105, 0
844, 114.0410513, 22.56905086, 2030805, 56980, 0
591, 114.079839, 22.54379355, 2346156, 76555, 4
238, 114.3410788, 22.69204305, 880709, 18413, 0
1341, 113.9734476, 22.56619975, 2217559, 75733, 1
135, 113.8740527, 22.59011904, 2228546, 85956.87186543012, 9
938, 114.0656992, 22.6152615, 1707898, 51451, 1
772, 114.2304546, 22.72647858, 1796840, 31248, 3
0, 113.9548002422729, 22.55312798248217, 2650166, 117570.2524903584, 20
1147, 114.059609, 22.54860145, 2876946, 164827, 0
656, 114.2335964, 22.55546638, 4536754, 68000, 1
0, 113.95262747803143, 22.550955222386104, 3409987, 143687.55420721005, 15
1329, 113.934132, 22.50391084, 3359683, 176587.8277337448, 6
268, 113.8634262, 22.60339678, 1682534, 41924, 4
379, 113.8138057, 22.65911917, 2578872, 102605.92465837249, 1
169, 113.9151198, 22.77292533, 2499128, 38224, 5
8, 114.2360187, 22.58560019, 1657771, 31963, 0
534, 113.9218421, 22.59078246, 930222, 24650, 0
1074, 114.1332911, 22.5477813, 2160322, 69133, 3
1168, 114.2172382, 22.55800213, 1186183, 29775, 0
525, 113.9201775, 22.50354598, 2389925, 97018.77854807753, 7
447, 113.8865032, 22.57412312, 2243245, 73803.31769278563, 57
513, 113.9631976, 22.5273602, 3774182, 164379.86015919718, 9
1096, 113.9196572, 22.51147003, 2207388, 111393, 1
27, 113.9282269, 22.49166111, 2519986, 116334.01952835039, 5
51, 114.063623, 22.64649434, 2109537, 60381, 5
431, 114.2116775, 22.71566268, 1719536, 25933, 0
1464, 114.2001423, 22.65019022, 1492099, 21721, 0
739, 113.9022636, 22.56490518, 2604610, 93748.8329995814, 23
465, 113.9002739, 22.48314129, 2501238, 74778.49358, 4
1403, 113.9131858, 22.54233207, 2293907, 65561, 0
1400, 114.2538351, 22.73217567, 1423428, 25041, 0
1438, 114.1227558, 22.54464394, 2217045, 68762, 2
1093, 114.0645435, 22.64972893, 2088792, 80755, 5
757, 113.8877436, 22.78404007, 1427427, 29828, 0
0, 114.0047736964425, 22.553127980599808, 2926966, 115532.26721269231, 14
330, 114.041099, 22.60560235, 2199737, 96572.69217597345, 15
1180, 114.1253632, 22.56775052, 2721827, 80246, 0
756, 113.8771498, 22.58317542, 2343612, 75039, 1
0, 114.00477370247327, 22.55312798101, 2616302, 122664.24995672915, 13
858, 113.9289069, 22.52668209, 2212624, 111906, 1
97, 114.0372803, 22.52318621, 1768771, 58502, 0
659, 114.1204817, 22.56692611, 3385075, 74265.54114791448, 1
141, 114.1182255, 22.67187027, 1514707, 21438, 2
648, 114.2256146, 22.69747644, 1209107, 23482, 0
984, 113.8143158, 22.67555369, 1724994, 29687, 0
15, 113.922359, 22.52020784, 2095798, 107667, 2
1253, 113.8826033, 22.55538645, 3334224, 144958.3866329816, 60
871, 114.1203418, 22.56092471, 1973757, 47564, 0
892, 114.1014352, 22.58777566, 2469568, 33094, 0
322, 114.2122946, 22.72380437, 1463714, 31890, 0
1077, 113.9105138, 22.58366547, 2461447, 161334, 6
0, 113.95262750479836, 22.550955222433245, 2957239, 152768.42464169278, 19
1068, 113.8357379, 22.64104742, 2271558, 71634, 12
822, 113.8914139, 22.57915155, 2238000, 65268, 0
514, 113.9779929, 22.5540314, 3233269, 139966, 1
1445, 113.9265884, 22.48453495, 2507411, 107065.8117570455, 2
1393, 114.1187972, 22.54758788, 2557978, 49540, 0
151, 113.931892, 22.51493316, 3255220, 174415.02589292644, 10
1448, 114.0822853, 22.63028795, 2318753, 92015, 1
0, 113.94828198786608, 22.550955222433245, 3750291, 145832.3659672231, 12
112, 114.017922, 22.73325281, 1480999, 22555, 0
1119, 114.1346242, 22.56420859, 2038171, 45157, 0
1149, 114.2704605, 22.74908238, 1258289, 25045, 0
848, 114.0320278, 22.56413598, 2369194, 75662, 5
197, 114.0278292, 22.66347045, 2121072, 46710, 2
924, 113.9042899, 22.5665363, 2170880, 118795, 7
0, 113.95045472446496, 22.54443694711429, 2956530, 136948.23445103999, 20
13, 113.8417555, 22.60541168, 2090845, 59311, 6
1259, 114.1762942, 22.56757336, 2350590, 73698.46149804612, 0
594, 113.9382846, 22.54399802, 2972281, 130605.87355589338, 12
0, 113.94176368163588, 22.529227638948985, 2763206, 132598.5560237697, 17
1321, 113.9309062, 22.52346443, 2307839, 185323, 4
1174, 114.1151864, 22.5574876, 2312772, 56427, 0
79, 113.8282306, 22.78595423, 2071129, 52148.220456674026, 3
0, 113.92872713547352, 22.514018321780792, 2225852, 106389.22619635201, 17
287, 114.0085987, 22.56776331, 2822403, 91893, 0
454, 113.9195592, 22.56217377, 2259081, 53848, 0
1424, 113.8877196, 22.49878479, 2199387, 74619.76342655123, 5
490, 113.9011316, 22.78291302, 2267163, 57816, 10
75, 114.2023, 22.65179365, 1448052, 17284, 0
655, 114.1351301, 22.58489774, 1969226, 81985, 6
888, 114.131942, 22.56673905, 2289939, 57122, 2
1352, 114.0548224, 22.51337137, 2196271, 58148, 1
56, 113.8419877, 22.76843068, 1330375, 25831, 0
775, 113.8714447, 22.57808297, 2307701, 83394, 5
503, 114.0494119, 22.72452175, 2578045, 52600, 1
1005, 114.2988156, 22.77291042, 1048268, 17110, 0
889, 114.0654682, 22.57372215, 2883510, 97725, 3
944, 113.9222668, 22.53854073, 2782742, 102412, 2
146, 114.0374198, 22.63386006, 2236633, 40194.326678793026, 0
670, 114.238708, 22.70154264, 2514923, 28645, 0
750, 114.0651306, 22.55945076, 3630336, 107736, 0
45, 114.0647495, 22.52052762, 2340513, 84309, 0
213, 113.8778201, 22.58583875, 2736887, 103704, 15
398, 114.2618871, 22.72814276, 1925194, 27126, 0
541, 113.8150982, 22.68088519, 1430578, 29962, 0
538, 113.8641131, 22.57823681, 2252413, 116249, 11
646, 114.1673218, 22.56516296, 1923954, 52223, 0
34, 114.1134062, 22.6121577, 1157339, 16875, 0
1039, 114.0254433, 22.61534867, 2079363, 68686, 0
221, 114.2915428, 22.61076659, 2226334, 40974, 0
964, 113.9501158, 22.5829379, 2107932, 67487, 1
1461, 113.9947671, 22.59160367, 2297807, 100938.5238048935, 7
1275, 114.1434636, 22.54488498, 2047577, 41415, 0
866, 114.0753335, 22.53109919, 2816598, 77672, 1
462, 114.0605613, 22.57273526, 2191192, 105889, 1
333, 114.2296525, 22.5578889, 2207067, 36761, 0
126, 114.3084143, 22.69174742, 1043727, 18907, 0
1020, 114.1076893, 22.61655363, 1490382, 22039, 0
0, 113.94610920537113, 22.553127980599808, 3079770, 118322.93859890003, 16
277, 114.0339235, 22.5440893, 2830125, 76447, 0
1315, 114.3042553, 22.60337255, 1229380, 26633, 0
1161, 114.2484364, 22.73770263, 1183647, 18741, 0
1223, 114.245619, 22.59661344, 1921897, 31570, 0
1351, 113.891709, 22.56091576, 2066172, 68076, 0
1290, 114.0580154, 22.62604388, 1092082, 24939, 0
770, 113.8539062, 22.57822354, 2100199, 121692, 7
469, 114.0719223, 22.66166336, 2198705, 43639, 3
664, 113.9598081, 22.53710949, 2496960, 80756.19364370231, 3
1070, 113.863216, 22.57078846, 2168592, 109426.32494607885, 32
1166, 114.272928, 22.755462, 1250871, 16870, 0
1314, 114.0181437, 22.55644728, 2337733, 209923, 9
1207, 114.0179221, 22.65101941, 1779776, 49606, 2
704, 113.924925, 22.56193358, 2571039, 51716, 0
606, 114.0829143, 22.55096604, 3666180, 155047, 3
299, 113.874393, 22.59737933, 2150298, 106439.1469746982, 8
380, 114.007117, 22.60084288, 2249595, 105991.68325474355, 19
679, 114.0408358, 22.55991118, 2194050, 63522, 2
1220, 114.2088018, 22.72854125, 1786519, 37727, 0
437, 113.8573938, 22.55802078, 2462345, 70826, 7
1249, 114.1334316, 22.58150305, 2235321, 59759, 0
760, 114.0724755, 22.5421678, 1660871, 43036, 5
722, 114.1369298, 22.56452266, 2652931, 84955, 0
0, 113.94828196428185, 22.550955222083648, 2757248, 122107.94259947167, 20
1410, 114.0397387, 22.53194191, 2166737, 57435.39966835884, 1
0, 114.00694644328013, 22.5531279809803, 2995787, 115257.07272570935, 19
828, 113.8997248, 22.76878178, 2154270, 44065, 10
142, 114.1157085, 22.55960862, 2165946, 77317, 4
168, 114.0154736, 22.65448952, 2289649, 56625, 3
1419, 114.065254, 22.55279516, 2511502, 130431, 10
272, 114.0301127, 22.52337261, 2180206, 106315, 0
970, 114.1133745, 22.53726168, 1731960, 43327, 0
162, 114.331894, 22.68824122, 1356728, 27431, 0
291, 114.0294284, 22.74531504, 2069864, 44983, 4
502, 114.0284364, 22.59933673, 2357746, 65699.9587220562, 1
640, 113.983226, 22.53869913, 2304602, 111207, 3
1468, 114.1245947, 22.56014845, 2167237, 43939.382504292, 1
1402, 113.9262389, 22.51063991, 2496698, 135871, 3
697, 113.9261702, 22.51602169, 2590604, 133414.89048240666, 3
842, 114.2485412, 22.73406649, 1416788, 20624, 6
1292, 113.9057355, 22.4787415, 2203870, 58471.981380000005, 1
260, 114.2380233, 22.56195234, 1532631, 23577, 0
574, 113.9214811, 22.49313448, 2210785, 82507, 0
222, 114.0639037, 22.53085766, 2217334, 71124, 0
537, 114.1889177, 22.6498944, 1378089, 21802, 0
632, 113.8885349, 22.5522118, 3622058, 164127.40553253968, 6
865, 114.1306867, 22.60230633, 2178613, 40733.41944045509, 0
1106, 114.1122592, 22.54745874, 2212704, 41540, 0
99, 114.1227546, 22.56353637, 3949187, 93672, 0
803, 113.8464461, 22.59849596, 2248227, 117574, 6
230, 113.8930961, 22.58007421, 2228871, 52369.847853283856, 8
752, 114.1312415, 22.58391307, 2939023, 87839, 0
297, 114.1167624, 22.56310054, 2536266, 71959.33023373436, 4
96, 113.9131014, 22.50435826, 2879238, 97772.83923241783, 12
312, 113.9321822, 22.52669891, 2546347, 110737.73788673946, 8
377, 113.8866185, 22.54924298, 2705450, 147857.55436564123, 8
1396, 113.9072223, 22.54231109, 2432940, 85171.73954250057, 12
1430, 113.871036, 22.56064904, 2628203, 124969.08529590942, 6
809, 113.8201561, 22.67580759, 1681213, 35600, 0
305, 114.1190419, 22.62508865, 2094478, 30546, 0
851, 114.1055723, 22.62082856, 1552969, 27914, 3
0, 113.96131850952345, 22.527054877184387, 2582777, 107103.30059307122, 20
283, 114.1535431, 22.55858495, 1599816, 31140, 0
0, 113.94393645767744, 22.55095522266706, 2559206, 119791.70318921586, 17
1349, 114.1043035, 22.58652143, 2281545, 35788, 0
1301, 113.8786763, 22.56727357, 2191236, 98682, 1
324, 113.9294287, 22.54876079, 2509844, 114307, 5
987, 114.2709962, 22.72776478, 1376720, 21968, 0
367, 113.9245668, 22.48259769, 2952447, 129850.39536471409, 5
1084, 113.9895344, 22.53161406, 2505982, 69851.534295682, 2
0, 113.94828195479865, 22.550955225035356, 2929102, 153956.20338643272, 14
46, 114.2676535, 22.58962665, 2002424, 35899, 0
792, 114.1318523, 22.55347583, 2177555, 79674, 3
1479, 113.9081022, 22.57355042, 3318591, 141491.95110796977, 18
1476, 113.9296542, 22.51692758, 2593873, 135013.06252022774, 9
1116, 113.9153661, 22.51092968, 2481282, 89526, 1
596, 114.0386285, 22.55495065, 2967966, 92721, 3
91, 114.1064578, 22.63062554, 1810447, 30400, 0
913, 114.0417678, 22.57489347, 2295787, 83996, 3
989, 114.2702516, 22.69388022, 1735600, 26140, 0
150, 114.0755723, 22.65681014, 2033812, 32712, 0
1414, 114.3840416, 22.71104477, 1227452, 22214, 0
223, 113.8957434, 22.53233885, 3176192, 175390.11326976636, 32
171, 113.9140583, 22.49114579, 2131587, 80833, 1
806, 114.1114102, 22.60452048, 963714, 14741, 0
26, 114.4090079, 22.63359562, 1101506, 14816, 0
1071, 114.0037582, 22.53790479, 2158316, 89104, 4
1266, 114.1720306, 22.64868879, 1525794, 25095, 0
504, 114.2421034, 22.72895213, 1276581, 22925, 4
680, 114.2556224, 22.59162635, 1775132, 26648, 0
996, 113.912992, 22.5348174, 2259778, 92606.9377627704, 3
669, 113.9271505, 22.55198567, 2372176, 73406, 1
1263, 113.922349, 22.50495552, 2371643, 77746, 0
691, 114.0518669, 22.60421052, 2381558, 80704.14331018805, 45
1232, 114.0565727, 22.69299886, 2353585, 41952, 3
106, 114.257763, 22.69628148, 2513530, 39873, 0
599, 114.1366077, 22.63006688, 2106734, 29782, 1
699, 114.1155868, 22.62877384, 1495049, 26035, 0
1251, 114.1108458, 22.61624122, 1860396, 28248, 3
1361, 113.9216623, 22.54510949, 3699814, 140989, 0
799, 114.0729145, 22.65192979, 2326974, 58858, 5
615, 113.9840701, 22.59480876, 2051297, 142804, 1
122, 114.121452, 22.60815958, 1517872, 24230, 0
1018, 113.9049635, 22.47629877, 2516423, 59249.67772, 1
1375, 113.9183133, 22.49543257, 2273950, 121146, 3
1021, 114.2751117, 22.74890723, 1199525, 19592, 0
558, 114.0704913, 22.54506796, 2486577, 85514, 2
1308, 113.8594394, 22.61901935, 2207364, 67729.60627609375, 3
1104, 113.933393, 22.49101418, 2865610, 152140.43385592036, 3
129, 114.0377195, 22.55782833, 2642133, 84666, 0
206, 113.9439369, 22.52534943, 3364465, 104618.67015188983, 1
569, 114.1228172, 22.60168925, 2741816, 55701, 2
1497, 113.9048476, 22.59788812, 2148729, 115651, 0
424, 113.8355095, 22.59032396, 2193051, 55333.380311321554, 0
1150, 113.9379276, 22.50942693, 4888679, 326936, 4
1056, 114.0389248, 22.54995203, 2164609, 99843, 1
482, 114.0304731, 22.6598973, 2206040, 54668, 5
966, 114.1616938, 22.56889199, 1654814, 35327, 0
1265, 113.8934253, 22.56998563, 2092644, 50871, 3
40, 113.8652014, 22.5862659, 2416419, 35095, 11
1080, 114.0843588, 22.56470925, 2357942, 61207, 0
1380, 114.0380274, 22.56928036, 2402905, 64084, 0
325, 113.816067, 22.77399148, 2396372, 39761.737439982724, 6
1420, 114.1083256, 22.55539337, 2277912, 41706, 0
1002, 114.040472, 22.62411838, 2208017, 58744, 1
47, 114.1227205, 22.55684904, 2833043, 88739, 0
1270, 114.0805462, 22.5528208, 2343755, 89683.4950773587, 1
590, 114.2078712, 22.6531411, 2134471, 28424, 3
1031, 114.2429635, 22.74200624, 1531303, 27543, 0
438, 114.2625363, 22.74366001, 1761944, 24974.08096, 6
846, 114.1351283, 22.55780185, 2224599, 52579, 0
991, 114.2330761, 22.71232915, 2334062, 54161, 0
855, 114.2390716, 22.55917562, 2461910, 44128, 0
408, 113.9150355, 22.58923228, 2282326, 86356.5898631228, 4
978, 114.1965306, 22.64381334, 1189503, 17891, 0
1441, 113.9435859, 22.52897713, 3569306, 123369, 0
355, 114.0217343, 22.65356868, 2405089, 80466, 9
1097, 114.0385725, 22.54295442, 2342674, 109168, 2
1189, 114.0459589, 22.56174254, 2225622, 112304.10786261871, 4
1183, 114.0591583, 22.56203771, 2236941, 104248.09926515791, 11
133, 113.8832089, 22.78014068, 2388120, 39432, 3
1422, 114.1119225, 22.54455996, 2494198, 68651, 14
411, 113.9256338, 22.51572657, 2686075, 104744.42763473473, 26
435, 114.1506243, 22.55492628, 2146422, 44304, 0
1058, 113.924989, 22.50836662, 2385237, 68705, 3
729, 114.0966175, 22.55546143, 3166196, 128378.44420612617, 22
1101, 113.9078936, 22.51408319, 2432340, 71381, 0
196, 113.9496693, 22.55122213, 4395249, 147760.79474522482, 20
1214, 114.0623047, 22.57298812, 2120931, 59532, 1
617, 114.2570457, 22.73647931, 1579719, 24492, 3
18, 114.1368988, 22.67066874, 2214013, 25485, 2
641, 113.9080407, 22.49400061, 2818764, 102429, 4
1138, 113.9813212, 22.55009987, 4044164, 225047, 2
556, 114.0480173, 22.51930582, 2517838, 99549, 0
68, 114.0890018, 22.5398657, 2692381, 56173.48372170889, 1
309, 114.0463786, 22.62462621, 2195137, 68075.24210856824, 22
215, 113.8951576, 22.48580812, 2106215, 124922, 5
1117, 114.2325571, 22.70186294, 1601279, 24366, 0
332, 113.9680421, 22.58692978, 2234394, 98240.66914992647, 5
1051, 113.9164802, 22.51914492, 2241809, 128410, 5
579, 114.0785332, 22.57760417, 2152087, 51090, 0
811, 114.2918596, 22.7332325, 1074017, 17673, 0
1033, 114.3066555, 22.67607433, 1497561, 22770, 0
518, 113.8154939, 22.76043031, 2148178, 61039, 6
1475, 114.1000347, 22.56966506, 2364660, 52205, 0
0, 113.95262748336864, 22.55312798248217, 2773339, 119378.73684600001, 17
639, 114.0957448, 22.54442098, 2576327, 60660.099220000004, 1
512, 113.9104005, 22.56214157, 2225420, 82552.38453673715, 18
1006, 114.1103715, 22.57717689, 2496820, 46062, 0
1282, 113.9736577, 22.54056569, 2232848, 56961, 0
554, 114.1186598, 22.53707709, 2227211, 64728, 2
570, 113.8677722, 22.56190042, 2539045, 116110.78918920433, 23
782, 114.0560703, 22.51722626, 2233281, 79546, 3
148, 113.8257284, 22.65217284, 1736238, 50734, 0
1269, 113.8556547, 22.57802118, 2202143, 105704.94981277699, 15
0, 113.94610919571576, 22.527054877184387, 2625223, 159246.10732082816, 20
449, 113.8533064, 22.75537504, 1549533, 30517, 0
1079, 114.0212973, 22.62184475, 2451741, 138180, 0
1240, 113.981778, 22.54629889, 4946735, 173225.87062693542, 2
373, 113.9523377, 22.58285798, 2120924, 90728, 4
139, 113.9203572, 22.53052668, 2194133, 62270.871355917276, 6
1187, 113.9359076, 22.50245966, 2475817, 173620, 3
156, 114.0186815, 22.63417359, 2244685, 122573, 18
1439, 114.1042978, 22.5421643, 2570636, 89647, 2
553, 113.9868777, 22.56314355, 2274350, 77278.24881393377, 1
1086, 114.1521987, 22.61530084, 2370135, 46730, 1
994, 114.0060361, 22.64477552, 2227626, 69780.5958263219, 59
78, 113.8579814, 22.62330717, 2206941, 63210.41904559454, 34
175, 113.9234447, 22.53452262, 2609193, 116979.1748631279, 16
1360, 113.8144449, 22.67344472, 1673410, 36074, 0
88, 114.1034408, 22.56883008, 2479750, 114332, 0
1250, 114.0519279, 22.62135229, 2223291, 53877, 0
419, 113.9338951, 22.50164756, 3278191, 156015.09445079538, 9
1405, 114.2196488, 22.73043499, 1568020, 28989, 0
1038, 114.1197653, 22.55462931, 2175967, 63219, 1
429, 114.1049696, 22.5579356, 2312655, 81528, 2
455, 113.9604081, 22.59344042, 2469027, 75917, 0
1343, 113.9179884, 22.53136052, 2163155, 87760.79104320054, 17
1416, 113.871775, 22.58555053, 2164657, 49282, 0
205, 114.2288876, 22.70270774, 1791505, 23534, 1
720, 114.0358617, 22.54489447, 2184325, 78460, 7
440, 113.889344, 22.56290387, 2255435, 52464.03996757892, 11
0, 113.94610919993998, 22.5487824665109, 2436225, 114882.91011798593, 16
1362, 114.0350812, 22.6040573, 2169553, 89067, 2
902, 113.8128267, 22.73422663, 2100433, 32962, 4
498, 114.0227262, 22.66113226, 2206049, 76274.5430050216, 15
526, 114.266457, 22.69397912, 1902219, 27730, 0
1280, 114.0492158, 22.62659024, 2591863, 64976, 0
903, 113.8678879, 22.5713629, 2406044, 99537.64098031209, 55
0, 113.95045471954916, 22.546609705210194, 3160545, 146829.31468660996, 17
0, 113.93089988600693, 22.51619108637465, 2220811, 121516.6777515974, 16
0, 113.94393644775796, 22.550955223656203, 2374664, 113244.46390342081, 14
463, 114.1178066, 22.60123914, 1923476, 29659, 0
0, 113.95045472319474, 22.54660970507544, 3277786, 142066.7687337384, 19
807, 114.1071909, 22.56922166, 2466836, 67876, 0
552, 114.0265208, 22.53258663, 2143459, 82331, 5
1165, 113.817215, 22.77157357, 2003386, 36013.430651760034, 9
1082, 114.0844981, 22.55396949, 2637878, 105015.9912961467, 2
4, 113.808973, 22.73600021, 2186595, 40473.80968039705, 17
1206, 113.9154325, 22.50045744, 2670101, 117911, 2
605, 114.1167281, 22.62348769, 1983549, 28900, 0
0, 113.9265544017795, 22.514018327279356, 3181506, 113290.18611994367, 14
164, 113.8347229, 22.78113656, 1948071, 44558, 0
834, 114.2326329, 22.56220142, 1718507, 32183, 0
540, 114.1222988, 22.61457652, 1959383, 29752, 0
967, 113.811802, 22.66183387, 2461029, 45580.79168343802, 10
392, 114.0224392, 22.63876677, 2205079, 53871.80581183007, 0
418, 114.1029863, 22.59680773, 1613987, 20656, 0
152, 113.889128, 22.49985091, 2329940, 88289.7383514077, 5
1085, 114.0844342, 22.54751853, 3302004, 87713, 0
184, 113.8852022, 22.48394619, 2473547, 170956, 2
971, 113.8712327, 22.59794122, 2204976, 91219.3395352052, 5
1260, 114.070886, 22.57135137, 1828593, 43438, 1
713, 113.8777133, 22.59947878, 2230859, 63256.52769525897, 9
635, 114.2487939, 22.59399093, 2496981, 40328, 1
1012, 113.8880662, 22.59094183, 2064543, 62490, 1
50, 114.0163238, 22.53727597, 2153989, 121322.45471893411, 16
0, 113.94176369845889, 22.52922763493729, 3191614, 123515.82860038879, 18
191, 113.9410532, 22.59262983, 2077364, 78168, 1
899, 113.916999, 22.50356757, 2525378, 159871, 6
881, 113.9512853, 22.55026759, 2355515, 110338, 1
315, 114.0542598, 22.60673817, 2482658, 73305.91568114348, 5
193, 114.2990902, 22.72391568, 1715645, 22757, 0
313, 114.2999413, 22.76820291, 1276365, 29882, 0
1029, 114.0972235, 22.62774315, 2313125, 45820, 1
194, 114.0825265, 22.54407702, 2197096, 51473, 2
841, 114.0282813, 22.62809825, 2201491, 59417.43287198983, 1
1200, 113.9603234, 22.53010472, 2681342, 202563, 7
28, 114.0358301, 22.70436869, 2202471, 76128.0942620677, 29
147, 114.0822683, 22.55456271, 2637878, 72086.20669343664, 1
19, 114.0493994, 22.53432696, 3067811, 109415, 3
812, 114.1220831, 22.59238119, 2335757, 41536, 10
492, 113.9441519, 22.55910688, 2155051, 68528, 0
1030, 114.1704436, 22.64268317, 500908, 7857, 0
1411, 113.8281835, 22.78771022, 2058632, 55844, 1
48, 114.0433814, 22.56069812, 2367280, 55514, 2
600, 113.9448743, 22.54952583, 2550712, 133972, 1
521, 114.0858786, 22.55626271, 2989257, 183830, 2
735, 114.0902703, 22.54713783, 2783173, 84362, 0
339, 114.0380729, 22.65203364, 618786, 15942, 9
690, 114.1230387, 22.58068133, 2317076, 88139, 0
960, 114.0345766, 22.5654001, 2455097, 154438, 13
372, 113.8600693, 22.61680203, 2278831, 88465, 5
1087, 114.0629266, 22.64340795, 2179275, 44949, 0
318, 114.1248603, 22.59405869, 2338237, 120338, 4
1456, 114.0134819, 22.6269261, 2277152, 146700, 5
1112, 114.3354208, 22.70099604, 1787916, 28447, 2
868, 113.8929912, 22.58353792, 2315981, 79321.96015772434, 21
375, 114.2178435, 22.7323655, 2575165, 63504, 0
326, 114.2209081, 22.5614386, 2342934, 42900, 0
551, 114.0706314, 22.52768003, 2107804, 73872, 4
1224, 113.9181211, 22.52648799, 2114393, 53594, 1
665, 114.0352336, 22.63158047, 2193232, 45894, 1
1197, 113.9263495, 22.49164243, 2069018, 66838, 0
84, 114.0661529, 22.61863264, 2242013, 73262, 5
179, 114.0238058, 22.68184804, 2176065, 64786, 1
1417, 114.0811583, 22.53859569, 2414722, 58935, 0
829, 113.9245373, 22.49098293, 2346224, 46183.006160000004, 0
612, 113.9040543, 22.57707871, 2124772, 112774.1517980193, 60
583, 114.1273812, 22.56908371, 2569451, 54713.51123276626, 0
719, 114.2200589, 22.67903175, 1931742, 37034, 6
1179, 114.0000969, 22.53806975, 2162253, 104355, 3
155, 114.2424108, 22.59416598, 1553299, 28593, 1
1191, 114.1657279, 22.56885969, 2439608, 58839, 2
1469, 114.0430301, 22.55562313, 2210615, 86085, 1
414, 113.9122957, 22.51269682, 2795381, 125326.41102781732, 6
1004, 113.9229318, 22.51620911, 2620630, 119024, 0
485, 114.1133325, 22.60835034, 1485747, 24063, 0
925, 114.0637197, 22.53426758, 2027903, 55220, 7
1472, 114.0240966, 22.63303427, 2195266, 54678, 1
494, 113.9202953, 22.48964389, 2354467, 104137, 3
794, 114.1072085, 22.62652505, 2000367, 31009, 7
1368, 114.0770503, 22.54085385, 2181360, 94285, 0
0, 113.9287271428049, 22.514018323378963, 2195149, 110848.408081052, 14
1397, 114.1101404, 22.54153671, 2435659, 45654, 0
1057, 114.1329378, 22.60950451, 1344924, 22193, 0
1373, 114.3348848, 22.68106926, 1597645, 23036, 1
334, 113.9940942, 22.66668585, 2162205, 44320, 1
103, 114.0402733, 22.54695267, 2368932, 97967, 2
877, 113.8289193, 22.71956443, 1981956, 49903.01596488304, 94
0, 113.95262747803143, 22.548782463796073, 3499686, 140768.8196368223, 20
74, 114.0661372, 22.53257542, 1943624, 64418, 1
476, 114.0056544, 22.53746564, 2482782, 104964, 5
622, 114.0549424, 22.56614636, 2215983, 65451.216578438594, 4
1323, 114.2225225, 22.7024292, 1520698, 31565, 1
403, 113.9687953, 22.56660558, 2109830, 58221.14613712047, 1
1435, 114.0403402, 22.55778015, 2255433, 71807, 2
121, 114.0830801, 22.63255927, 2166160, 57896.541038872194, 0
585, 113.9657245, 22.55509926, 2871676, 150937.75209551415, 5
0, 113.9287271618272, 22.51401832719487, 2173225, 136510.9698306043, 7
94, 114.0908567, 22.56083649, 2262099, 99399.42002351688, 8
577, 113.9530413, 22.57404856, 2227379, 79532, 2
300, 113.883369, 22.59400215, 2170602, 75116.07079485239, 16
677, 114.0878655, 22.57238118, 2240855, 47428, 0
311, 113.9402698, 22.58446982, 2588282, 118432.91519328147, 7
374, 114.248107, 22.5904246, 1848398, 29885, 0
246, 114.0506499, 22.51219737, 2174572, 64896.1706786129, 4
1357, 114.0051472, 22.55061219, 2757270, 71677.55632845395, 1
101, 113.9572051, 22.59681871, 2234384, 65912, 2
434, 114.1612636, 22.61026465, 1637349, 29291, 0
718, 113.9455659, 22.52814162, 3248305, 176384, 2
1344, 114.2464279, 22.59127182, 1311064, 26381, 0
113, 114.1234008, 22.62789153, 1906944, 33288, 3
250, 114.0419765, 22.55608436, 2206349, 93743, 2
836, 114.1099183, 22.57313432, 2172144, 47591, 0
0, 113.94610923422105, 22.527054880053317, 2841888, 158467.24837386762, 17
1053, 114.0182988, 22.63196421, 2414852, 101869.70435470586, 27
249, 114.0045131, 22.64230583, 2228128, 100753.3240051832, 8
43, 113.9064691, 22.57201045, 2551459, 91533, 0
1218, 114.1299479, 22.57726751, 2241151, 55951, 2
385, 114.029352, 22.64951895, 2183294, 85946.90447449256, 11
1091, 114.1191832, 22.6179681, 2482475, 35860, 0
1296, 114.1019817, 22.55545414, 2505135, 79703, 0
567, 114.2367467, 22.72324864, 2304099, 38497, 1
346, 113.9371832, 22.50632542, 2544466, 155176.19130255046, 8
1222, 114.0461952, 22.56901532, 2142162, 61184, 1
688, 113.8960955, 22.57055087, 3223270, 123154.54001887482, 12
481, 114.069169, 22.61745259, 2230976, 80882, 8
1335, 114.2183471, 22.68698225, 1896150, 39130, 0
896, 113.8517805, 22.77494241, 2631093, 40909, 0
497, 114.111386, 22.53035179, 1956181, 43791, 0
721, 114.0124577, 22.54778547, 2615587, 174176, 4
609, 114.218795, 22.55614242, 1648166, 28864, 0
1017, 114.0311193, 22.66163265, 2090623, 45333, 4
1114, 114.026974, 22.52229749, 2198389, 51761.473260000006, 1
686, 114.2303179, 22.55400112, 1996725, 33783, 0
1067, 114.024742, 22.65777296, 2054748, 45935, 3
0, 113.92872716050341, 22.514018327279356, 2595882, 128300.55236362464, 12
624, 114.0434634, 22.54686617, 2133298, 79914, 4
584, 114.0064083, 22.64803167, 2244001, 72445.32288664665, 21
603, 113.88068, 22.54759468, 2195585, 103508.49494287737, 9
620, 113.9317283, 22.49017464, 2277278, 58642.587139999996, 1
1363, 113.8970428, 22.57715634, 2187920, 57835, 0
861, 114.0421977, 22.61567768, 2660927, 136813, 6
1235, 114.0225741, 22.52481831, 2237611, 85880, 2
1055, 113.8985783, 22.55517608, 2224156, 104730.61507217766, 7
29, 114.1695198, 22.56610274, 2345404, 54297, 6
0, 114.08516576078217, 22.544436949380252, 2239228, 72270.30249342085, 0
1001, 114.0596743, 22.62833521, 2134422, 41049, 0
93, 114.0090737, 22.63994719, 3290185, 149000.21634882304, 46
638, 113.8852549, 22.56447734, 2191969, 160317, 5
815, 113.8821573, 22.57955862, 1962028, 44735, 1
999, 113.9379107, 22.76365792, 2416976, 48453, 8
709, 113.8593418, 22.62832393, 2216757, 63235, 29
119, 114.2154046, 22.5589463, 1843778, 36382, 0
389, 113.8270988, 22.77309735, 2170457, 52526.975460131296, 13
630, 114.0787702, 22.53211585, 2822968, 70388.78454254853, 2
1136, 113.9931464, 22.54557596, 2411883, 84384.24522145528, 2
658, 114.2933476, 22.77126038, 1009934, 16637, 0
0, 113.94393643664458, 22.527054877184387, 2894523, 153365.79792578207, 8
1423, 114.0783056, 22.54244888, 2047116, 65314, 6
519, 113.9969301, 22.643064, 1551561, 29602, 7
1274, 114.2047847, 22.70875643, 2346482, 35455, 0
959, 113.9125316, 22.53090269, 2241066, 131129, 3
654, 114.2278932, 22.55791128, 1597035, 27110, 0
786, 113.9485403, 22.54665421, 4300916, 190896.6205174569, 15
1467, 114.1309326, 22.58914446, 2303233, 58044.08427252903, 0
778, 114.0361205, 22.69654898, 2350835, 53649, 0
921, 113.9144555, 22.49428932, 2247906, 115800.51819710109, 18
619, 113.808932, 22.73500402, 2353822, 58666, 12
345, 114.1171629, 22.58668779, 1658683, 34464, 0
1462, 114.2965968, 22.77149148, 846809, 13746, 0
805, 114.0021078, 22.55103737, 3290245, 179883, 3
784, 114.2679761, 22.715247, 1475854, 25009, 0
1176, 114.2033274, 22.64866365, 2006342, 28725, 0
505, 113.8016913, 22.72411911, 2187322, 40487.32727629794, 18
1198, 114.1203709, 22.59595002, 1826408, 42373, 0
0, 113.9287271341747, 22.514018328568202, 2393057, 117825.22686931171, 7
488, 114.10663, 22.6041483, 1729339, 24258, 0
1316, 114.1135575, 22.61516135, 1022604, 16545, 0
1016, 114.0151204, 22.63547529, 2078884, 99788.40384794018, 4
52, 113.9049729, 22.51545518, 2343674, 105106.30207207473, 3
1047, 114.0669861, 22.54682441, 3304008, 82953, 0
1358, 114.0169023, 22.63031988, 2191135, 107312.05839302638, 1
1186, 114.2044037, 22.65303021, 1642256, 32173, 0
1427, 114.0019357, 22.54763075, 2132624, 70682, 3
1258, 114.2953817, 22.60513342, 1379277, 24516, 0
1213, 114.3246862, 22.68515792, 1272255, 19090, 0
446, 113.908799, 22.54103119, 2027192, 113462, 3
1312, 114.0281447, 22.56306471, 2091401, 71099, 0
795, 113.9172178, 22.48916648, 2549887, 95601.11938136279, 5
723, 114.2619689, 22.7128935, 950650, 18735, 0
278, 114.0636539, 22.57488868, 2239856, 95521, 0
914, 114.0652493, 22.53848359, 2581171, 93782, 6
873, 114.0392505, 22.52462702, 2194625, 86348, 6
515, 114.1099815, 22.53958395, 2447530, 83452, 6
359, 113.9046918, 22.5834555, 2091942, 46623, 0
837, 114.1187027, 22.57398636, 2390734, 95683, 4
1256, 113.8764874, 22.56452482, 2408585, 132923.41330601525, 18
1139, 113.8542686, 22.58354685, 1114594, 29726, 0
70, 113.8829829, 22.56603833, 2030135, 73809.6416572593, 9
353, 113.9917714, 22.53415387, 2130160, 68893.25454639323, 0
956, 114.1215024, 22.62649237, 1963357, 29559, 0
864, 113.8800022, 22.49385842, 2209246, 99107.19487697809, 3
529, 114.0842514, 22.57459896, 2178907, 72073, 0
597, 114.0647897, 22.62874665, 1581706, 43110, 0
393, 113.8886117, 22.77684509, 2369144, 52423.7745233055, 19
727, 114.0504346, 22.62711762, 2365351, 57956, 0
1379, 114.11215, 22.61976315, 1011315, 16393, 1
395, 114.2229894, 22.70499103, 1313820, 24758, 0
181, 113.9248777, 22.5101007, 2185771, 102892.47894601984, 5
672, 114.006985, 22.55115679, 2301097, 132202, 1
884, 114.0382715, 22.5323228, 2181559, 63700, 1
833, 113.9081997, 22.52314579, 2759564, 136128, 0
172, 113.8984836, 22.57376001, 2831567, 105657, 0
1154, 114.393146, 22.74389162, 1318901, 18576, 0
593, 114.1148965, 22.58845796, 2123337, 45798, 1
986, 114.1255815, 22.54376704, 2407167, 50745.242434628424, 3
331, 113.9615437, 22.55189256, 1905425, 70601, 0
708, 114.1145233, 22.54489976, 2269092, 53594, 2
711, 113.9206165, 22.51932572, 2378551, 146633, 6
604, 113.927215, 22.50483595, 2340291, 148168, 2
216, 114.0679432, 22.6297239, 2268521, 35166.98218, 1
204, 113.8971125, 22.55337372, 2397413, 70809.8722049732, 12
263, 114.1180708, 22.5549898, 2711416, 97622.29459889718, 7
1338, 114.1055162, 22.59685098, 1592807, 22941, 0
891, 114.0277042, 22.535769, 1798179, 70892.18686279401, 11
478, 113.8971921, 22.59802317, 2202136, 102454, 2
0, 113.95262749439391, 22.55095522266706, 2822278, 127156.29473652547, 13
876, 114.0352502, 22.52975706, 1383832, 44272, 0
744, 114.29936, 22.59829562, 1299514, 29697.41712, 1
982, 114.251157, 22.59278629, 1458782, 26574, 0
210, 113.8170674, 22.69635996, 1935686, 34638, 0
235, 114.2341293, 22.73357275, 1812109, 42296, 1
1230, 114.1117052, 22.6032368, 1345979, 18404, 0
489, 114.144408, 22.61981457, 2343149, 36874, 2
0, 113.93089989436798, 22.51619108082333, 2238452, 110255, 20
882, 113.9400233, 22.52891281, 2898888, 184765, 12
107, 114.076109, 22.53629136, 2518242, 80655, 0
1306, 114.0544854, 22.5696858, 2108780, 83109, 3
452, 114.1218402, 22.55305093, 2872910, 78983, 0
1346, 113.9052252, 22.56894945, 2797193, 124299, 2
1118, 113.9597256, 22.54909352, 4922714, 198902, 1
60, 113.8827845, 22.49341304, 2190958, 128428.72612641226, 10
189, 114.1170722, 22.6153073, 2492614, 38020, 0
879, 114.1322741, 22.57814231, 2633713, 95466, 0
631, 113.9211362, 22.49684441, 2453545, 94602, 1
143, 114.1643086, 22.56319397, 3254591, 73002, 4
607, 113.9013736, 22.55437896, 2101958, 66019, 0
391, 114.1284211, 22.58563509, 2695768, 91345, 1
857, 113.8713719, 22.59216138, 1659405, 51330, 3
117, 113.9620102, 22.54446133, 2288666, 107768.13675943775, 12
352, 113.9464051, 22.5290985, 3685417, 123593, 4
1470, 114.0483532, 22.57083058, 2030498, 75405, 0
453, 114.0147607, 22.54623141, 3748158, 126013, 0
1313, 113.886871, 22.57638403, 2193450, 91686.67601859698, 22
973, 114.1056468, 22.59296702, 1634016, 22500, 0
1098, 113.9316336, 22.53157254, 2604539, 102734, 0
1210, 113.8949748, 22.56749463, 2206380, 112457.79596982831, 5
734, 113.8998904, 22.580372, 2190360, 77246.66375571482, 33
958, 113.96299, 22.55379971, 3204867, 71085.72846, 1
266, 113.8988418, 22.56670695, 2193719, 91677, 9
1211, 114.1389878, 22.60814403, 1405442, 23013, 1
1151, 113.8564484, 22.62003008, 2227296, 72567.43529867165, 26
0, 113.94176371229841, 22.52705487837284, 2993403, 134674.92706029926, 19
539, 114.020688, 22.5546845, 2752969, 248118, 3
742, 114.0538106, 22.56289837, 2184816, 53728, 0
472, 114.0870308, 22.53805308, 2538471, 77376, 8
401, 114.1023868, 22.54818169, 2351397, 58640, 0
1391, 113.9552755, 22.57637077, 2614474, 81297.59482712907, 1
1190, 114.1043673, 22.56109889, 2123800, 51887, 0
825, 114.0411463, 22.51529969, 1961589, 67915, 0
1328, 114.0403132, 22.56725171, 2145541, 91317, 6
1272, 114.255152, 22.6893383, 1663033, 27973, 0
1486, 113.9634112, 22.54448132, 2345704, 92689, 2
684, 113.843812, 22.78331101, 1869038, 32566, 0
276, 113.9206787, 22.50698449, 2808630, 87230.76615075114, 9
421, 114.056674, 22.62875668, 2280674, 82994, 0
1145, 114.0591952, 22.54008101, 2421333, 52505, 0
1089, 114.3030508, 22.59987324, 1269273, 22877, 0
33, 114.0562809, 22.56726053, 2203997, 72257, 0
25, 113.8875092, 22.5816675, 2212100, 78871.87433566053, 11
145, 114.1022167, 22.54203109, 2516870, 70316, 0
265, 113.8651559, 22.57054362, 2281569, 103618, 11
561, 114.1231488, 22.55384302, 3053482, 115534.87355952268, 2
1311, 113.9999242, 22.55121255, 3374144, 107645, 0
626, 113.9141317, 22.50931602, 2205814, 103047, 2
81, 114.0407151, 22.71409815, 1314677, 25312, 0
290, 114.1281226, 22.54491842, 2154572, 61164, 2
1094, 114.2658949, 22.72232383, 1756965, 24360, 1
295, 114.11241, 22.54223148, 2119419, 39916, 0
801, 114.1087436, 22.54383051, 2697905, 61398, 0
875, 113.9210812, 22.49246719, 2174610, 89810, 0
251, 113.9149808, 22.52972851, 2155874, 75816, 13
636, 114.0611423, 22.53592798, 2336790, 84558, 2
1287, 114.1171319, 22.567793, 1940910, 45490, 0
0, 114.00477368456305, 22.5531279809803, 3226176, 127284.77547455166, 3
850, 113.9556978, 22.59273165, 2719461, 106023, 4
0, 114.00260093750639, 22.555300739123947, 2936972, 125709.66375237286, 14
487, 113.8474183, 22.76878118, 1783095, 30212, 0
1252, 114.2115401, 22.71321091, 1925561, 27688, 4
740, 114.0603467, 22.52706101, 2306230, 77227, 0
1049, 113.8482746, 22.57086139, 2187462, 57984.927348379424, 13
776, 114.0985441, 22.56529973, 2534029, 79844, 2
1377, 114.2273386, 22.69887747, 2541814, 62819, 0
522, 114.3350117, 22.70546672, 1854454, 33528, 2
1175, 114.1468428, 22.55594912, 1536010, 34933, 0
685, 113.9358056, 22.51703336, 6114499, 344499.5824199533, 4
707, 113.9367698, 22.75570779, 2153963, 48643, 3
416, 114.1295402, 22.57343432, 2598807, 81258, 1
243, 114.1073572, 22.57132398, 2381103, 52593, 1
1090, 114.1214859, 22.54613392, 2241700, 51087, 1
475, 113.9244198, 22.77065499, 2321200, 57415, 3
1477, 114.0170986, 22.66684462, 1552358, 33748, 0
1048, 114.0367893, 22.61215185, 2207597, 141542, 11
1062, 114.2294995, 22.75382809, 1430340, 27799, 6
1044, 114.2502282, 22.57149983, 557080, 9539, 0
1042, 114.0285468, 22.56929008, 2609222, 81807.45723543638, 3
262, 114.1103352, 22.68648221, 1594858, 25347, 0
687, 114.0077078, 22.54389028, 2851939, 84385.55529284244, 2
1046, 114.0339166, 22.527063, 2008485, 64815, 0
1451, 114.1357206, 22.62069114, 1802693, 31306, 0
0, 113.96131854579545, 22.527054880053317, 2856280, 121852.91868093192, 19
32, 114.0030935, 22.55296292, 3779381, 119763.789583788, 4
738, 114.047965, 22.51203568, 2358375, 77776.31935030625, 1
746, 114.0153588, 22.62734916, 2552560, 133029, 3
228, 113.8452861, 22.57255575, 2169575, 93492.4579053918, 12
1169, 114.2468222, 22.72244962, 1807351, 25921, 1
448, 114.0390147, 22.52935351, 2248768, 69130, 1
726, 114.0076839, 22.63159925, 2235232, 88853.93212889435, 7
366, 114.219348, 22.69336585, 2091342, 60105, 5
1196, 114.3265685, 22.67727231, 1660625, 26056, 0
1061, 114.0759329, 22.53834309, 2441138, 82825, 0
314, 114.0988199, 22.55814228, 2281325, 43123.19125344381, 1
1059, 114.0123941, 22.55631542, 3163079, 187173.1478626847, 2
649, 114.0213417, 22.63478661, 2131790, 71560.46328376509, 14
793, 114.1028875, 22.54545111, 2287204, 56560.564423793934, 1
37, 113.9303098, 22.75153761, 848181, 16959, 2
1123, 114.1012191, 22.56509162, 2326185, 87807, 1
955, 113.9182477, 22.54568435, 2206619, 55068, 1
140, 114.1052288, 22.69936491, 1471450, 19213, 0
1499, 113.9292544, 22.50163957, 2280088, 82215.12636751083, 2
64, 114.0320802, 22.60541612, 2728205, 80484.08595660761, 2
763, 113.8614431, 22.58873239, 2309148, 81777, 13
44, 114.2874449, 22.72725532, 884170, 15685, 0
1353, 114.0415587, 22.55246041, 2325344, 69598, 0
1125, 113.8824722, 22.58724827, 2624158, 110732.10089036889, 3
531, 113.9267496, 22.52384886, 3066257, 121471, 2
1231, 113.9212985, 22.52115787, 2251292, 117540, 10
1446, 114.1192687, 22.55819955, 1789673, 42089, 0
1241, 114.2472049, 22.71845507, 1140319, 20148, 1
911, 114.0575448, 22.53709734, 1710071, 41994, 4
242, 113.8728022, 22.55872702, 2235126, 129668.72822813841, 28
195, 113.9062106, 22.53650882, 2302373, 72959.24251843253, 9
1401, 114.1168188, 22.59559073, 2226489, 42805, 0
1297, 113.9235178, 22.5518927, 2344305, 51478.0106376, 1
445, 114.1655823, 22.63742314, 849049, 16550, 0
743, 114.0619709, 22.69241265, 2129321, 52626, 2
671, 114.2215604, 22.73269285, 1980649, 31527, 9
165, 113.9923464, 22.54206556, 2385450, 73959, 0
365, 114.1467551, 22.61262755, 1170997, 20577, 0
1500, 114.0172506, 22.54087746, 3455252, 109389, 1
1324, 113.9268446, 22.50714537, 2208077, 150204, 2
22, 113.9053774, 22.48871233, 3360382, 90029.76121274401, 1
1083, 113.9109423, 22.55746874, 1557370, 41296, 0
214, 113.8845256, 22.55733132, 2164327, 130634.26152616153, 49
0, 113.94393644078444, 22.550955225050505, 2733290, 115921.49336382141, 20
38, 114.0209658, 22.64238649, 2067251, 54892, 5
1243, 114.1215163, 22.57176536, 2522516, 72313.61162975716, 2
1278, 113.8630781, 22.5839093, 2366607, 110110, 9
1135, 114.0650394, 22.5727667, 2015815, 48212, 0
0, 113.95045473523815, 22.546609705138643, 3483924, 139493.9753522438, 14
935, 114.0261419, 22.60543043, 2060687, 69683, 1
575, 114.1359977, 22.6101582, 1934363, 36440, 1
843, 114.1736769, 22.5659405, 3222489, 71019, 1
1302, 113.8723553, 22.56992037, 1246208, 43858, 0
762, 114.0813538, 22.53581846, 2499540, 95473.61479271072, 6
1209, 113.848971, 22.61149351, 2414970, 66482.94434130476, 14
1177, 114.1045952, 22.54499207, 1864080, 39498, 2
1453, 113.9094662, 22.56709149, 2037081, 75391, 0
0, 113.94828195479865, 22.548782466247594, 2700299, 148038.20167191213, 19
1204, 114.1154065, 22.58507509, 3000879, 63780, 0
0, 113.95262747744582, 22.553127983576893, 2863574, 123409.77608584925, 20
652, 114.2270139, 22.54952917, 1948806, 33658, 0
136, 114.2172984, 22.70310102, 2730668, 51720, 0
578, 113.8591147, 22.57989424, 2179123, 76104.57943380787, 63
1303, 113.926695, 22.52755538, 2485983, 131520, 3
675, 113.8730238, 22.56231772, 2302857, 122189.73870168562, 12
661, 113.9114706, 22.49992937, 3139093, 88999, 0
254, 114.1060249, 22.6145958, 2306175, 61247, 4
702, 113.9091002, 22.52678535, 2247941, 122481, 1
824, 114.2590034, 22.71962253, 1245340, 20646, 0
1095, 113.9598751, 22.59964941, 3007834, 79720, 0
517, 114.0607589, 22.56084745, 2127399, 55010, 1
484, 113.8236042, 22.71840044, 2514480, 68593, 3
188, 113.8035446, 22.67359443, 2218811, 55883.28493693118, 2
110, 114.3900155, 22.74441126, 793649, 12991, 0
724, 114.13128, 22.57143687, 2178709, 56862, 4
1254, 114.2182253, 22.67609825, 1894575, 33186, 0
1478, 114.139642, 22.6239425, 1837613, 26796, 0
948, 114.0593745, 22.57563188, 2050433, 49204, 0
1000, 114.2766921, 22.74216487, 543974, 10215, 0
1003, 114.1551732, 22.61770613, 1352870, 23009, 0
410, 113.9412351, 22.76133931, 1586152, 32084, 2
0, 113.94828197606692, 22.55095522266706, 3017941, 122737.39709745621, 14
1480, 114.0560976, 22.60770345, 2651898, 134537, 13
442, 113.8962859, 22.58179492, 1368567, 63354, 1
471, 114.1229792, 22.56214812, 2792541, 69036.37668124483, 1
568, 114.1183316, 22.56107544, 2334859, 58270.08226427625, 4
80, 113.9866183, 22.67391637, 1411519, 41992, 3
977, 114.0805965, 22.54176072, 2740499, 89328, 0
764, 114.0941849, 22.56324387, 2137302, 53616, 1
111, 114.0165299, 22.55687107, 2738682, 165895, 2
109, 113.8915523, 22.56941087, 2632872, 87497.05473758017, 9
1234, 113.9710961, 22.5426991, 2415726, 66204, 0
451, 114.0394543, 22.62014133, 1994765, 74086, 1
808, 114.0369263, 22.60625676, 2512615, 67067, 0
1075, 114.3345937, 22.68546468, 1106003, 19383, 0
1173, 113.9299459, 22.74871131, 2130540, 60393.916482169654, 57
2, 113.8922297, 22.54960966, 2643721, 97233.46928453627, 56
511, 113.9137127, 22.4855817, 3344061, 226818, 3
1129, 114.0621886, 22.52909332, 2287069, 71987, 5
886, 113.8846557, 22.56130469, 2245880, 90259.68658866727, 15
234, 113.8828341, 22.76829712, 1663214, 24756, 0
