HID,Long1,Lat1,Long2,Lat2,marriage,divorce,birth,death,work,education,immigration
396,113.8143349,22.69694457,114.0755723,22.65681014,0,0,0,0,0,5,0
991,113.8591147,22.57989424,114.2625363,22.74366001,0,0,0,0,0,2,0
1693,114.025815,22.64293203,114.0755723,22.65681014,0,0,0,0,1,0,0
1015,113.8922297,22.54960966,114.2507405,22.71255687,0,0,0,0,0,5,0
3414,113.8614431,22.58873239,113.8593418,22.62832393,0,0,0,0,0,4,0
1082,113.8289193,22.71956443,114.1349006,22.56090918,0,0,0,0,0,1,0
512,113.8443979,22.60607457,114.1017011,22.63294473,0,0,0,0,0,2,0
3472,113.9137127,22.4855817,113.8614431,22.58873239,0,0,0,0,0,4,0
279,114.0135686,22.65590543,114.2232146,22.68026417,0,0,0,0,0,3,0
3560,113.8771498,22.58317542,113.8517805,22.77494241,0,0,0,0,0,2,0
891,113.8591147,22.57989424,113.9653754,22.56215852,0,0,0,0,0,5,0
184,114.1277981,22.58868764,114.0899097,22.55059307,0,0,0,0,0,2,0
3518,114.0459589,22.56174254,114.0224392,22.63876677,0,0,0,0,0,5,0
339,114.025783,22.64965565,114.2084736,22.70857754,0,0,0,0,0,2,0
3466,114.1234008,22.62789153,114.1017011,22.63294473,0,0,0,0,0,0,0
990,113.8289193,22.71956443,114.1245947,22.56014845,0,0,0,0,0,5,0
942,113.9485403,22.54665421,114.0704913,22.54506796,0,0,0,0,0,3,0
3517,114.0524428,22.53036901,114.2288876,22.70270774,0,0,0,0,1,4,0
1625,114.2209095,22.72832054,114.2021686,22.69935561,0,0,0,0,0,0,0
3288,113.8736143,22.57363596,113.8803084,22.58326725,0,0,0,0,0,3,0
648,113.9080582,22.5696617,114.1320955,22.57547664,0,0,0,0,0,3,0
3316,114.0518669,22.60421052,114.1072085,22.62652505,0,0,0,0,0,0,0
1386,113.9337326,22.76402951,114.1017011,22.63294473,0,0,0,0,1,3,0
1006,114.0884103,22.55690504,114.0844851,22.54205069,0,0,0,0,0,3,0
1389,113.8845256,22.55733132,114.1284211,22.58563509,0,0,0,0,0,4,0
680,113.863216,22.57078846,114.1142512,22.55208526,0,0,0,0,0,5,0
3299,114.0278292,22.66347045,114.0430051,22.67646734,0,0,0,0,0,5,0
1149,113.8591147,22.57989424,114.1092472,22.58454536,0,0,0,0,0,3,0
1783,114.054181,22.59691261,114.0764413,22.57903287,0,0,0,0,0,3,0
597,113.8591147,22.57989424,114.0281447,22.56306471,0,0,0,0,0,3,0
3385,114.025783,22.64965565,114.0524017,22.61619895,0,0,0,0,0,0,0
1698,114.0060361,22.64477552,114.1757151,22.6364007,0,0,0,0,0,4,0
1545,113.7721529,22.6885906,114.0380729,22.65203364,0,0,0,0,0,5,0
1552,113.8493022,22.59437716,114.2625363,22.74366001,0,0,0,0,0,4,0
941,114.0159932,22.66481946,114.0278292,22.66347045,0,0,0,0,0,1,0
984,114.0090737,22.63994719,114.2749632,22.69678964,0,0,0,0,1,1,0
1976,114.2146226,22.73517897,114.2625363,22.74366001,0,0,0,0,0,3,0
3318,113.9727779,22.56181651,114.0424233,22.68753666,0,0,0,0,0,0,0
748,113.883369,22.59400215,114.2304546,22.72647858,0,0,0,0,1,1,0
2425,113.9367698,22.75570779,113.9032597,22.77940868,0,0,0,0,0,1,0
930,114.0227262,22.66113226,114.023723,22.53002473,0,0,0,0,0,4,0
1429,113.808973,22.73600021,114.245619,22.59661344,0,0,0,0,1,1,0
3551,114.0304731,22.6598973,114.0719223,22.66166336,0,0,0,0,0,4,0
2539,113.9216868,22.50154896,114.0436235,22.56713422,0,0,0,0,0,3,0
3292,113.8270988,22.77309735,113.8909863,22.77584712,0,0,0,0,0,1,0
1919,114.0763185,22.56025754,114.2424108,22.59416598,0,0,0,0,0,1,0
949,114.03878,22.60185337,114.0233353,22.66876881,0,0,0,0,0,2,0
3556,113.9188922,22.57944395,114.1222988,22.61457652,0,0,0,0,0,4,0
1799,113.8845256,22.55733132,114.1248286,22.57658164,0,0,0,0,0,3,0
361,113.808973,22.73600021,113.8909863,22.77584712,0,0,0,0,0,2,0
7769,114.0374198,22.63386006,114.2025724,22.7228733,0,0,0,0,0,0,0
1749,114.0518669,22.60421052,113.8236042,22.71840044,0,0,0,0,0,4,0
1271,113.9256338,22.51572657,113.9243816188275,22.527054878497037,0,0,0,0,0,1,0
3465,114.2330761,22.71232915,114.1782169,22.65210551,0,0,0,0,0,2,0
3506,114.1298848,22.68634625,114.1017011,22.63294473,0,0,0,0,0,5,0
428,113.8289193,22.71956443,114.1757151,22.6364007,0,0,0,0,0,2,0
3306,113.8772696,22.56713794,113.9337326,22.76402951,0,0,0,0,1,3,0
1052,113.8236042,22.71840044,114.2590034,22.71962253,0,0,0,0,0,3,0
2487,114.0518669,22.60421052,114.0651306,22.55945076,0,0,0,0,0,2,0
3310,114.021228,22.53092009,114.1151491,22.69657187,0,0,0,0,0,4,0
2466,113.922354,22.52687612,114.0718341,22.54695264,0,0,0,0,0,5,0
2574,113.9299459,22.74871131,114.2044037,22.65303021,0,0,0,0,1,1,0
785,113.9002739,22.48314129,113.8852022,22.48394619,0,0,0,0,0,6,0
254,113.8593418,22.62832393,114.148322,22.54468424,0,0,0,0,0,1,0
1102,113.7721529,22.6885906,114.1298848,22.68634625,0,0,0,0,1,3,0
332,113.9546771,22.57226922,113.9337326,22.76402951,0,0,0,0,0,5,0
625,114.0939211,22.55454265,114.0655351,22.56773596,0,0,0,0,0,5,0
2355,114.023723,22.53002473,114.0661372,22.53257542,0,0,0,0,0,5,0
2480,114.0173094,22.62430723,114.1228172,22.60168925,0,0,0,0,1,3,0
1011,114.1197653,22.55462931,114.1017011,22.63294473,0,0,0,0,1,4,0
924,113.8511874,22.57309821,113.9029163,22.57014649,0,0,0,0,0,1,0
1821,113.8865032,22.57412312,114.012641,22.54062423,0,0,0,0,0,1,0
2311,113.8922297,22.54960966,114.0107756,22.63888777,0,0,0,0,0,3,0
3327,114.0163238,22.53727597,114.2301449,22.7142685,0,0,0,0,0,5,0
3490,113.8579814,22.62330717,113.8288835,22.685504,0,0,0,0,0,4,0
2221,114.0434634,22.54686617,114.2225225,22.7024292,0,0,0,0,0,4,0
183,113.8288835,22.685504,114.0669861,22.54682441,0,0,0,0,0,5,0
274,114.2146226,22.73517897,114.1215024,22.62649237,0,0,0,0,0,5,0
2373,113.9323153,22.54424896,114.1311411,22.5519085,0,0,0,0,0,2,0
854,113.9299459,22.74871131,114.1381004,22.54593566,0,0,0,0,0,2,0
1809,114.006985,22.55115679,114.3350117,22.70546672,0,0,0,0,1,0,0
1515,114.0181437,22.55644728,114.0770503,22.54085385,0,0,0,0,0,5,0
1582,113.8016913,22.72411911,114.1563305,22.5618983,0,0,0,0,0,3,0
1474,113.880545,22.56089154,114.1000347,22.56966506,0,0,0,0,0,4,0
1074,114.0174534,22.53769325,114.0858786,22.55626271,0,0,0,0,0,3,0
2244,113.9496693,22.55122213,114.0211442,22.65440316,0,0,0,0,0,5,0
1146,113.880545,22.56089154,114.0284261,22.61262518,0,0,0,0,0,2,0
1871,113.8289193,22.71956443,113.8289193,22.71956443,0,0,0,0,0,5,0
2013,113.9265884,22.48453495,113.93089991197033,22.492290734013068,0,0,0,0,0,1,0
1774,113.8865032,22.57412312,113.92438163649777,22.527054877340312,0,0,0,0,0,1,0
1527,113.9337326,22.76402951,114.1148965,22.58845796,0,0,0,0,0,1,0
1593,113.9631976,22.5273602,114.1394023,22.55853072,0,0,0,0,0,4,0
684,113.8957434,22.53233885,114.2084736,22.70857754,0,0,0,0,0,4,0
1508,113.8746316,22.55197004,114.1167281,22.62348769,0,0,0,0,0,1,0
1363,113.8493022,22.59437716,114.3239581,22.68326099,0,0,0,0,0,4,0
663,113.8485196,22.57678478,114.0463786,22.62462621,0,0,0,0,0,2,0
240,113.8678879,22.5713629,114.091031,22.56657562,0,0,0,0,0,5,0
1629,113.9125316,22.53090269,114.3239581,22.68326099,0,0,0,0,0,0,0
471,113.8485196,22.57678478,114.049334,22.62386555,0,0,0,0,0,4,0
1843,113.9402698,22.58446982,113.9734476,22.56619975,0,0,0,0,0,1,0
1574,113.889128,22.49985091,114.2198708,22.72619087,0,0,0,0,0,3,0
3319,113.9225972,22.50748663,114.144408,22.61981457,0,0,0,0,0,3,0
202,113.8803002,22.56997857,114.0603751,22.52907668,0,0,0,0,0,2,0
1394,114.0518669,22.60421052,114.0607589,22.56084745,0,0,0,0,0,3,0
3325,113.8832089,22.78014068,114.4039807,22.64005942,0,0,0,0,0,1,0
2536,113.8170674,22.69635996,113.92872715349327,22.514018324063013,0,0,0,0,1,0,0
973,113.8289193,22.71956443,114.1151491,22.69657187,0,0,0,0,0,4,0
2020,114.0191951,22.54249579,114.0463786,22.62462621,0,0,0,0,0,1,0
567,114.1149941,22.57806977,114.0941849,22.56324387,0,0,0,0,0,0,0
2530,113.8865032,22.57412312,113.8714447,22.57808297,0,0,0,0,0,5,0
3512,114.0358301,22.70436869,114.2258562,22.75410679,0,0,0,0,0,3,0
2581,113.9840701,22.59480876,113.8778201,22.58583875,0,0,0,0,0,1,0
1144,113.883369,22.59400215,114.0521542,22.71887003,0,0,0,0,0,3,0
1656,113.912992,22.5348174,113.9105372,22.54143641,0,0,0,0,1,0,0
1204,113.933393,22.49101418,114.2330761,22.71232915,0,0,0,0,0,2,0
661,114.0060361,22.64477552,114.1192687,22.55819955,0,0,0,0,0,1,0
3553,113.8846557,22.56130469,113.8579814,22.62330717,0,0,0,0,0,3,0
2567,113.8746316,22.55197004,114.1358098,22.561895,0,0,0,0,0,5,0
239,114.0724755,22.5421678,114.0923279,22.55550622,0,0,0,0,0,2,0
3581,113.9620102,22.54446133,114.2215604,22.73269285,0,0,0,0,0,1,0
561,113.8678879,22.5713629,113.8909863,22.77584712,0,0,0,0,0,1,0
3415,113.8940988,22.77962149,113.9620102,22.54446133,0,0,0,0,0,2,0
698,113.9496693,22.55122213,114.1369357,22.60481852,0,0,0,0,0,3,0
1617,113.8998904,22.580372,113.8909863,22.77584712,0,0,0,0,0,1,0
821,113.8289193,22.71956443,114.1325554,22.54460362,0,0,0,0,0,2,0
1104,113.880545,22.56089154,114.1572376,22.564784,0,0,0,0,0,4,0
475,114.1335832,22.62485819,114.1184496,22.55142453,0,0,0,0,0,2,0
3464,114.0211442,22.65440316,114.0424233,22.68753666,0,0,0,0,0,0,0
2566,113.9485403,22.54665421,114.0634086,22.53870217,0,0,0,0,0,5,0
186,113.8824722,22.58724827,113.9195337,22.53600685,0,0,0,0,0,1,0
1044,113.8688348,22.55791811,113.9213932,22.55326399,0,0,0,0,0,4,0
688,113.8845256,22.55733132,114.2380233,22.56195234,0,0,0,0,0,1,0
914,113.9256338,22.51572657,114.0591952,22.54008101,0,0,0,0,0,4,0
596,113.816067,22.77399148,114.331894,22.68824122,0,0,0,0,1,3,0
3522,114.029352,22.64951895,114.0304731,22.6598973,0,0,0,0,0,0,0
1905,113.9072223,22.54231109,113.9170568,22.53497487,0,0,0,0,0,2,0
1571,113.8361658,22.64005263,114.1214859,22.54613392,0,0,0,0,0,4,0
3352,114.0423111,22.69632602,114.2146226,22.73517897,0,0,0,0,0,0,0
995,113.93089991197033,22.492290734013068,113.9042899,22.5665363,0,0,0,0,1,0,0
682,114.0064083,22.64803167,114.0304731,22.6598973,0,0,0,0,0,1,0
1101,113.8919984,22.56474909,114.2335782,22.55134637,0,0,0,0,0,0,0
7586,114.1220831,22.59238119,114.0459686,22.60518174,0,0,0,0,0,1,0
1820,113.8485196,22.57678478,113.9316336,22.53157254,0,0,0,0,0,3,0
970,114.025783,22.64965565,114.2484599,22.73174,0,0,0,0,0,5,0
238,113.9321822,22.52669891,113.8832089,22.78014068,0,0,0,0,0,5,0
3354,114.3284852,22.67832611,113.8016913,22.72411911,0,0,0,0,0,4,0
1410,113.8951576,22.48580812,113.9151904,22.53465889,0,0,0,0,0,3,0
927,113.8938829,22.55817388,113.9337326,22.76402951,0,0,0,0,0,0,0
2448,114.0262448,22.63187249,114.2304546,22.72647858,0,0,0,0,1,0,0
849,113.8511874,22.57309821,114.0415587,22.55246041,0,0,0,0,1,4,0
7419,113.8620862,22.6198378,113.8970428,22.57715634,0,0,0,0,0,0,0
1433,113.8998904,22.580372,114.131942,22.56673905,0,0,0,0,0,3,0
2131,113.8746316,22.55197004,114.2367467,22.72324864,0,0,0,0,0,4,0
3410,113.8143349,22.69694457,113.8507985,22.7636276,0,0,0,0,0,3,0
2008,113.8485196,22.57678478,113.8614431,22.58873239,0,0,0,0,0,0,0
3511,113.8998904,22.580372,114.2146226,22.73517897,0,0,0,0,0,2,0
514,113.9337326,22.76402951,113.9337326,22.76402951,0,0,0,0,0,2,0
2297,113.8288835,22.685504,113.8347229,22.78113656,0,0,0,0,1,4,0
1590,113.8922297,22.54960966,114.1491021,22.54897152,0,0,0,0,0,3,0
3561,114.2615814,22.68973429,113.8593418,22.62832393,0,0,0,0,0,1,0
1782,113.8957434,22.53233885,114.0410513,22.56905086,0,0,0,0,0,1,0
2449,113.9337326,22.76402951,113.9337326,22.76402951,0,0,0,0,0,1,0
3422,113.8897867,22.58338662,114.0424233,22.68753666,0,0,0,0,0,5,0
587,113.883369,22.59400215,113.9512054,22.57841494,0,0,0,0,1,3,0
654,113.9040543,22.57707871,113.886871,22.57638403,0,0,0,0,0,1,0
7165,114.0706314,22.52768003,114.1335832,22.62485819,0,0,0,0,1,5,0
7043,114.2198708,22.72619087,114.2289084,22.72308742,0,0,0,0,0,8,0
255,114.0239956,22.64331109,114.1184995,22.5441583,0,0,0,0,0,3,0
1473,113.8746316,22.55197004,113.924925,22.56193358,0,0,0,0,0,1,0
1652,113.8845256,22.55733132,113.8846557,22.56130469,0,0,0,0,0,1,0
411,113.8998904,22.580372,113.8885816,22.57839234,0,0,0,0,0,4,0
2336,114.023723,22.53002473,114.021228,22.53092009,0,0,0,0,0,5,0
1206,114.058055,22.69512613,114.1182255,22.67187027,0,0,0,0,1,5,0
788,113.8155475,22.72749727,113.8197806,22.67144481,0,0,0,0,0,6,0
6796,113.8485196,22.57678478,113.8511874,22.57309821,0,0,0,0,0,2,0
7285,114.0090737,22.63994719,114.0680177,22.62361374,0,0,0,0,0,0,0
295,113.883369,22.59400215,113.8236042,22.71840044,0,0,0,0,0,3,0
188,114.0552119,22.57259476,114.0593745,22.57563188,0,0,0,0,0,1,0
2570,114.0518669,22.60421052,114.037073,22.61509883,0,0,0,0,0,1,0
1193,114.0173094,22.62430723,114.0169023,22.63031988,0,0,0,0,0,5,0
2022,114.1035033,22.60987427,114.1122248,22.6075147,0,0,0,0,0,0,0
7624,113.871036,22.56064904,113.8865032,22.57412312,0,0,0,0,0,8,0
7478,113.8464461,22.59849596,113.8493022,22.59437716,0,0,0,0,0,8,0
7566,113.8919984,22.56474909,113.8998904,22.580372,0,0,0,0,0,7,0
357,113.9140583,22.49114579,113.9229318,22.51620911,0,0,0,0,1,0,0
7116,113.8556547,22.57802118,113.8485196,22.57678478,0,0,0,0,1,8,0
3487,114.1081865,22.54774988,114.1034408,22.56883008,0,0,0,0,0,0,0
542,113.8236042,22.71840044,113.8155475,22.72749727,0,0,0,0,0,2,0
445,113.8829829,22.56603833,113.871036,22.56064904,0,0,0,0,0,5,0
387,114.0182988,22.63196421,114.0134819,22.6269261,0,0,0,0,0,0,0
3568,113.9448743,22.54952583,113.9546771,22.57226922,0,0,0,0,0,4,0
481,114.0521542,22.71887003,114.0294284,22.74531504,0,0,0,0,0,2,0
1157,113.8865032,22.57412312,113.8865032,22.57412312,0,0,0,0,0,3,0
3540,113.92872715349327,22.514018324063013,113.9213038,22.5238211,0,0,0,0,0,0,0
1579,114.0261157,22.63404516,114.0126279,22.63442864,0,0,0,0,0,0,0
2290,114.0039703,22.63806732,114.0267685,22.56030348,0,0,0,0,0,0,0
7647,113.8282306,22.78595423,113.8016913,22.72411911,0,0,0,0,0,4,0
1878,113.9727779,22.56181651,113.9740354,22.55746462,0,0,0,0,0,3,0
7315,113.8687641,22.56792019,113.863216,22.57078846,0,0,0,0,2,5,0
681,114.058055,22.69512613,114.0424233,22.68753666,0,0,0,0,1,2,0
2413,113.8593418,22.62832393,113.8197806,22.67144481,0,0,0,0,0,4,0
1659,114.0030935,22.55296292,114.0126279,22.63442864,0,0,0,0,1,5,0
483,114.2378371,22.71639645,114.2874449,22.72725532,0,0,0,0,0,3,0
1793,114.0060361,22.64477552,114.0151204,22.63547529,0,0,0,0,0,5,0
1045,113.863216,22.57078846,113.8677722,22.56190042,0,0,0,0,0,4,0
964,113.8998904,22.580372,113.9254412,22.49806383,0,0,0,0,0,1,0
7570,113.8591147,22.57989424,113.8534184,22.57260798,0,0,0,0,0,9,0
7359,113.8678879,22.5713629,113.8865032,22.57412312,0,0,0,0,0,7,0
7146,114.0204046,22.53807139,114.0434634,22.54686617,0,0,0,0,0,7,0
408,114.2146226,22.73517897,114.2146226,22.73517897,0,0,0,0,0,4,0
589,113.8886117,22.77684509,113.843812,22.78331101,0,0,0,0,0,3,0
7477,114.0783056,22.54244888,114.08516576527818,22.544436948647373,0,0,0,0,1,7,0
499,114.0060361,22.64477552,114.0634647,22.71861803,0,0,0,0,0,1,0
1128,113.8746316,22.55197004,113.8624756,22.5662248,0,0,0,0,0,2,0
1995,113.8983364,22.57014897,113.8915523,22.56941087,0,0,0,0,0,0,0
7656,113.8877406,22.567384,113.8593418,22.62832393,0,0,0,0,0,8,0
301,114.0215488,22.62928066,114.0679432,22.6297239,0,0,0,0,0,0,0
2362,113.7721529,22.6885906,113.9367698,22.75570779,0,0,0,0,0,5,0
3402,114.1167281,22.62348769,114.1234008,22.62789153,0,0,0,0,0,4,0
7655,113.8728022,22.55872702,113.8897867,22.58338662,0,0,0,0,1,7,0
906,113.883369,22.59400215,113.9031903,22.57336645,0,0,0,0,0,1,0
3287,113.9307944,22.49371005,113.9287271495674,22.514018324568127,0,0,0,0,0,4,0
719,113.8016913,22.72411911,113.8289193,22.71956443,0,0,0,0,0,5,0
1129,113.8845256,22.55733132,113.8746316,22.55197004,0,0,0,0,0,1,0
354,113.9040543,22.57707871,113.9031903,22.57336645,0,0,0,0,0,4,0
491,114.0680177,22.62361374,114.0624727,22.62353595,0,0,0,0,0,3,0
969,114.0090737,22.63994719,113.9940942,22.66668585,0,0,0,0,0,3,0
492,113.9164802,22.51914492,113.9174436,22.5158805,0,0,0,0,0,3,0
2433,113.8361658,22.64005263,113.8594394,22.61901935,0,0,0,0,0,3,0
222,113.8591147,22.57989424,113.8577667,22.58392266,0,0,0,0,0,4,0
1623,114.0417775,22.61856082,114.0153588,22.62734916,0,0,0,0,0,0,0
3356,114.054181,22.59691261,114.0686703,22.61984124,0,0,0,0,0,4,0
7252,113.889344,22.56290387,113.8865032,22.57412312,0,0,0,0,0,6,0
2321,113.8522069,22.6141377,113.8962859,22.58179492,0,0,0,0,0,2,0
977,114.0794825,22.560891,114.081089,22.54846213,0,0,0,0,0,3,0
7716,113.9104005,22.56214157,113.8998904,22.580372,0,0,0,0,0,4,0
1417,113.8593418,22.62832393,113.8564484,22.62003008,0,0,0,0,0,3,0
3480,113.92872713590906,22.514018325067116,113.92872715349327,22.514018324063013,0,0,0,0,0,0,0
1083,113.9049729,22.51545518,113.9779811,22.5638064,0,0,0,0,1,0,0
2460,113.9496693,22.55122213,113.9091263,22.53367041,0,0,0,0,0,1,0
3461,113.8678879,22.5713629,113.8678879,22.5713629,0,0,0,0,0,4,0
3432,113.9496693,22.55122213,113.94828198333983,22.550955224511473,0,0,0,0,0,5,0
230,113.8289193,22.71956443,113.8170316,22.67345173,0,0,0,0,1,2,0
7571,114.0636539,22.57488868,114.0660873,22.62543468,0,0,0,0,0,9,0
609,114.0357241,22.55844362,114.0313355,22.55962384,0,0,0,0,0,0,0
3331,114.054181,22.59691261,114.0518669,22.60421052,0,0,0,0,0,0,0
440,113.8746316,22.55197004,113.8728022,22.55872702,0,0,0,0,0,1,0
1763,114.0236514,22.62886945,114.0143073,22.64591725,0,0,0,0,0,4,0
1827,113.8677722,22.56190042,113.8573938,22.55802078,0,0,0,0,0,1,0
2277,113.9081022,22.57355042,113.9072223,22.54231109,0,0,0,0,0,2,0
7724,114.1002178,22.54785762,114.0966175,22.55546143,0,0,0,0,1,2,0
1270,114.0173094,22.62430723,114.0421977,22.61567768,0,0,0,0,0,5,0
1898,113.8288835,22.685504,113.8777133,22.59947878,0,0,0,0,1,5,0
1861,113.8511874,22.57309821,113.8459078,22.57715944,0,0,0,0,0,5,0
1090,113.9496693,22.55122213,113.9496693,22.55122213,0,0,0,0,0,5,0
1378,114.2146226,22.73517897,114.2088018,22.72854125,0,0,0,0,0,2,0
3513,114.1207023,22.53944976,114.1239275,22.54715471,0,0,0,0,0,5,0
262,114.0227262,22.66113226,114.1366077,22.63006688,0,0,0,0,0,4,0
7810,114.024742,22.65777296,114.0374198,22.63386006,0,0,0,0,0,2,0
1117,113.9256338,22.51572657,113.9109423,22.55746874,0,0,0,0,0,1,0
736,113.9267496,22.52384886,113.9212985,22.52115787,0,0,0,0,0,4,0
1627,113.8289193,22.71956443,113.8155475,22.72749727,0,0,0,0,0,3,0
7517,113.8619944,22.63229419,113.8620862,22.6198378,0,0,0,0,0,7,0
203,114.2146226,22.73517897,114.2178435,22.7323655,0,0,0,0,0,2,0
3382,114.03878,22.60185337,114.0367893,22.61215185,0,0,0,0,0,3,0
1622,113.8289193,22.71956443,113.8236042,22.71840044,0,0,0,0,0,4,0
559,113.8678879,22.5713629,113.8470556,22.6072369,0,0,0,0,0,2,0
1789,113.8865032,22.57412312,113.8930961,22.58007421,0,0,0,0,0,3,0
7730,113.8849753,22.56657531,113.880545,22.56089154,0,0,0,0,0,7,0
1675,114.058055,22.69512613,114.0619709,22.69241265,0,0,0,0,0,5,0
415,114.03878,22.60185337,114.0212973,22.62184475,0,0,0,0,0,5,0
375,114.025783,22.64965565,114.0519623,22.62454193,0,0,0,0,0,3,0
3336,114.2625363,22.74366001,114.2403567,22.74206046,0,0,0,0,0,0,0
1027,113.922354,22.52687612,113.92438163649777,22.527054877340312,0,0,0,0,0,5,0
1059,113.9104005,22.56214157,113.9083037,22.57794579,0,0,0,0,0,0,0
2298,113.8464461,22.59849596,113.8841394,22.56825281,0,0,0,0,0,0,0
624,113.8289193,22.71956443,113.8213466,22.68751168,0,0,0,0,0,1,0
3302,114.1222988,22.61457652,114.1332851,22.58555106,0,0,0,0,0,0,0
638,113.8971921,22.59802317,113.9013839,22.5753663,0,0,0,0,0,0,0
227,113.7721529,22.6885906,113.8130641,22.77413682,0,0,0,0,1,3,0
2577,113.8591147,22.57989424,113.848971,22.61149351,0,0,0,0,0,5,0
1100,113.8826033,22.55538645,113.8786763,22.56727357,0,0,0,0,0,4,0
3419,113.9195337,22.53600685,113.9234447,22.53452262,0,0,0,0,0,0,0
1606,113.9634112,22.54448132,113.9598081,22.53710949,0,0,0,0,0,0,0
3476,113.9256338,22.51572657,113.92438163649777,22.527054877340312,0,0,0,0,0,4,0
1340,114.0173094,22.62430723,114.0570772,22.63420971,0,0,0,0,0,4,0
2235,114.0518669,22.60421052,114.0459686,22.60518174,0,0,0,0,0,2,0
3496,113.8730238,22.56231772,113.8826033,22.55538645,0,0,0,0,0,0,0
192,113.8289193,22.71956443,113.8236042,22.71840044,0,0,0,0,0,2,0
3388,113.8845256,22.55733132,113.8845256,22.55733132,0,0,0,0,0,4,0
1965,114.0186815,22.63417359,114.0236514,22.62886945,0,0,0,0,0,1,0
620,114.3380546,22.70875335,114.3380546,22.70875335,0,0,0,0,0,2,0
3882,113.9081022,22.57355042,113.8988418,22.56670695,0,0,0,0,0,6,0
3493,114.1178066,22.60123914,114.1277981,22.58868764,0,0,0,0,0,3,0
7268,113.8778201,22.58583875,113.883369,22.59400215,0,0,0,0,0,6,0
550,114.1145233,22.54489976,114.1087436,22.54383051,0,0,0,0,0,0,0
2463,114.0124577,22.54778547,113.9736577,22.54056569,0,0,0,0,0,5,0
986,114.0424233,22.68753666,114.0729145,22.65192979,0,0,0,0,1,1,0
7091,113.8985783,22.55517608,113.8845256,22.55733132,0,0,0,0,3,7,0
7344,113.8987779,22.5518305,113.8522069,22.6141377,0,0,0,0,0,6,0
7641,113.8803002,22.56997857,113.8772696,22.56713794,0,0,0,0,2,8,0
1772,113.8493022,22.59437716,113.8858823,22.49565763,0,0,0,0,0,1,0
3396,114.3573882,22.68876983,114.2485412,22.73406649,0,0,0,0,0,0,0
206,114.0542598,22.60673817,114.0518669,22.60421052,0,0,0,0,0,0,0
3379,114.0154736,22.65448952,114.0236514,22.62886945,0,0,0,0,0,2,0
600,114.0060361,22.64477552,114.0179221,22.65101941,0,0,0,0,0,3,0
3514,113.8886117,22.77684509,113.8832089,22.78014068,0,0,0,0,0,4,0
2541,113.8885816,22.57839234,113.8988418,22.56670695,0,0,0,0,0,3,0
7562,114.0213417,22.63478661,114.0182988,22.63196421,0,0,0,0,1,5,0
6856,113.8797414,22.57248396,113.8361658,22.64005263,0,0,0,0,0,3,0
756,114.2146226,22.73517897,114.2253701,22.70516551,0,0,0,0,0,2,0
1036,114.0986663,22.57202525,114.1086432,22.61121413,0,0,0,0,0,3,0
710,113.8511874,22.57309821,113.8865032,22.57412312,0,0,0,0,0,3,0
1838,114.0090737,22.63994719,114.007117,22.60084288,0,0,0,0,0,1,0
5191,113.8154939,22.76043031,113.8289193,22.71956443,0,0,0,0,1,3,0
7271,114.0186815,22.63417359,114.0173094,22.62430723,0,0,0,0,0,7,0
358,113.8593418,22.62832393,113.8829829,22.56603833,0,0,0,0,0,4,0
876,113.8493022,22.59437716,113.8355095,22.59032396,0,0,0,0,0,5,0
7489,113.8677722,22.56190042,113.8288835,22.685504,0,0,0,0,2,7,0
3451,113.8443979,22.60607457,113.8593418,22.62832393,0,0,0,0,0,2,0
7540,113.8455531,22.62289282,113.8539035,22.61759091,0,0,0,0,0,8,0
3577,113.93089991197033,22.492290734013068,113.9359371,22.4935171,0,0,0,0,0,0,0
1987,113.8591147,22.57989424,113.8564484,22.62003008,0,0,0,0,0,3,0
3520,113.8840849,22.55088219,113.8998904,22.580372,0,0,0,0,0,2,0
834,113.9367698,22.75570779,113.8467509,22.76617068,0,0,0,0,0,2,0
2258,113.9222668,22.53854073,113.94828198333983,22.529227636928244,0,0,0,0,0,2,0
1338,113.8826033,22.55538645,113.9179884,22.53136052,0,0,0,0,0,1,0
1918,113.8493022,22.59437716,113.8470556,22.6072369,0,0,0,0,0,5,0
1219,114.025783,22.64965565,113.9203572,22.53052668,0,0,0,0,1,5,0
3455,114.0182988,22.63196421,114.025815,22.64293203,0,0,0,0,0,4,0
306,114.0424233,22.68753666,114.136865,22.62534243,0,0,0,0,1,4,0
1465,113.8957434,22.53233885,113.9064103,22.53116699,0,0,0,0,0,4,0
1642,113.880545,22.56089154,113.8797414,22.57248396,0,0,0,0,0,2,0
1123,113.880545,22.56089154,113.8730238,22.56231772,0,0,0,0,0,5,0
221,113.8295056,22.71524041,113.8143349,22.69694457,0,0,0,0,0,0,0
7079,114.324009,22.67940409,114.4039807,22.64005942,0,0,0,0,1,4,0
170,114.0173094,22.62430723,114.0261157,22.63404516,0,0,0,0,0,5,0
389,114.103918,22.53741437,114.1122902,22.5393911,0,0,0,0,0,4,0
2122,113.8624756,22.5662248,113.8847797,22.57238172,0,0,0,0,0,0,0
1923,114.0518669,22.60421052,114.0518669,22.60421052,0,0,0,0,0,1,0
1942,113.8829829,22.56603833,113.8894045,22.5545948,0,0,0,0,1,0,0
999,113.886871,22.57638403,113.848971,22.61149351,0,0,0,0,1,2,0
1095,114.0541074,22.62697383,114.069169,22.61745259,0,0,0,0,0,0,0
228,114.0574293,22.51811619,114.079839,22.54379355,0,0,0,0,0,2,0
1683,114.0060361,22.64477552,114.0394543,22.62014133,0,0,0,0,0,2,0
646,114.0726867,22.53441951,114.078063,22.53733783,0,0,0,0,0,2,0
1572,114.041099,22.60560235,114.0367893,22.61215185,0,0,0,0,0,4,0
1836,113.8845256,22.55733132,113.8877196,22.49878479,0,0,0,0,0,5,0
3332,114.0785614,22.54044272,114.0755021,22.54166278,0,0,0,0,0,0,0
6715,113.8875092,22.5816675,113.8885816,22.57839234,0,0,0,0,0,8,0
7672,113.9203572,22.53052668,113.922354,22.52687612,0,0,0,0,0,5,0
925,114.0021078,22.55103737,114.0030935,22.55296292,0,0,0,0,0,4,0
175,113.8493022,22.59437716,113.8641131,22.57823681,0,0,0,0,0,5,0
1103,113.8846552,22.58885046,113.889344,22.56290387,0,0,0,0,0,4,0
182,114.0166391,22.71416863,114.0459686,22.60518174,0,0,0,0,0,0,0
6619,114.0193574,22.63674828,114.0173094,22.62430723,0,0,0,0,1,5,0
652,113.8143158,22.67555369,114.0252775,22.6568041,0,0,0,0,0,0,0
890,113.8617546,22.57976222,113.9607166,22.59511919,0,0,0,0,0,5,0
3317,113.8846552,22.58885046,113.9003681,22.52930743,0,0,0,0,0,3,0
2239,113.9299459,22.74871131,113.9376054,22.75894114,0,0,0,0,0,4,0
2263,113.8865032,22.57412312,113.9048476,22.59788812,0,0,0,0,0,4,0
2406,114.0884103,22.55690504,114.0902703,22.54713783,0,0,0,0,0,3,0
2494,114.0102744,22.55383282,114.0124577,22.54778547,0,0,0,0,0,3,0
544,113.8987779,22.5518305,113.8979427,22.56079451,0,0,0,0,0,1,0
7690,114.0374198,22.63386006,114.0173094,22.62430723,0,0,0,0,0,7,0
2370,113.871775,22.58555053,113.890645,22.57484146,0,0,0,0,0,0,0
7745,114.0541074,22.62697383,114.0252775,22.6568041,0,0,0,0,0,8,0
2302,114.2146226,22.73517897,114.2302536,22.70924145,0,0,0,0,0,3,0
1353,114.1335832,22.62485819,114.0960048,22.62649671,0,0,0,0,0,3,0
257,113.8678879,22.5713629,113.8987779,22.5518305,0,0,0,0,0,2,0
3559,113.92872715349327,22.514018324063013,113.94610922095414,22.527054877340312,0,0,0,0,0,0,0
2225,113.9419285,22.55326824,113.9419285,22.55326824,0,0,0,0,0,1,0
558,113.892157,22.60307552,113.9195592,22.56217377,0,0,0,0,0,4,0
1452,113.8288835,22.685504,113.8143349,22.69694457,0,0,0,0,0,5,0
2358,113.906304,22.51810499,113.9018206,22.51295607,0,0,0,0,1,0,0
1751,114.0090737,22.63994719,114.0126279,22.63442864,0,0,0,0,0,5,0
2292,114.1335832,22.62485819,114.135555,22.60315924,0,0,0,0,0,4,0
323,114.0173094,22.62430723,114.0519279,22.62135229,0,0,0,0,0,4,0
913,113.8600693,22.61680203,113.8933719,22.5757923,0,0,0,0,0,0,0
452,114.0224392,22.63876677,114.0064083,22.64803167,0,0,0,0,0,0,0
2470,113.922905,22.52892951,113.9126887,22.51986992,0,0,0,0,0,0,0
656,114.1019817,22.55545414,114.1094862,22.5462653,0,0,0,0,0,0,0
2229,114.2146226,22.73517897,114.1993974,22.70153885,0,0,0,0,0,5,0
526,114.1220831,22.59238119,114.1185954,22.59768455,0,0,0,0,0,3,0
800,113.8826033,22.55538645,113.8842557,22.57875736,0,0,0,0,0,1,0
2360,113.883369,22.59400215,113.8468301,22.61160865,0,0,0,0,0,4,0
1184,113.8591147,22.57989424,113.92438163649777,22.527054877340312,0,0,0,0,0,3,0
1727,114.1335832,22.62485819,114.1322741,22.57814231,0,0,0,0,0,4,0
7164,113.9396419,22.74453187,113.8289193,22.71956443,0,0,0,0,0,8,0
549,114.0499952,22.60340822,114.0496003,22.59798946,0,0,0,0,0,5,0
2418,113.9081022,22.57355042,113.9202953,22.48964389,0,0,0,0,0,4,0
177,114.0192611,22.65543333,114.0377195,22.55782833,0,0,0,0,0,0,0
1078,114.0085987,22.56776331,114.0267685,22.56030348,0,0,0,0,0,4,0
446,113.8507985,22.7636276,113.808932,22.73500402,0,0,0,0,0,1,0
391,114.0060361,22.64477552,114.0254433,22.61534867,0,0,0,0,0,1,0
1181,113.8957434,22.53233885,113.8987779,22.5518305,0,0,0,0,0,4,0
3314,114.144408,22.61981457,114.1335832,22.62485819,0,0,0,0,0,2,0
804,114.2247438,22.55792041,114.2335964,22.55546638,0,0,0,0,0,1,0
7089,114.0209658,22.64238649,114.025783,22.64965565,0,0,0,0,1,7,0
1882,114.054181,22.59691261,114.0821844,22.57725959,0,0,0,0,0,5,0
2568,113.922354,22.52687612,113.9133121,22.52485428,0,0,0,0,0,5,0
2573,113.8634262,22.60339678,113.8885816,22.57839234,0,0,0,0,0,0,0
538,114.058055,22.69512613,114.0565727,22.69299886,0,0,0,0,0,2,0
344,113.8678879,22.5713629,113.8922297,22.54960966,0,0,0,0,0,1,0
963,114.0417775,22.61856082,114.056674,22.62875668,0,0,0,0,0,4,0
2359,113.9688573,22.55223593,113.9691535,22.55644475,0,0,0,0,0,2,0
1929,113.8845256,22.55733132,113.8730238,22.56231772,0,0,0,0,0,5,0
1498,114.1335832,22.62485819,114.1306867,22.60230633,0,0,0,0,0,4,0
2323,113.9696668,22.55952746,113.9673517,22.57211963,0,0,0,0,0,3,0
1733,113.9496693,22.55122213,113.9448743,22.54952583,0,0,0,0,0,4,0
2301,114.0463786,22.62462621,114.0283921,22.6298931,0,0,0,0,0,5,0
3542,113.9359371,22.4935171,113.9307944,22.49371005,0,0,0,0,0,3,0
3592,114.0686703,22.61984124,114.0060361,22.64477552,0,0,0,0,0,0,0
3541,114.2468222,22.72244962,114.2159068,22.69932397,0,0,0,0,1,4,0
7684,114.1190419,22.62508865,114.1149586,22.53830507,0,0,0,0,0,2,0
HID,Long1,Lat1,Long2,Lat2,marriage,divorce,birth,death,work,education,immigration
1066,114.0045131,22.64230583,114.1319202,22.6117906,0,0,0,0,0,0,0
3416,113.8143158,22.67555369,114.2225225,22.7024292,0,0,0,0,0,2,0
281,113.8259751,22.68298054,114.0521542,22.71887003,0,0,0,0,0,0,0
3287,113.8730238,22.56231772,113.8936399,22.76805679,0,0,0,0,0,0,0
1632,113.8772696,22.56713794,113.8821573,22.57955862,0,0,0,0,0,5,0
581,113.8714447,22.57808297,113.8652014,22.5862659,0,0,0,0,0,0,0
249,114.1022167,22.54203109,114.1306867,22.60230633,0,0,0,0,0,3,0
549,113.9022636,22.56490518,114.2246353,22.55317367,0,0,0,0,0,5,0
1555,113.9195337,22.53600685,113.9108471,22.54381618,0,0,0,0,0,0,0
1365,113.8573938,22.55802078,113.9218497,22.53599972,0,0,0,0,0,0,0
1006,113.8522069,22.6141377,113.8614431,22.58873239,0,0,0,0,0,5,0
1037,114.03878,22.60185337,114.2976673,22.60643053,0,0,0,0,0,4,0
3493,114.2615814,22.68973429,114.3246862,22.68515792,0,0,0,0,0,3,0
479,113.8845256,22.55733132,113.9164422,22.54071179,0,0,0,0,0,2,0
231,114.2146226,22.73517897,114.3350117,22.70546672,0,0,0,0,0,1,0
744,114.03878,22.60185337,114.0433814,22.56069812,0,0,0,0,0,2,0
994,113.8678879,22.5713629,113.9037457,22.59445806,0,0,0,0,1,4,0
1019,113.8236042,22.71840044,114.104608,22.57488543,0,0,0,0,0,4,0
2389,114.0060361,22.64477552,114.0388693,22.64516673,0,0,0,0,0,3,0
408,114.0173094,22.62430723,114.0076839,22.63159925,0,0,0,0,0,5,0
985,113.8468301,22.61160865,114.135555,22.60315924,0,0,0,0,1,0,0
1356,113.8886117,22.77684509,113.8909863,22.77584712,0,0,0,0,0,1,0
221,114.0542598,22.60673817,114.2657518,22.75309329,0,0,0,0,1,0,0
472,113.8591147,22.57989424,114.1055723,22.62082856,0,0,0,0,1,3,0
835,114.1157085,22.55960862,114.090952,22.53891799,0,0,0,0,1,5,0
753,113.8865032,22.57412312,113.9691535,22.55644475,0,0,0,0,0,3,0
719,113.9040543,22.57707871,114.2940064,22.72836775,0,0,0,0,0,5,0
272,114.03878,22.60185337,114.3066555,22.67607433,0,0,0,0,1,3,0
1203,113.8511874,22.57309821,114.2182253,22.67609825,0,0,0,0,0,4,0
481,113.9022636,22.56490518,114.2215604,22.73269285,0,0,0,0,0,4,0
7736,114.2146226,22.73517897,114.144408,22.61981457,0,0,0,0,1,0,0
648,114.0000969,22.53806975,114.1092472,22.58454536,0,0,0,0,0,2,0
1121,113.8998904,22.580372,114.1378032,22.67252639,0,0,0,0,0,3,0
240,114.0182988,22.63196421,114.1701289,22.57016194,0,0,0,0,0,4,0
1169,113.9496693,22.55122213,114.3411705,22.68281434,0,0,0,0,1,5,0
1367,113.9485403,22.54665421,114.0519623,22.62454193,0,0,0,0,0,5,0
3472,114.0213417,22.63478661,114.0570783,22.61243426,0,0,0,0,0,3,0
226,113.9383125,22.57746684,114.1993974,22.70153885,0,0,0,0,0,3,0
2324,113.8591147,22.57989424,114.0519279,22.62135229,0,0,0,0,0,1,0
654,113.8949938,22.60366993,114.3246862,22.68515792,0,0,0,0,0,0,0
406,113.8591147,22.57989424,113.8652014,22.5862659,0,0,0,0,0,3,0
2593,113.8746316,22.55197004,113.9003681,22.52930743,0,0,0,0,0,4,0
642,113.808932,22.73500402,113.8832089,22.78014068,0,0,0,0,0,1,0
423,114.03878,22.60185337,114.0464771,22.56584568,0,0,0,0,0,5,0
891,113.8511874,22.57309821,113.9064691,22.57201045,0,0,0,0,0,2,0
2505,114.0239956,22.64331109,114.0060361,22.64477552,0,0,0,0,0,0,0
747,113.8826033,22.55538645,114.2302536,22.70924145,0,0,0,0,0,4,0
470,114.2215604,22.73269285,114.1182255,22.67187027,0,0,0,0,0,5,0
2223,113.8714447,22.57808297,113.8614431,22.58873239,0,0,0,0,0,0,0
539,114.1657279,22.56885969,114.1755856,22.56097261,0,0,0,0,0,5,0
475,114.0182988,22.63196421,114.2953817,22.60513342,0,0,0,0,0,4,0
2586,114.0060361,22.64477552,113.9653754,22.56215852,0,0,0,0,1,2,0
2569,113.8268095,22.64682811,113.811802,22.66183387,0,0,0,0,0,4,0
1679,113.8746316,22.55197004,114.13128,22.57143687,0,0,0,0,0,5,0
1480,113.8865032,22.57412312,113.8288835,22.685504,0,0,0,0,0,1,0
811,113.8678879,22.5713629,113.8594394,22.61901935,0,0,0,0,0,1,0
1773,114.006985,22.55115679,114.2375805,22.71960573,0,0,0,0,0,4,0
219,113.8289193,22.71956443,113.808932,22.73500402,0,0,0,0,0,1,0
2019,114.2306448,22.56149473,114.2304546,22.72647858,0,0,0,0,0,3,0
3324,113.8236042,22.71840044,113.8593418,22.62832393,0,0,0,0,0,3,0
623,113.874393,22.59737933,114.136865,22.62534243,0,0,0,0,0,2,0
514,113.8511874,22.57309821,113.9013736,22.55437896,0,0,0,0,0,5,0
210,113.8697869,22.56524438,113.8985783,22.55517608,0,0,0,0,0,0,0
714,113.9299459,22.74871131,114.0154736,22.65448952,0,0,0,0,0,4,0
1758,113.9118059,22.53206835,113.9216868,22.50154896,0,0,0,0,0,1,0
1579,113.8270988,22.77309735,113.9011316,22.78291302,0,0,0,0,0,1,0
904,113.8579814,22.62330717,114.2178435,22.7323655,0,0,0,0,0,1,0
736,114.0123941,22.55631542,114.1018944,22.59273764,0,0,0,0,1,5,0
3357,113.8722775,22.78509022,113.9243591,22.73817724,0,0,0,0,0,0,0
403,113.8289193,22.71956443,113.8474183,22.76878118,0,0,0,0,0,3,0
1076,113.8591147,22.57989424,113.9194252,22.55198723,0,0,0,0,0,0,0
975,113.8957434,22.53233885,114.1086432,22.61121413,0,0,0,0,0,2,0
3289,114.2376679,22.71326216,114.2485412,22.73406649,0,0,0,0,0,3,0
1179,113.8591147,22.57989424,114.2751117,22.74890723,0,0,0,0,0,1,0
350,113.8505256,22.57003332,113.9182477,22.54568435,0,0,0,0,0,3,0
538,114.03878,22.60185337,114.054181,22.59691261,0,0,0,0,0,1,0
2470,113.8826033,22.55538645,113.9437705,22.56308021,0,0,0,0,0,5,0
296,113.85475,22.61522675,113.8138057,22.65911917,0,0,0,0,0,0,0
1939,113.8493022,22.59437716,113.8470556,22.6072369,0,0,0,0,0,2,0
217,113.8746316,22.55197004,114.1203418,22.56092471,0,0,0,0,0,4,0
1002,113.8591147,22.57989424,114.0570783,22.61243426,0,0,0,0,0,5,0
257,113.8824722,22.58724827,114.1363146,22.61920252,0,0,0,0,0,1,0
2462,113.8886117,22.77684509,113.8579814,22.62330717,0,0,0,0,1,4,0
2269,113.8846552,22.58885046,114.1351283,22.55780185,0,0,0,0,0,3,0
717,113.9042899,22.5665363,113.8934253,22.56998563,0,0,0,0,0,0,0
286,114.0173094,22.62430723,114.2466808,22.72743507,0,0,0,0,0,3,0
430,113.8511874,22.57309821,113.886871,22.57638403,0,0,0,0,0,5,0
1372,114.0107756,22.63888777,114.0282813,22.62809825,0,0,0,0,0,0,0
445,113.8865032,22.57412312,114.139642,22.6239425,0,0,0,0,0,4,0
2579,113.8957434,22.53233885,113.9862955,22.53712077,0,0,0,0,0,2,0
936,113.8505256,22.57003332,113.8688348,22.55791811,0,0,0,0,0,4,0
435,113.8505256,22.57003332,113.8938829,22.55817388,0,0,0,0,0,4,0
2010,113.934132,22.50391084,113.9183133,22.49543257,0,0,0,0,0,2,0
1526,113.8865032,22.57412312,114.2378371,22.71639645,0,0,0,0,0,3,0
303,113.883369,22.59400215,114.2229894,22.70499103,0,0,0,0,0,3,0
427,114.0403327,22.59988803,114.1220831,22.59238119,0,0,0,0,0,1,0
506,114.0518669,22.60421052,113.8957434,22.53233885,0,0,0,0,0,5,0
409,113.863216,22.57078846,113.8474183,22.76878118,0,0,0,0,1,5,0
920,113.883369,22.59400215,114.2353215,22.72684749,0,0,0,0,0,3,0
947,113.8771498,22.58317542,114.1043673,22.56109889,0,0,0,0,0,1,0
1918,113.8591147,22.57989424,114.1298549,22.55264981,0,0,0,0,0,2,0
1310,113.8511874,22.57309821,114.3340605,22.68856789,0,0,0,0,0,3,0
1934,113.9299459,22.74871131,114.0245556,22.59994136,0,0,0,0,1,4,0
410,113.8511874,22.57309821,114.2375488,22.729688,0,0,0,0,0,3,0
1643,113.8288835,22.685504,114.0252775,22.6568041,0,0,0,0,0,5,0
1425,113.8826033,22.55538645,113.9263495,22.49164243,0,0,0,0,0,2,0
1272,113.8577667,22.58392266,114.3475432,22.66921114,0,0,0,0,0,2,0
555,114.1002178,22.54785762,113.8777133,22.59947878,0,0,0,0,0,0,0
3468,114.00477368267164,22.553127981462346,114.1281902,22.61384109,0,0,0,0,0,0,0
184,113.8361658,22.64005263,114.1142512,22.55208526,0,0,0,0,0,1,0
2413,114.1185954,22.59768455,114.2472287,22.60039407,0,0,0,0,0,2,0
564,113.8591147,22.57989424,113.9299459,22.74871131,0,0,0,0,0,4,0
1609,113.8591147,22.57989424,114.1521987,22.61530084,0,0,0,0,0,5,0
756,113.8591147,22.57989424,113.9572051,22.59681871,0,0,0,0,0,5,0
1839,113.8778201,22.58583875,113.8474183,22.76878118,0,0,0,0,0,0,0
1420,113.8846552,22.58885046,113.8652014,22.5862659,0,0,0,0,0,2,0
169,114.0060361,22.64477552,113.9787226,22.59837117,0,0,0,0,0,5,0
7431,113.8865032,22.57412312,114.1335832,22.62485819,0,0,0,0,0,0,0
4820,113.8824722,22.58724827,114.1757151,22.6364007,0,0,0,0,0,5,0
1569,114.0239956,22.64331109,114.0629266,22.64340795,0,0,0,0,0,2,0
2488,113.9109561,22.51688356,114.4039807,22.64005942,0,0,0,0,0,0,0
1894,114.03878,22.60185337,114.0755021,22.54166278,0,0,0,0,0,4,0
520,114.1172407,22.63049964,114.0143073,22.64591725,0,0,0,0,0,0,0
2598,114.2146226,22.73517897,114.1022167,22.54203109,0,0,0,0,0,1,0
597,114.1139303,22.5495494,114.1071909,22.56922166,0,0,0,0,0,4,0
527,113.8505256,22.57003332,114.1572376,22.564784,0,0,0,0,0,2,0
2422,113.9040543,22.57707871,113.8593418,22.62832393,0,0,0,0,0,5,0
236,113.8746316,22.55197004,114.1182233,22.54045076,0,0,0,0,0,4,0
392,114.1151864,22.5574876,114.1012191,22.56509162,0,0,0,0,0,2,0
1880,114.0173094,22.62430723,114.3871403,22.71081409,0,0,0,0,0,2,0
2384,113.891709,22.56091576,114.1494133,22.61039668,0,0,0,0,0,0,0
1409,113.8511874,22.57309821,113.8949748,22.56749463,0,0,0,0,0,3,0
2583,113.9299459,22.74871131,113.8940988,22.77962149,0,0,0,0,0,4,0
503,113.8947251,22.57459705,113.890255,22.50393848,0,0,0,0,0,0,0
295,114.0173094,22.62430723,114.1041339,22.6028314,0,0,0,0,0,5,0
741,114.025783,22.64965565,114.2615814,22.68973429,0,0,0,0,0,3,0
1205,113.8772696,22.56713794,113.9022636,22.56490518,0,0,0,0,0,0,0
735,113.8505256,22.57003332,114.1151864,22.5574876,0,0,0,0,0,4,0
1915,113.7721529,22.6885906,113.8620862,22.6198378,0,0,0,0,0,3,0
568,114.03878,22.60185337,114.0843588,22.56470925,0,0,0,0,0,1,0
396,114.2260265,22.73332349,114.2636679,22.73255078,0,0,0,0,0,5,0
3321,114.0245556,22.59994136,114.0240966,22.63303427,0,0,0,0,0,0,0
1454,113.8826033,22.55538645,113.9232246,22.49075521,0,0,0,0,0,2,0
1572,113.8803002,22.56997857,113.9217899,22.54817124,0,0,0,0,1,0,0
250,114.0060361,22.64477552,114.2303179,22.55400112,0,0,0,0,0,1,0
1533,113.9496693,22.55122213,114.2307736,22.72322821,0,0,0,0,0,4,0
907,113.886871,22.57638403,114.1366585,22.61360187,0,0,0,0,1,0,0
243,113.9022636,22.56490518,113.8803084,22.58326725,0,0,0,0,0,1,0
3591,113.8594394,22.61901935,114.0424233,22.68753666,0,0,0,0,0,3,0
1290,113.9299459,22.74871131,114.0311193,22.66163265,0,0,0,0,0,3,0
365,113.8511874,22.57309821,114.2122946,22.72380437,0,0,0,0,0,5,0
488,114.03878,22.60185337,114.1457116,22.55421814,0,0,0,0,0,1,0
457,113.9367698,22.75570779,113.9367698,22.75570779,0,0,0,0,0,1,0
661,114.041099,22.60560235,114.3392882,22.71090932,0,0,0,0,0,1,0
1911,113.9358056,22.51703336,113.922349,22.50495552,0,0,0,0,0,3,0
541,113.8771498,22.58317542,113.8984836,22.57376001,0,0,0,0,0,4,0
254,113.8505256,22.57003332,114.1311411,22.5519085,0,0,0,0,0,2,0
2137,113.9710961,22.5426991,113.9680421,22.58692978,0,0,0,0,0,0,0
7700,113.8577667,22.58392266,114.0173094,22.62430723,0,0,0,0,0,0,0
625,113.8257284,22.65217284,113.8289193,22.71956443,0,0,0,0,0,5,0
2024,113.8522069,22.6141377,114.2421145,22.73886973,0,0,0,0,0,1,0
1842,114.0521542,22.71887003,114.0634647,22.71861803,0,0,0,0,0,1,0
1736,113.9496693,22.55122213,114.1616938,22.56889199,0,0,0,0,0,4,0
2475,113.8746316,22.55197004,114.2190045,22.55934086,0,0,0,0,0,1,0
322,113.8591147,22.57989424,114.2468222,22.72244962,0,0,0,0,0,1,0
1154,113.8678879,22.5713629,114.0719223,22.66166336,0,0,0,0,0,2,0
1100,113.9248626,22.49505083,114.1506243,22.55492628,0,0,0,0,0,5,0
3583,113.9299459,22.74871131,114.2258562,22.75410679,0,0,0,0,0,0,0
1229,114.0560976,22.60770345,114.1108458,22.61624122,0,0,0,0,0,0,0
1034,113.8885816,22.57839234,114.1192687,22.55819955,0,0,0,0,0,5,0
926,113.8957434,22.53233885,114.0770503,22.54085385,0,0,0,0,0,2,0
809,113.8485196,22.57678478,113.863216,22.57078846,0,0,0,0,0,1,0
1590,114.0173094,22.62430723,114.0645435,22.64972893,0,0,0,0,0,1,0
1196,114.0706314,22.52768003,114.2990902,22.72391568,0,0,0,0,0,3,0
1202,114.0239956,22.64331109,114.0116897,22.67376115,0,0,0,0,0,5,0
374,114.1239275,22.54715471,114.1325554,22.54460362,0,0,0,0,0,4,0
1306,113.9311877,22.50132536,114.2183471,22.68698225,0,0,0,0,0,1,0
2520,113.8493022,22.59437716,114.29936,22.59829562,0,0,0,0,0,4,0
596,114.03878,22.60185337,114.0432457,22.55153549,0,0,0,0,1,1,0
1234,113.8511874,22.57309821,113.8591147,22.57989424,0,0,0,0,0,4,0
1635,114.0417775,22.61856082,114.2198708,22.72619087,0,0,0,0,0,0,0
2509,113.8505256,22.57003332,114.1719252,22.56852138,0,0,0,0,0,5,0
1720,114.0884103,22.55690504,114.0509316,22.56414593,0,0,0,0,0,5,0
1358,113.8885816,22.57839234,114.1327359,22.57133974,0,0,0,0,0,5,0
204,113.8593418,22.62832393,114.0842514,22.57459896,0,0,0,0,0,4,0
1706,113.8746316,22.55197004,114.037073,22.61509883,0,0,0,0,0,4,0
359,113.8885816,22.57839234,114.0805432,22.56153818,0,0,0,0,0,2,0
718,113.9631976,22.5273602,113.94610918612334,22.527054878019655,0,0,0,0,0,3,0
1051,113.9485403,22.54665421,114.0504346,22.62711762,0,0,0,0,0,4,0
1294,113.9299459,22.74871131,114.0331052,22.56855579,0,0,0,0,1,0,0
523,113.8865032,22.57412312,113.9188922,22.57944395,0,0,0,0,0,0,0
801,113.901418,22.60045571,114.091031,22.56657562,0,0,0,0,0,0,0
1160,113.8288835,22.685504,113.8197806,22.67144481,0,0,0,0,0,5,0
657,114.0173094,22.62430723,113.9040543,22.57707871,0,0,0,0,1,5,0
2290,113.9299459,22.74871131,113.9367698,22.75570779,0,0,0,0,0,1,0
2424,113.9137127,22.4855817,113.9214811,22.49313448,0,0,0,0,0,3,0
1949,114.0060361,22.64477552,113.9032597,22.77940868,0,0,0,0,0,4,0
660,113.8236042,22.71840044,113.8288835,22.685504,0,0,0,0,0,5,0
2387,113.9080407,22.49400061,114.245619,22.59661344,0,0,0,0,0,2,0
2241,113.8845256,22.55733132,114.0390147,22.52935351,0,0,0,0,0,5,0
1980,113.8846557,22.56130469,113.8877406,22.567384,0,0,0,0,0,5,0
1495,113.8922297,22.54960966,114.0575448,22.53709734,0,0,0,0,1,4,0
414,113.8289193,22.71956443,113.8593418,22.62832393,0,0,0,0,0,1,0
1139,113.848971,22.61149351,113.8072593,22.73892823,0,0,0,0,0,3,0
490,114.0239956,22.64331109,114.0476951,22.56807825,0,0,0,0,0,2,0
2517,113.808932,22.73500402,114.238708,22.70154264,0,0,0,0,0,3,0
3387,113.8922297,22.54960966,114.2215604,22.73269285,0,0,0,0,0,0,0
215,113.8591147,22.57989424,114.0541074,22.62697383,0,0,0,0,0,3,0
1912,113.8922297,22.54960966,113.8840849,22.55088219,0,0,0,0,0,5,0
617,113.8865032,22.57412312,113.8771498,22.58317542,0,0,0,0,0,2,0
1120,114.0090737,22.63994719,114.0193574,22.63674828,0,0,0,0,0,4,0
258,114.0182988,22.63196421,114.0436235,22.56713422,0,0,0,0,0,3,0
1114,113.9496693,22.55122213,113.95045472335741,22.548782464502708,0,0,0,0,0,4,0
1364,113.8949938,22.60366993,113.85475,22.61522675,0,0,0,0,0,4,0
978,114.2487939,22.59399093,114.251157,22.59278629,0,0,0,0,0,3,0
512,113.8072593,22.73892823,113.808973,22.73600021,0,0,0,0,0,1,0
3328,114.0660873,22.62543468,114.0239956,22.64331109,0,0,0,0,0,0,0
6620,114.0386285,22.55495065,114.103947,22.55162521,0,0,0,0,0,7,0
1064,113.9496693,22.55122213,113.9496673,22.55344059,0,0,0,0,0,5,0
3342,114.023723,22.53002473,114.0191951,22.54249579,0,0,0,0,0,0,0
3422,113.9767135,22.5617285,113.9727779,22.56181651,0,0,0,0,0,3,0
1936,114.0060361,22.64477552,114.0623047,22.57298812,0,0,0,0,1,2,0
1543,114.007117,22.60084288,114.0350812,22.6040573,0,0,0,0,0,1,0
3514,114.1178066,22.60123914,114.1330261,22.6173389,0,0,0,0,0,0,0
3436,113.922359,22.52020784,113.92438162462356,22.527054879857108,0,0,0,0,0,0,0
600,113.8505256,22.57003332,113.8772696,22.56713794,0,0,0,0,0,1,0
2411,114.03878,22.60185337,114.0245556,22.59994136,0,0,0,0,0,2,0
3351,113.8854816,22.58430443,113.8824722,22.58724827,0,0,0,0,0,0,0
3431,114.012641,22.54062423,114.0277042,22.535769,0,0,0,0,0,4,0
3372,113.883369,22.59400215,113.874393,22.59737933,0,0,0,0,0,0,0
7274,114.0524017,22.61619895,114.0239956,22.64331109,0,0,0,0,1,1,0
968,114.1103547,22.53694276,114.1184995,22.5441583,0,0,0,0,0,2,0
3400,113.8840849,22.55088219,113.8678879,22.5713629,0,0,0,0,0,3,0
3565,114.0217343,22.65356868,114.0236514,22.62886945,0,0,0,0,0,1,0
2554,114.0076839,22.63159925,114.0076839,22.63159925,0,0,0,0,0,0,0
3385,113.95045472335741,22.548782464502708,113.95045473673062,22.548782464382317,0,0,0,0,0,0,0
1112,114.1315695,22.60643929,114.1357676,22.61672765,0,0,0,0,0,5,0
3581,113.863216,22.57078846,113.8949748,22.56749463,0,0,0,0,0,0,0
1501,114.0173094,22.62430723,114.0182988,22.63196421,0,0,0,0,0,3,0
7694,114.0408358,22.55991118,114.0173094,22.62430723,0,0,0,0,0,7,0
1548,113.8771498,22.58317542,113.8803084,22.58326725,0,0,0,0,0,2,0
653,113.8885816,22.57839234,113.8914139,22.57915155,0,0,0,0,0,4,0
1738,113.8289193,22.71956443,113.8289193,22.71956443,0,0,0,0,0,3,0
3525,114.0870811,22.54214058,114.08516575202634,22.54443694755494,0,0,0,0,0,4,0
7751,114.2403567,22.74206046,114.2146226,22.73517897,0,0,0,0,0,8,0
3485,114.021228,22.53092009,114.0265208,22.53258663,0,0,0,0,0,5,0
201,113.922354,22.52687612,113.9229318,22.51620911,0,0,0,0,0,0,0
3507,114.1248603,22.59405869,114.0605613,22.57273526,0,0,0,0,0,0,0
2414,113.9299459,22.74871131,113.9367698,22.75570779,0,0,0,0,0,5,0
1119,113.9455659,22.52814162,113.9615437,22.55189256,0,0,0,0,0,0,0
2917,113.8614431,22.58873239,113.8593418,22.62832393,0,0,0,0,0,8,0
3224,114.0154736,22.65448952,114.049334,22.62386555,0,0,0,0,1,8,0
1188,113.9379276,22.50942693,113.9262389,22.51063991,0,0,0,0,0,0,0
486,113.8591147,22.57989424,113.8511874,22.57309821,0,0,0,0,0,2,0
7173,113.8933541,22.58630872,113.848971,22.61149351,0,0,0,0,0,3,0
7664,113.8821778,22.57154463,113.8577667,22.58392266,0,0,0,0,0,7,0
637,113.8505256,22.57003332,113.8803084,22.58326725,0,0,0,0,0,1,0
1573,113.9517906,22.56079444,113.9779929,22.5540314,0,0,0,0,0,0,0
3298,114.2579837,22.68510514,114.116775,22.57874888,0,0,0,0,0,0,0
7671,113.8417555,22.60541168,113.8443979,22.60607457,0,0,0,0,0,9,0
462,113.8746316,22.55197004,113.8840849,22.55088219,0,0,0,0,0,4,0
545,113.8534184,22.57260798,113.8885349,22.5522118,0,0,0,0,0,2,0
3536,113.9605944,22.52511671,113.96131851482308,22.527054879857108,0,0,0,0,0,0,0
971,113.8268095,22.64682811,113.8361658,22.64005263,0,0,0,0,0,2,0
7665,113.817215,22.77157357,113.8270988,22.77309735,0,0,0,0,0,8,0
3288,113.8777133,22.59947878,113.8803002,22.56997857,0,0,0,0,0,0,0
7092,113.9234447,22.53452262,113.922354,22.52687612,0,0,0,0,0,2,0
943,113.8845256,22.55733132,113.9141317,22.50931602,0,0,0,0,1,3,0
1053,113.9196572,22.51147003,113.9174436,22.5158805,0,0,0,0,0,1,0
3297,113.8922297,22.54960966,113.9149808,22.52972851,0,0,0,0,0,0,0
3302,113.8016913,22.72411911,113.808932,22.73500402,0,0,0,0,0,5,0
7176,113.9396419,22.74453187,113.9299459,22.74871131,0,0,0,0,0,2,0
937,113.9256338,22.51572657,113.9296542,22.51692758,0,0,0,0,0,1,0
513,113.7721529,22.6885906,113.8035446,22.67359443,0,0,0,0,0,5,0
7683,113.9027451,22.55591932,113.8865032,22.57412312,0,0,0,0,1,7,0
7645,113.8468301,22.61160865,113.8522069,22.6141377,0,0,0,0,0,8,0
7783,113.9258192,22.51841222,113.92872711963132,22.514018326153618,0,0,0,0,0,7,0
484,113.9066951,22.52846257,113.9131858,22.54233207,0,0,0,0,0,0,0
3568,113.8485196,22.57678478,113.9256338,22.51572657,0,0,0,0,0,2,0
5085,114.2084736,22.70857754,114.2096575,22.69814443,0,0,0,0,0,7,0
3458,114.144408,22.61981457,114.1218045,22.57112173,0,0,0,0,0,1,0
1950,113.8957434,22.53233885,113.9049729,22.51545518,0,0,0,0,0,3,0
1893,113.9496693,22.55122213,113.95045470306722,22.548782464318332,0,0,0,0,0,4,0
460,113.8593418,22.62832393,113.8591147,22.57989424,0,0,0,0,0,3,0
838,113.8746316,22.55197004,113.8885816,22.57839234,0,0,0,0,0,0,0
2220,114.0424233,22.68753666,114.0348019,22.67808826,0,0,0,0,0,5,0
304,114.0985441,22.56529973,114.1103715,22.57717689,0,0,0,0,0,4,0
364,113.8594394,22.61901935,113.8854816,22.58430443,0,0,0,0,0,3,0
3361,114.1332851,22.58555106,114.1284211,22.58563509,0,0,0,0,0,0,0
6647,113.8777133,22.59947878,113.8593418,22.62832393,0,0,0,0,0,7,0
7764,114.2330761,22.71232915,114.2146226,22.73517897,0,0,0,0,0,7,0
214,114.0060361,22.64477552,113.979472,22.5621445,0,0,0,0,0,0,0
894,113.8591147,22.57989424,113.8493022,22.59437716,0,0,0,0,0,1,0
3350,114.0463786,22.62462621,114.0182988,22.63196421,0,0,0,0,0,0,0
380,114.0385725,22.54295442,114.0725556,22.53082869,0,0,0,0,0,2,0
7288,114.1167281,22.62348769,114.1335832,22.62485819,0,0,0,0,0,6,0
259,113.8591147,22.57989424,113.8485196,22.57678478,0,0,0,0,0,5,0
3592,114.0064083,22.64803167,114.0169023,22.63031988,0,0,0,0,0,2,0
1043,113.8697869,22.56524438,113.8573938,22.55802078,0,0,0,0,0,0,0
902,114.0154736,22.65448952,114.0169023,22.63031988,0,0,0,0,0,1,0
3286,113.8522069,22.6141377,113.8564484,22.62003008,0,0,0,0,0,2,0
3577,113.7721529,22.6885906,113.8259751,22.68298054,0,0,0,0,0,0,0
1039,113.9323153,22.54424896,113.9448743,22.54952583,0,0,0,0,0,5,0
3460,114.2615814,22.68973429,114.2294995,22.75382809,0,0,0,0,0,0,0
3309,113.9348085,22.54579039,113.908799,22.54103119,0,0,0,0,0,0,0
531,113.8288835,22.685504,113.8288835,22.685504,0,0,0,0,0,3,0
3452,114.0181437,22.55644728,114.00477367381558,22.553127981566504,0,0,0,0,0,0,0
2469,114.0726867,22.53441951,114.0759329,22.53834309,0,0,0,0,0,4,0
7441,113.8786763,22.56727357,113.8772696,22.56713794,0,0,0,0,2,5,0
3533,113.9222668,22.53854073,113.92872714100342,22.514018329145976,0,0,0,0,0,0,0
7141,113.8452861,22.57255575,113.8505256,22.57003332,0,0,0,0,0,7,0
3505,113.811802,22.66183387,113.8143158,22.67555369,0,0,0,0,0,4,0
7812,114.0278292,22.66347045,114.0173094,22.62430723,0,0,0,0,0,6,0
5608,113.9108471,22.54381618,113.8922297,22.54960966,0,0,0,0,1,7,0
7515,114.029352,22.64951895,114.0173094,22.62430723,0,0,0,0,0,7,0
3524,113.8909863,22.77584712,113.9011316,22.78291302,0,0,0,0,0,4,0
4943,113.8357379,22.64104742,113.8268095,22.64682811,0,0,0,0,0,7,0
3329,114.1101877,22.61879456,114.1182233,22.54045076,0,0,0,0,0,2,0
3522,114.0173094,22.62430723,114.0173094,22.62430723,0,0,0,0,1,0,0
1681,114.1366077,22.63006688,114.1322741,22.57814231,0,0,0,0,0,0,0
3376,113.9216868,22.50154896,113.9321822,22.52669891,0,0,0,0,0,0,0
3559,113.8845256,22.55733132,113.8960551,22.5573764,0,0,0,0,0,0,0
383,114.0261419,22.60543043,114.0417775,22.61856082,0,0,0,0,0,0,0
3552,114.0186815,22.63417359,114.0299304,22.55647756,0,0,0,0,0,0,0
337,113.8579814,22.62330717,113.848971,22.61149351,0,0,0,0,0,4,0
3531,114.0085987,22.56776331,114.0263723,22.55599854,0,0,0,0,0,0,0
3500,113.9261702,22.51602169,113.92438162462356,22.527054879857108,0,0,0,0,0,0,0
6611,113.8826033,22.55538645,113.8845256,22.55733132,0,0,0,0,0,4,0
1865,114.0076839,22.63159925,114.0130341,22.62992084,0,0,0,0,0,0,0
563,114.0398734,22.6096886,114.0367893,22.61215185,0,0,0,0,0,5,0
7492,113.9256338,22.51572657,113.8865032,22.57412312,0,0,0,0,0,8,0
319,113.8746316,22.55197004,113.8764874,22.56452482,0,0,0,0,0,5,0
3504,114.1340787,22.550601,114.0829143,22.55096604,0,0,0,0,0,0,0
7372,113.9201775,22.50354598,113.8771498,22.58317542,0,0,0,0,0,8,0
3682,113.8652014,22.5862659,113.8714447,22.57808297,0,0,0,0,1,6,0
1786,114.0090737,22.63994719,114.0090737,22.63994719,0,0,0,0,0,2,0
3320,113.9040543,22.57707871,113.8746316,22.55197004,0,0,0,0,0,0,0
3443,114.0182988,22.63196421,114.025783,22.64965565,0,0,0,0,0,0,0
6924,113.9299459,22.74871131,113.9299459,22.74871131,0,0,0,0,0,1,0
3450,114.0156186,22.64755367,114.0463786,22.62462621,0,0,0,0,1,0,0
192,113.9321822,22.52669891,113.9435859,22.52897713,0,0,0,0,0,4,0
598,114.0821844,22.57725959,114.0909507,22.57035482,0,0,0,0,0,5,0
2576,113.8772696,22.56713794,113.8687641,22.56792019,0,0,0,0,0,4,0
3527,113.8919984,22.56474909,113.8846557,22.56130469,0,0,0,0,0,0,0
3486,113.880545,22.56089154,113.880545,22.56089154,0,0,0,0,0,0,0
297,113.8746316,22.55197004,113.8730238,22.56231772,0,0,0,0,0,5,0
2440,113.9464051,22.5290985,113.94610918612334,22.527054878019655,0,0,0,0,0,0,0
4082,113.8846552,22.58885046,114.0339166,22.527063,0,0,0,0,0,7,0
7757,113.8772696,22.56713794,113.8772696,22.56713794,0,0,0,0,0,7,0
818,113.88068,22.54759468,113.9013839,22.5753663,0,0,0,0,0,0,0
3354,114.0217343,22.65356868,114.0250383,22.65376344,0,0,0,0,0,1,0
1953,113.7721529,22.6885906,114.0192611,22.65543333,0,0,0,0,1,3,0
3555,113.8594394,22.61901935,113.8865032,22.57412312,0,0,0,0,0,0,0
7310,113.8866185,22.54924298,113.8577667,22.58392266,0,0,0,0,0,6,0
7537,114.11885,22.56581934,114.0173094,22.62430723,0,0,0,0,1,3,0
7826,114.0159932,22.66481946,114.0173094,22.62430723,0,0,0,0,0,4,0
401,113.9299459,22.74871131,113.9412351,22.76133931,0,0,0,0,0,4,0
1818,114.0504346,22.62711762,114.0527146,22.57151037,0,0,0,0,0,0,0
7539,113.8997248,22.76878178,113.8289193,22.71956443,0,0,0,0,1,5,0
3537,114.0430051,22.67646734,114.025783,22.64965565,0,0,0,0,0,4,0
1058,113.8866185,22.54924298,113.9196572,22.51147003,0,0,0,0,0,0,0
1832,113.8865032,22.57412312,113.8998904,22.580372,0,0,0,0,0,5,0
566,114.2146226,22.73517897,114.2333796,22.74669721,0,0,0,0,0,4,0
267,114.0679432,22.6297239,114.0403402,22.55778015,0,0,0,0,0,3,0
881,113.9455659,22.52814162,113.9196572,22.51147003,0,0,0,0,0,1,0
1090,113.8957434,22.53233885,113.908799,22.54103119,0,0,0,0,0,2,0
7521,113.8849753,22.56657531,113.8564484,22.62003008,0,0,0,0,0,8,0
3874,113.848971,22.61149351,113.8522069,22.6141377,0,0,0,0,0,7,0
3364,113.9395252,22.74660296,113.9299459,22.74871131,0,0,0,0,0,3,0
1648,113.9201775,22.50354598,113.9420238,22.52313946,0,0,0,0,0,0,0
913,113.8771498,22.58317542,113.8624756,22.5662248,0,0,0,0,1,4,0
2556,114.0239956,22.64331109,114.0637197,22.53426758,0,0,0,0,0,2,0
2530,113.931892,22.51493316,113.92872714100342,22.514018329145976,0,0,0,0,0,0,0
6747,113.8542686,22.58354685,113.8534184,22.57260798,0,0,0,0,0,7,0
3373,113.8933541,22.58630872,113.9188922,22.57944395,0,0,0,0,0,0,0
1673,113.8511874,22.57309821,113.863216,22.57078846,0,0,0,0,0,4,0
3380,114.058055,22.69512613,114.0463786,22.62462621,0,0,0,0,0,0,0
3377,113.8564484,22.62003008,113.883369,22.59400215,0,0,0,0,0,0,0
3420,114.047965,22.51203568,114.0451706,22.51174816,0,0,0,0,0,4,0
944,113.9734476,22.56619975,113.9574537,22.57223028,0,0,0,0,0,2,0
525,113.8289193,22.71956443,113.8455531,22.62289282,0,0,0,0,0,5,0
3483,114.1125384,22.59592024,114.0935406,22.53768023,0,0,0,0,0,1,0
3447,114.0322396,22.55069507,114.0124577,22.54778547,0,0,0,0,0,3,0
7556,113.9072826,22.56269528,113.8865032,22.57412312,0,0,0,0,2,8,0
3303,113.863216,22.57078846,113.874393,22.59737933,0,0,0,0,0,0,0
1431,113.8361658,22.64005263,113.8579814,22.62330717,0,0,0,0,0,3,0
3556,114.1455916,22.55024329,114.1287442,22.55567899,0,0,0,0,0,1,0
1633,113.8826033,22.55538645,113.8846552,22.58885046,0,0,0,0,0,5,0
3538,114.03878,22.60185337,114.03878,22.60185337,0,0,0,0,0,0,0
3904,113.8983364,22.57014897,113.8922297,22.54960966,0,0,0,0,0,7,0
1709,113.9496693,22.55122213,113.9477565,22.5528883,0,0,0,0,0,1,0
7660,114.0151204,22.63547529,114.0173094,22.62430723,0,0,0,0,1,8,0
7686,114.0270318,22.64049941,114.0173094,22.62430723,0,0,0,0,0,8,0
1747,114.0173094,22.62430723,114.0430301,22.55562313,0,0,0,0,0,3,0
3549,113.8885816,22.57839234,113.8361658,22.64005263,0,0,0,0,0,0,0
3300,113.8919984,22.56474909,113.9048476,22.59788812,0,0,0,0,0,0,0
7305,113.8965703,22.56705401,113.8865032,22.57412312,0,0,0,0,0,7,0
510,113.9040543,22.57707871,113.8846552,22.58885046,0,0,0,0,1,3,0
1221,114.0805965,22.54176072,114.0785614,22.54044272,0,0,0,0,0,1,0
7341,113.9197434,22.52402639,113.92438162462356,22.527054879857108,0,0,0,0,2,6,0
1521,113.9382846,22.54399802,113.95262749545259,22.548782464382317,0,0,0,0,0,0,0
7680,113.8566761,22.60489379,113.8289193,22.71956443,0,0,0,0,0,2,0
6639,114.2269027,22.71353655,114.2599286,22.7221789,0,0,0,0,0,5,0
7673,114.0039703,22.63806732,113.9299459,22.74871131,0,0,0,0,0,8,0
7740,113.8677722,22.56190042,113.9299459,22.74871131,0,0,0,0,0,8,0
3340,114.0154736,22.65448952,114.0193574,22.63674828,0,0,0,0,0,0,0
3419,113.8845256,22.55733132,113.8534184,22.57260798,0,0,0,0,0,0,0
355,113.8236042,22.71840044,113.808932,22.73500402,0,0,0,0,0,1,0
3503,113.871036,22.56064904,113.9040543,22.57707871,0,0,0,0,0,0,0
3520,113.8505256,22.57003332,113.8845256,22.55733132,0,0,0,0,0,0,0
2309,113.8841394,22.56825281,113.8786763,22.56727357,0,0,0,0,0,0,0
317,114.0360085,22.57224267,114.0636539,22.57488868,0,0,0,0,0,0,0
554,113.883369,22.59400215,113.8846552,22.58885046,0,0,0,0,1,3,0
235,113.8746316,22.55197004,113.8922297,22.54960966,0,0,0,0,0,3,0
3480,113.9172178,22.48916648,113.9214811,22.49313448,0,0,0,0,0,0,0
3562,113.9337326,22.76402951,113.8722775,22.78509022,0,0,0,0,0,0,0
3360,114.0064083,22.64803167,114.0060361,22.64477552,0,0,0,0,0,0,0
1193,113.8746316,22.55197004,113.8728022,22.55872702,0,0,0,0,0,1,0
3544,114.0523451,22.63970515,114.0060361,22.64477552,0,0,0,0,0,0,0
1091,113.9477232,22.53044909,113.9477232,22.53044909,0,0,0,0,0,3,0
7591,114.0403327,22.59988803,114.03878,22.60185337,0,0,0,0,1,7,0
658,113.8865032,22.57412312,113.8564484,22.62003008,0,0,0,0,0,2,0
7168,113.9151198,22.77292533,113.8886117,22.77684509,0,0,0,0,2,7,0
477,114.2146226,22.73517897,114.2570457,22.73647931,0,0,0,0,0,5,0
253,113.8522069,22.6141377,113.8593418,22.62832393,0,0,0,0,0,4,0
1895,113.9496693,22.55122213,113.94828197799548,22.548782464382317,0,0,0,0,0,0,0
1605,113.8909863,22.77584712,113.9032597,22.77940868,0,0,0,0,0,5,0
982,113.9091002,22.52678535,113.9084027,22.53064115,0,0,0,0,0,0,0
518,113.8845256,22.55733132,113.8922297,22.54960966,0,0,0,0,0,3,0
1018,113.8897867,22.58338662,114.0263723,22.55599854,0,0,0,0,0,4,0
1866,113.9813212,22.55009987,113.981778,22.54629889,0,0,0,0,0,4,0
3439,113.8593418,22.62832393,113.8485196,22.57678478,0,0,0,0,0,0,0
570,114.1521987,22.61530084,114.1190419,22.62508865,0,0,0,0,0,1,0
3426,114.2084736,22.70857754,114.0592883,22.57054481,0,0,0,0,0,0,0
3534,113.880545,22.56089154,113.8826033,22.55538645,0,0,0,0,0,0,0
3433,114.0090737,22.63994719,114.0417678,22.57489347,0,0,0,0,0,0,0
3326,114.0374198,22.63386006,114.025783,22.64965565,0,0,0,0,0,0,0
7678,113.9256338,22.51572657,113.8865032,22.57412312,0,0,0,0,0,8,0
3542,113.9040543,22.57707871,113.9287271487452,22.514018325632392,0,0,0,0,0,0,0
3425,113.9216623,22.54510949,113.94610918612334,22.527054878019655,0,0,0,0,0,2,0
7722,113.8593418,22.62832393,113.8289193,22.71956443,0,0,0,0,0,7,0
3407,114.021228,22.53092009,114.006985,22.55115679,0,0,0,0,0,0,0
1016,113.9299459,22.74871131,114.1164827,22.54454616,0,0,0,0,0,5,0
277,113.9396419,22.74453187,113.9299459,22.74871131,0,0,0,0,0,1,0
HID,Long1,Lat1,Long2,Lat2,marriage,divorce,birth,death,work,education,immigration
912,113.8998904,22.580372,114.0548687,22.57485599,0,0,0,0,0,4,0
2551,113.9299459,22.74871131,113.9299459,22.74871131,0,0,0,0,0,5,0
851,113.8678879,22.5713629,114.1249922,22.69986308,0,0,0,0,1,1,0
1242,113.8865032,22.57412312,114.1889177,22.6498944,0,0,0,0,0,1,0
2434,113.9168393,22.50547271,113.8998904,22.580372,0,0,0,0,0,0,0
2003,114.0311193,22.66163265,113.8468301,22.61160865,0,0,0,0,1,3,0
3569,114.1306867,22.60230633,114.0619709,22.69241265,0,0,0,0,0,3,0
287,114.0719223,22.66166336,114.201733475,22.7232949659,0,0,0,0,1,1,0
848,113.8922297,22.54960966,114.2202649,22.67212728,0,0,0,0,0,4,0
2365,114.0322396,22.55069507,113.8990061,22.56329767,0,0,0,0,0,4,0
1510,113.8865032,22.57412312,113.9895344,22.53161406,0,0,0,0,0,3,0
3553,113.9396419,22.74453187,114.0348019,22.67808826,0,0,0,0,0,5,0
2281,113.8511874,22.57309821,113.808932,22.73500402,0,0,0,0,0,1,0
7070,113.8998904,22.580372,113.8998904,22.580372,0,0,0,0,0,0,0
710,113.9243591,22.73817724,113.8289193,22.71956443,0,0,0,0,0,1,0
946,113.9105138,22.58366547,113.8331494,22.77119285,0,0,0,0,1,0,0
323,113.8909863,22.77584712,113.8909863,22.77584712,0,0,0,0,0,1,0
617,113.8289193,22.71956443,113.8539035,22.61759091,0,0,0,0,0,3,0
2583,114.0311193,22.66163265,113.9727779,22.56181651,0,0,0,0,0,0,0
1475,114.0224392,22.63876677,114.025815,22.64293203,0,0,0,0,0,0,0
1561,114.2371294,22.5886584,114.248107,22.5904246,0,0,0,0,0,0,0
3300,113.9031903,22.57336645,113.8970428,22.57715634,0,0,0,0,0,0,0
2386,114.025783,22.64965565,114.1014352,22.58777566,0,0,0,0,0,5,0
1814,113.9477232,22.53044909,113.9299498,22.48990806,0,0,0,0,0,3,0
1990,113.9477565,22.5528883,114.2001423,22.65019022,0,0,0,0,0,2,0
454,113.8593418,22.62832393,113.8150982,22.68088519,0,0,0,0,0,4,0
862,113.8593418,22.62832393,114.2618871,22.72814276,0,0,0,0,0,1,0
3401,113.808973,22.73600021,113.8832089,22.78014068,0,0,0,0,0,1,0
612,113.8998904,22.580372,113.95262750920516,22.548782462956922,0,0,0,0,0,1,0
257,113.9299459,22.74871131,113.8832089,22.78014068,0,0,0,0,0,1,0
1951,114.025783,22.64965565,114.159033,22.61719484,0,0,0,0,0,1,0
1341,114.2326329,22.56220142,114.2154046,22.5589463,0,0,0,0,0,3,0
594,113.8485196,22.57678478,113.8225198,22.68462413,0,0,0,0,0,2,0
1425,114.025783,22.64965565,113.8832089,22.78014068,0,0,0,0,0,4,0
559,113.8493022,22.59437716,114.1501174,22.55812182,0,0,0,0,0,1,0
1830,113.8678879,22.5713629,114.2657518,22.75309329,0,0,0,0,0,2,0
223,113.8846552,22.58885046,114.0261157,22.63404516,0,0,0,0,0,2,0
2356,113.863216,22.57078846,114.2215604,22.73269285,0,0,0,0,0,3,0
577,114.03878,22.60185337,114.1172407,22.63049964,0,0,0,0,0,3,0
2492,114.03878,22.60185337,114.0320278,22.56413598,0,0,0,0,0,3,0
308,114.1248603,22.59405869,114.2333796,22.74669721,0,0,0,0,0,1,0
1090,114.0656992,22.6152615,114.0719223,22.66166336,0,0,0,0,0,0,0
633,113.8846552,22.58885046,113.85475,22.61522675,0,0,0,0,0,4,0
1641,113.8493022,22.59437716,114.0494119,22.72452175,0,0,0,0,0,3,0
1004,113.8826033,22.55538645,114.1271144,22.55046582,0,0,0,0,0,1,0
670,113.8493022,22.59437716,114.1318523,22.55347583,0,0,0,0,0,2,0
253,113.8909863,22.77584712,113.8143349,22.69694457,0,0,0,0,0,3,0
2475,114.0156186,22.64755367,113.9940942,22.66668585,0,0,0,0,0,3,0
398,113.9040543,22.57707871,114.0985441,22.56529973,0,0,0,0,0,2,0
413,113.9040543,22.57707871,114.0363037,22.71443239,0,0,0,0,0,4,0
1451,113.883369,22.59400215,114.1337266,22.61583575,0,0,0,0,0,2,0
964,113.922354,22.52687612,114.1169456,22.5846696,0,0,0,0,0,5,0
396,113.8493022,22.59437716,113.808932,22.73500402,0,0,0,0,0,2,0
1704,113.8155475,22.72749727,113.8155475,22.72749727,0,0,0,0,0,4,0
573,113.8845256,22.55733132,113.8970428,22.57715634,0,0,0,0,0,4,0
1896,113.9379107,22.76365792,113.8828341,22.76829712,0,0,0,0,0,3,0
2432,113.8678879,22.5713629,114.1616938,22.56889199,0,0,0,0,0,4,0
1847,113.8579814,22.62330717,114.1334316,22.58150305,0,0,0,0,0,5,0
1469,114.025783,22.64965565,114.1261461,22.61215303,0,0,0,0,0,4,0
273,114.0884103,22.55690504,114.1037883,22.55407365,0,0,0,0,0,0,0
942,113.8493022,22.59437716,114.2920662,22.60289052,0,0,0,0,0,4,0
687,113.9244198,22.77065499,113.8722775,22.78509022,0,0,0,0,0,0,0
309,114.1248603,22.59405869,114.2839641,22.75655484,0,0,0,0,0,3,0
3387,113.9046918,22.5834555,113.8930961,22.58007421,0,0,0,0,0,0,0
1084,113.9011316,22.78291302,114.1298848,22.68634625,0,0,0,0,1,4,0
1410,113.8511874,22.57309821,113.9243591,22.73817724,0,0,0,0,0,5,0
1361,113.8746316,22.55197004,114.2468222,22.72244962,0,0,0,0,0,2,0
1718,113.9519058,22.54701975,114.1376337,22.62364727,0,0,0,0,0,2,0
1481,113.8236042,22.71840044,113.8593418,22.62832393,0,0,0,0,0,3,0
1480,113.8919984,22.56474909,113.8170316,22.67345173,0,0,0,0,0,2,0
1259,114.1248603,22.59405869,114.1354799,22.57894241,0,0,0,0,0,5,0
451,113.8987779,22.5518305,114.0634086,22.53870217,0,0,0,0,0,0,0
624,113.883369,22.59400215,114.2819348,22.73821424,0,0,0,0,1,0,0
1060,113.8746316,22.55197004,114.2293875,22.55232667,0,0,0,0,0,1,0
1323,113.9379107,22.76365792,114.2615814,22.68973429,0,0,0,0,0,3,0
2322,113.817215,22.77157357,113.9379107,22.76365792,0,0,0,0,0,0,0
1895,113.8845256,22.55733132,114.1155919,22.56390746,0,0,0,0,0,4,0
317,113.8886117,22.77684509,114.3066555,22.67607433,0,0,0,0,0,2,0
909,113.9062106,22.53650882,113.9181211,22.52648799,0,0,0,0,0,4,0
1689,113.9299459,22.74871131,114.296628,22.77622703,0,0,0,0,1,3,0
213,114.1270158,22.60668351,114.1185954,22.59768455,0,0,0,0,0,5,0
3591,114.2619689,22.7128935,114.2492833,22.72174575,0,0,0,0,0,0,0
720,113.9477232,22.53044909,114.0037582,22.53790479,0,0,0,0,0,1,0
2262,113.8197806,22.67144481,114.2376679,22.71326216,0,0,0,0,0,0,0
1332,113.9379276,22.50942693,113.9289069,22.52668209,0,0,0,0,0,1,0
3465,113.8016913,22.72411911,114.0719223,22.66166336,0,0,0,0,0,4,0
1344,113.8593418,22.62832393,113.890645,22.57484146,0,0,0,0,0,5,0
2163,113.8909863,22.77584712,113.8016913,22.72411911,0,0,0,0,0,6,0
3377,114.2146226,22.73517897,114.2146226,22.73517897,0,0,0,0,0,5,0
428,113.8485196,22.57678478,113.8777133,22.59947878,0,0,0,0,0,3,0
1644,113.8511874,22.57309821,114.1325554,22.54460362,0,0,0,0,0,2,0
976,114.0154736,22.65448952,114.1151491,22.69657187,0,0,0,0,1,3,0
768,113.8577667,22.58392266,113.9248696,22.49591843,0,0,0,0,0,3,0
3469,114.2307736,22.72322821,114.1366077,22.63006688,0,0,0,0,0,2,0
330,113.863216,22.57078846,113.8970428,22.57715634,0,0,0,0,0,0,0
3416,114.0651306,22.55945076,114.1239275,22.54715471,0,0,0,0,0,0,0
1760,113.993116,22.59373235,114.1466609,22.60673974,0,0,0,0,0,3,0
2401,113.9519058,22.54701975,114.2246353,22.55317367,0,0,0,0,0,3,0
1898,113.8846552,22.58885046,114.2687658,22.72622812,0,0,0,0,0,3,0
2345,114.3350117,22.70546672,114.0254433,22.61534867,0,0,0,0,1,3,0
1590,113.8826033,22.55538645,114.1080087,22.68908288,0,0,0,0,0,1,0
918,113.8443979,22.60607457,113.8600693,22.61680203,0,0,0,0,0,0,0
995,113.8678879,22.5713629,113.817215,22.77157357,0,0,0,0,0,2,0
1786,114.0493994,22.53432696,114.0504754,22.52944558,0,0,0,0,0,3,0
1952,114.0408358,22.55991118,114.0209658,22.64238649,0,0,0,0,0,0,0
1389,113.9122957,22.51269682,113.9250988,22.48714364,0,0,0,0,0,2,0
685,114.0417775,22.61856082,114.0476951,22.56807825,0,0,0,0,0,4,0
407,113.8885816,22.57839234,114.1164827,22.54454616,0,0,0,0,0,5,0
1247,114.0090737,22.63994719,114.2507405,22.71255687,0,0,0,0,0,5,0
1163,113.9237689,22.50413218,113.9192187,22.51529625,0,0,0,0,0,0,0
590,113.8746316,22.55197004,113.8985783,22.55517608,0,0,0,0,0,2,0
1025,113.8746316,22.55197004,113.9194252,22.55198723,0,0,0,0,0,3,0
2272,113.9137794,22.55581774,114.0615065,22.56363477,0,0,0,0,0,3,0
543,113.8930961,22.58007421,114.1506243,22.55492628,0,0,0,0,0,4,0
778,114.3350117,22.70546672,114.3380546,22.70875335,0,0,0,0,0,1,0
2173,113.9485403,22.54665421,114.1521987,22.61530084,0,0,0,0,0,6,0
3405,114.1227546,22.56353637,114.1101877,22.61879456,0,0,0,0,0,4,0
508,113.8289193,22.71956443,113.8289193,22.71956443,0,0,0,0,0,2,0
1964,114.0939211,22.55454265,114.091031,22.56657562,0,0,0,0,0,0,0
1770,114.041099,22.60560235,114.2164448,22.72955162,0,0,0,0,0,4,0
3506,114.0060361,22.64477552,113.8270988,22.77309735,0,0,0,0,0,2,0
509,114.1185954,22.59768455,114.0783056,22.54244888,0,0,0,0,0,4,0
1699,114.03878,22.60185337,114.1354808,22.56964572,0,0,0,0,0,2,0
1762,113.8849753,22.56657531,113.8877406,22.567384,0,0,0,0,0,0,0
1817,113.8885816,22.57839234,113.7721529,22.6885906,0,0,0,0,0,0,0
1168,113.8511874,22.57309821,114.0519279,22.62135229,0,0,0,0,0,1,0
3492,113.8894045,22.5545948,113.8930961,22.58007421,0,0,0,0,0,4,0
293,113.9243591,22.73817724,113.8722775,22.78509022,0,0,0,0,0,5,0
1010,114.03878,22.60185337,114.0524017,22.61619895,0,0,0,0,0,2,0
331,113.8846552,22.58885046,113.8930961,22.58007421,0,0,0,0,0,2,0
1879,113.9048476,22.59788812,114.0639037,22.53085766,0,0,0,0,0,0,0
1432,113.8866185,22.54924298,113.8947222,22.55628177,0,0,0,0,0,0,0
1221,113.8728022,22.55872702,114.2361822,22.71228411,0,0,0,0,0,3,0
965,113.9197434,22.52402639,113.9172828,22.49908362,0,0,0,0,0,3,0
2337,113.817215,22.77157357,114.2446094,22.74871239,0,0,0,0,1,2,0
1862,114.021228,22.53092009,114.0806025,22.53393115,0,0,0,0,0,2,0
3400,114.0884063,22.54678497,114.0424233,22.68753666,0,0,0,0,0,0,0
1028,113.880545,22.56089154,113.9703528,22.54910257,0,0,0,0,0,3,0
1615,113.8505256,22.57003332,114.1187972,22.54758788,0,0,0,0,0,2,0
2730,113.9603234,22.53010472,114.1757151,22.6364007,0,0,0,0,0,8,0
3581,113.808973,22.73600021,113.8593418,22.62832393,0,0,0,0,0,4,0
3287,113.8493022,22.59437716,113.8722775,22.78509022,0,0,0,0,0,0,0
1893,113.8865032,22.57412312,113.8579814,22.62330717,0,0,0,0,0,0,0
1516,114.0236514,22.62886945,114.1196643,22.5448738,0,0,0,0,0,5,0
1282,113.931892,22.51493316,113.8797414,22.57248396,0,0,0,0,0,2,0
404,113.8511874,22.57309821,114.0174534,22.53769325,0,0,0,0,0,3,0
924,114.0239956,22.64331109,114.2542881,22.59192917,0,0,0,0,0,5,0
2364,114.0174534,22.53769325,114.2674922,22.7252817,0,0,0,0,1,0,0
693,113.9013993,22.59757761,114.1298549,22.55264981,0,0,0,0,0,5,0
1874,113.8922297,22.54960966,113.9188922,22.57944395,0,0,0,0,0,2,0
3444,113.9049729,22.51545518,114.0304731,22.6598973,0,0,0,0,0,1,0
2579,113.8825324,22.575215,114.2341293,22.73357275,0,0,0,0,0,0,0
1502,114.007117,22.60084288,113.94828195818064,22.55095522046267,0,0,0,0,0,3,0
1495,113.8493022,22.59437716,114.2375805,22.71960573,0,0,0,0,0,1,0
1053,113.7721529,22.6885906,114.1220831,22.59238119,0,0,0,0,1,1,0
2548,113.8803002,22.56997857,113.9013736,22.55437896,0,0,0,0,0,0,0
3371,114.1172407,22.63049964,114.0173094,22.62430723,0,0,0,0,0,0,0
203,113.9299459,22.74871131,114.2925324,22.72481011,0,0,0,0,1,1,0
969,114.0232271,22.62488194,114.0245556,22.59994136,0,0,0,0,0,0,0
227,113.9517906,22.56079444,114.0264507,22.53920301,0,0,0,0,0,5,0
958,114.0789495,22.55088775,114.090952,22.53891799,0,0,0,0,0,2,0
1928,113.9299459,22.74871131,114.08516578229217,22.54443694881314,0,0,0,0,0,3,0
1798,113.8652014,22.5862659,114.0686703,22.61984124,0,0,0,0,0,3,0
2512,113.8677722,22.56190042,114.0189331,22.53066853,0,0,0,0,0,3,0
1794,113.9917714,22.53415387,113.9604081,22.59344042,0,0,0,0,0,5,0
371,113.8886117,22.77684509,114.1657279,22.56885969,0,0,0,0,0,4,0
649,114.0173094,22.62430723,114.0261157,22.63404516,0,0,0,0,0,5,0
2159,113.880545,22.56089154,114.2335782,22.55134637,0,0,0,0,0,6,0
2402,113.9485403,22.54665421,114.133031,22.58758116,0,0,0,0,0,4,0
324,113.8885816,22.57839234,113.8155475,22.72749727,0,0,0,0,0,1,0
794,114.0090737,22.63994719,113.8940988,22.77962149,0,0,0,0,0,3,0
3678,114.0521542,22.71887003,114.0424233,22.68753666,0,0,0,0,1,6,0
2405,114.0424233,22.68753666,114.0424518,22.60068335,0,0,0,0,0,1,0
1269,114.0908567,22.56083649,114.1521654,22.62244737,0,0,0,0,0,0,0
3484,114.2625363,22.74366001,114.0424233,22.68753666,0,0,0,0,0,1,0
3552,113.8764874,22.56452482,113.8722775,22.78509022,0,0,0,0,0,0,0
314,113.8579814,22.62330717,114.2044037,22.65303021,0,0,0,0,0,4,0
1230,113.8846552,22.58885046,114.0311193,22.66163265,0,0,0,0,1,4,0
270,114.0169023,22.63031988,114.1762942,22.56757336,0,0,0,0,0,4,0
816,113.8846552,22.58885046,114.1309326,22.58914446,0,0,0,0,0,5,0
728,113.927215,22.50483595,113.817215,22.77157357,0,0,0,0,1,0,0
2379,113.8826033,22.55538645,114.1042978,22.5421643,0,0,0,0,0,3,0
1487,113.8922297,22.54960966,114.2325637,22.56382751,0,0,0,0,0,1,0
1473,113.9057355,22.4787415,114.2021686,22.69935561,0,0,0,0,0,0,0
1681,113.9337326,22.76402951,114.0239956,22.64331109,0,0,0,0,1,0,0
1248,113.9040543,22.57707871,114.2376679,22.71326216,0,0,0,0,0,2,0
1945,114.0174534,22.53769325,114.0299304,22.55647756,0,0,0,0,0,0,0
1371,113.9081022,22.57355042,113.8919984,22.56474909,0,0,0,0,0,0,0
947,113.9337326,22.76402951,113.8940988,22.77962149,0,0,0,0,0,1,0
2343,114.0417775,22.61856082,113.901418,22.60045571,0,0,0,0,1,0,0
1878,113.880545,22.56089154,113.8914139,22.57915155,0,0,0,0,1,3,0
1286,113.880545,22.56089154,114.1389878,22.60814403,0,0,0,0,0,3,0
760,113.8909863,22.77584712,113.8828341,22.76829712,0,0,0,0,0,4,0
388,113.863216,22.57078846,113.871775,22.58555053,0,0,0,0,0,4,0
206,114.1376337,22.62364727,114.1335832,22.62485819,0,0,0,0,0,5,0
416,113.8865032,22.57412312,113.8885816,22.57839234,0,0,0,0,0,0,0
722,114.0239956,22.64331109,114.0311193,22.66163265,0,0,0,0,0,0,0
1064,114.1248603,22.59405869,114.1299479,22.57726751,0,0,0,0,0,5,0
7342,113.8591147,22.57989424,113.8885816,22.57839234,0,0,0,0,0,0,0
1654,113.9304681,22.48321564,113.9245373,22.49098293,0,0,0,0,0,1,0
1583,114.021228,22.53092009,114.1295402,22.57343432,0,0,0,0,1,4,0
1773,114.1077031,22.54312701,114.0844851,22.54205069,0,0,0,0,0,0,0
934,113.9256338,22.51572657,113.96131851970846,22.527054875886922,0,0,0,0,0,5,0
3443,114.1017011,22.63294473,114.131624,22.61412138,0,0,0,0,0,3,0
292,113.8772696,22.56713794,113.8803084,22.58326725,0,0,0,0,0,0,0
377,114.03878,22.60185337,114.049334,22.62386555,0,0,0,0,0,1,0
1723,113.8764874,22.56452482,113.883369,22.59400215,0,0,0,0,0,1,0
669,113.883369,22.59400215,114.2264621,22.55204742,0,0,0,0,0,5,0
1384,113.9419285,22.55326824,114.2183471,22.68698225,0,0,0,0,0,1,0
2577,113.8511874,22.57309821,114.1302009,22.54673799,0,0,0,0,0,2,0
898,113.8885349,22.5522118,113.8777133,22.59947878,0,0,0,0,0,2,0
351,113.883369,22.59400215,114.1198132,22.5804568,0,0,0,0,0,5,0
986,114.0527146,22.57151037,114.0433814,22.56069812,0,0,0,0,0,3,0
644,113.8485196,22.57678478,114.0842514,22.57459896,0,0,0,0,0,4,0
422,113.8909863,22.77584712,113.843812,22.78331101,0,0,0,0,0,5,0
1784,114.0621886,22.52909332,114.0960048,22.62649671,0,0,0,0,1,3,0
1835,114.1248603,22.59405869,114.1119225,22.54455996,0,0,0,0,0,2,0
1764,113.8772696,22.56713794,114.08516578229217,22.54443694881314,0,0,0,0,0,2,0
467,113.8885816,22.57839234,114.0229049,22.7261621,0,0,0,0,0,2,0
1765,113.8934253,22.56998563,114.2367467,22.72324864,0,0,0,0,0,0,0
185,113.8522069,22.6141377,114.2326329,22.56220142,0,0,0,0,0,1,0
804,114.0424233,22.68753666,114.0424233,22.68753666,0,0,0,0,0,3,0
3530,113.95045472423529,22.54878246673411,114.0239956,22.64331109,0,0,0,0,0,0,0
1632,114.0794825,22.560891,114.104805,22.59048458,0,0,0,0,0,0,0
2411,113.9243591,22.73817724,114.2631808,22.70374803,0,0,0,0,1,3,0
3567,114.266457,22.69397912,114.3573882,22.68876983,0,0,0,0,1,3,0
2494,113.9122957,22.51269682,113.908799,22.54103119,0,0,0,0,0,4,0
1236,113.9049729,22.51545518,113.9213038,22.5238211,0,0,0,0,0,0,0
234,113.8591147,22.57989424,114.08516578229217,22.54443694881314,0,0,0,0,0,3,0
1946,114.0250383,22.65376344,113.9243591,22.73817724,0,0,0,0,0,0,0
7600,114.0173094,22.62430723,114.0173094,22.62430723,0,0,0,0,0,0,0
1750,114.0603751,22.52907668,114.0813538,22.53581846,0,0,0,0,0,0,0
492,114.0173094,22.62430723,114.0789495,22.55088775,0,0,0,0,0,5,0
2299,113.9485403,22.54665421,114.0724755,22.5421678,0,0,0,0,0,1,0
1506,113.8511874,22.57309821,113.8522069,22.6141377,0,0,0,0,0,2,0
1433,114.03878,22.60185337,113.8885816,22.57839234,0,0,0,0,0,3,0
2216,113.9299459,22.74871131,113.9244198,22.77065499,0,0,0,0,0,6,0
1824,113.8797414,22.57248396,113.9072826,22.56269528,0,0,0,0,0,0,0
2321,113.880545,22.56089154,113.9701652,22.5470668,0,0,0,0,0,1,0
787,114.0173094,22.62430723,113.9379107,22.76365792,0,0,0,0,0,6,0
431,113.883369,22.59400215,113.9195592,22.56217377,0,0,0,0,0,1,0
1636,113.8764874,22.56452482,113.9049635,22.47629877,0,0,0,0,0,3,0
2132,113.9299459,22.74871131,113.9367698,22.75570779,0,0,0,0,0,5,0
337,113.8886117,22.77684509,114.3284852,22.67832611,0,0,0,0,1,1,0
1362,114.1248603,22.59405869,114.1379787,22.55034631,0,0,0,0,0,1,0
1294,113.8764874,22.56452482,113.8777133,22.59947878,0,0,0,0,0,1,0
263,114.0424233,22.68753666,114.0311193,22.66163265,0,0,0,0,0,4,0
1880,113.883369,22.59400215,113.9501158,22.5829379,0,0,0,0,0,1,0
690,113.8929912,22.58353792,114.0056544,22.53746564,0,0,0,0,0,1,0
219,114.2301449,22.7142685,113.8909863,22.77584712,0,0,0,0,0,5,0
579,114.1335832,22.62485819,114.1190419,22.62508865,0,0,0,0,0,2,0
192,114.0619709,22.69241265,113.9299459,22.74871131,0,0,0,0,0,0,0
1298,113.9040543,22.57707871,113.9512853,22.55026759,0,0,0,0,0,5,0
2526,114.007117,22.60084288,113.9734476,22.56619975,0,0,0,0,0,2,0
1203,113.9863711,22.5576736,113.9653754,22.56215852,0,0,0,0,0,4,0
2576,113.8909863,22.77584712,113.8289193,22.71956443,0,0,0,0,0,3,0
2009,113.8289193,22.71956443,114.090952,22.53891799,0,0,0,0,0,2,0
2010,113.9439364389699,22.527054877846666,114.0000969,22.53806975,0,0,0,0,0,0,0
1707,114.0785614,22.54044272,114.0821844,22.57725959,0,0,0,0,0,0,0
1101,113.8493022,22.59437716,114.0417775,22.61856082,0,0,0,0,0,4,0
1612,113.8826033,22.55538645,114.1261461,22.61215303,0,0,0,0,0,4,0
1804,113.9455659,22.52814162,114.00477370108459,22.553127984543412,0,0,0,0,0,2,0
835,113.9243591,22.73817724,113.9244198,22.77065499,0,0,0,0,0,1,0
1891,114.0261419,22.60543043,114.0878655,22.57238118,0,0,0,0,1,0,0
1519,113.9379107,22.76365792,113.9379107,22.76365792,0,0,0,0,0,4,0
478,113.8746316,22.55197004,114.0830801,22.63255927,0,0,0,0,0,5,0
463,113.8591147,22.57989424,113.9833984,22.68138002,0,0,0,0,0,5,0
3442,113.9348085,22.54579039,114.0154736,22.65448952,0,0,0,0,0,0,0
719,114.0130341,22.62992084,114.3284852,22.67832611,0,0,0,0,0,2,0
820,114.03878,22.60185337,114.0463786,22.62462621,0,0,0,0,0,1,0
3477,113.92003608351067,22.505327296124097,113.8579814,22.62330717,0,0,0,0,0,0,0
2472,113.817215,22.77157357,113.8282306,22.78595423,0,0,0,0,0,1,0
2391,113.9477232,22.53044909,114.2196488,22.73043499,0,0,0,0,0,1,0
495,113.8289193,22.71956443,113.8155475,22.72749727,0,0,0,0,0,5,0
1166,114.0358301,22.70436869,114.2446094,22.74871239,0,0,0,0,1,4,0
1876,113.8922297,22.54960966,114.0322396,22.55069507,0,0,0,0,0,5,0
271,113.8909863,22.77584712,114.2258562,22.75410679,0,0,0,0,0,3,0
462,114.0151204,22.63547529,113.9787226,22.59837117,0,0,0,0,1,1,0
1613,114.0629266,22.64340795,114.0294284,22.74531504,0,0,0,0,0,0,0
399,114.054181,22.59691261,114.1215024,22.62649237,0,0,0,0,0,2,0
3494,113.8826033,22.55538645,113.8288835,22.685504,0,0,0,0,0,0,0
1006,114.0173094,22.62430723,113.8940988,22.77962149,0,0,0,0,0,4,0
792,113.8579814,22.62330717,113.8579814,22.62330717,0,0,0,0,0,1,0
174,114.0060361,22.64477552,114.2088018,22.72854125,0,0,0,0,0,1,0
2335,114.03878,22.60185337,114.026974,22.52229749,0,0,0,0,0,4,0
1560,113.9083037,22.57794579,114.4039807,22.64005942,0,0,0,0,0,2,0
400,114.0173094,22.62430723,114.2158332,22.72542769,0,0,0,0,0,5,0
307,113.8997248,22.76878178,114.1080421,22.5538029,0,0,0,0,0,5,0
3483,113.9323153,22.54424896,114.0417775,22.61856082,0,0,0,0,0,0,0
1416,113.9863711,22.5576736,114.2190045,22.55934086,0,0,0,0,0,3,0
1939,113.9477232,22.53044909,114.0021078,22.55103737,0,0,0,0,0,3,0
186,113.9367698,22.75570779,114.0975795,22.54135804,0,0,0,0,1,2,0
2394,114.0562809,22.56726053,114.1239275,22.54715471,0,0,0,0,0,0,0
1501,113.8485196,22.57678478,114.1151864,22.5574876,0,0,0,0,0,5,0
2284,114.021228,22.53092009,113.8593418,22.62832393,0,0,0,0,0,5,0
276,114.0424233,22.68753666,114.1234008,22.62789153,0,0,0,0,0,1,0
811,113.8728022,22.55872702,114.2260265,22.73332349,0,0,0,0,0,3,0
957,113.880545,22.56089154,114.2403567,22.74206046,0,0,0,0,0,4,0
1462,113.9003681,22.52930743,113.9338951,22.50164756,0,0,0,0,0,5,0
249,113.8865032,22.57412312,114.070736,22.62335832,0,0,0,0,0,5,0
1492,113.8885349,22.5522118,113.9572051,22.59681871,0,0,0,0,0,3,0
242,114.3350117,22.70546672,114.3685244,22.73435966,0,0,0,0,0,2,0
1916,113.9657245,22.55509926,113.983226,22.53869913,0,0,0,0,0,1,0
836,114.1248603,22.59405869,114.1327359,22.57133974,0,0,0,0,0,5,0
2467,113.863216,22.57078846,114.1204817,22.56692611,0,0,0,0,0,4,0
1287,114.0204046,22.53807139,114.0397387,22.53194191,0,0,0,0,0,0,0
3325,113.92872712180723,22.51401832850087,113.9309062,22.52346443,0,0,0,0,0,0,0
311,113.8865032,22.57412312,113.9013839,22.5753663,0,0,0,0,0,3,0
3101,114.0858786,22.55626271,114.0829143,22.55096604,0,0,0,0,0,0,0
7574,114.3084143,22.69174742,114.3350117,22.70546672,0,0,0,0,0,7,0
2531,113.8885816,22.57839234,113.8865032,22.57412312,0,0,0,0,0,4,0
2569,113.8885816,22.57839234,113.8729908,22.56690739,0,0,0,0,0,5,0
3573,113.9439364389699,22.527054877846666,113.9313764,22.49820515,0,0,0,0,0,0,0
667,113.8678879,22.5713629,113.8678879,22.5713629,0,0,0,0,0,5,0
1500,113.8960551,22.5573764,113.8897867,22.58338662,0,0,0,0,0,0,0
222,113.883369,22.59400215,113.8897867,22.58338662,0,0,0,0,0,5,0
3402,113.9194543,22.52883008,113.9151904,22.53465889,0,0,0,0,0,5,0
235,114.1332851,22.58555106,114.1203418,22.56092471,0,0,0,0,0,0,0
7722,113.8786763,22.56727357,113.8772696,22.56713794,0,0,0,0,0,8,0
1933,113.8688348,22.55791811,113.8728022,22.55872702,0,0,0,0,0,0,0
3560,114.1178066,22.60123914,114.1335832,22.62485819,0,0,0,0,0,5,0
2580,113.9196572,22.51147003,113.9164802,22.51914492,0,0,0,0,0,1,0
7770,113.8522069,22.6141377,113.8361658,22.64005263,0,0,0,0,0,2,0
1918,113.9923464,22.54206556,113.9572051,22.59681871,0,0,0,0,0,4,0
1649,113.8846552,22.58885046,113.9037457,22.59445806,0,0,0,0,0,4,0
3578,114.1017011,22.63294473,114.0421977,22.61567768,0,0,0,0,0,1,0
7649,113.8858823,22.49565763,113.8593418,22.62832393,0,0,0,0,0,2,0
1858,113.9040543,22.57707871,113.8687641,22.56792019,0,0,0,0,0,2,0
7836,113.8130641,22.77413682,113.8016913,22.72411911,0,0,0,0,1,6,0
3544,114.0250383,22.65376344,114.0064083,22.64803167,0,0,0,0,0,1,0
3327,114.2146226,22.73517897,114.1234008,22.62789153,0,0,0,0,0,5,0
3563,114.0109379,22.56738903,114.0204046,22.53807139,0,0,0,0,0,1,0
1883,114.0884103,22.55690504,114.0882765,22.54957863,0,0,0,0,0,4,0
1557,113.9631976,22.5273602,113.96131851970846,22.527054875886922,0,0,0,0,0,2,0
3297,113.9609462,22.53262882,113.96131851583256,22.527054877846666,0,0,0,0,0,0,0
7739,114.0135686,22.65590543,114.0060361,22.64477552,0,0,0,0,0,7,0
853,113.8897867,22.58338662,113.8998904,22.580372,0,0,0,0,0,5,0
7772,114.0789495,22.55088775,114.0174534,22.53769325,0,0,0,0,0,8,0
3312,113.8894045,22.5545948,113.8866185,22.54924298,0,0,0,0,0,0,0
3425,113.8874259,22.49073209,113.9282269,22.49166111,0,0,0,0,0,2,0
3480,114.0181437,22.55644728,114.0661372,22.53257542,0,0,0,0,0,0,0
3504,114.0193574,22.63674828,114.0236514,22.62886945,0,0,0,0,0,0,0
1328,113.8840849,22.55088219,113.8845256,22.55733132,0,0,0,0,0,0,0
2244,114.0173094,22.62430723,114.0261157,22.63404516,0,0,0,0,0,0,0
3495,113.9519058,22.54701975,113.95262750920516,22.550955221397317,0,0,0,0,0,2,0
7321,113.9032597,22.77940868,114.0173094,22.62430723,0,0,0,0,1,8,0
7743,114.1017136,22.57259824,114.1220831,22.59238119,0,0,0,0,1,7,0
1173,114.0154736,22.65448952,114.0232271,22.62488194,0,0,0,0,0,1,0
429,113.9040543,22.57707871,113.892157,22.60307552,0,0,0,0,0,2,0
3460,113.880545,22.56089154,113.8624756,22.5662248,0,0,0,0,0,0,0
7559,113.8534184,22.57260798,113.8511874,22.57309821,0,0,0,0,0,4,0
1645,113.9243591,22.73817724,113.9243591,22.73817724,0,0,0,0,0,1,0
2384,114.025783,22.64965565,114.0064083,22.64803167,0,0,0,0,0,5,0
2455,113.8970428,22.57715634,113.8885816,22.57839234,0,0,0,0,0,2,0
795,114.0239956,22.64331109,114.0519623,22.62454193,0,0,0,0,0,4,0
7328,114.0394543,22.62014133,114.0265208,22.53258663,0,0,0,0,0,7,0
1138,114.0215488,22.62928066,114.065254,22.55279516,0,0,0,0,0,3,0
1573,114.0424233,22.68753666,114.0212973,22.62184475,0,0,0,0,0,1,0
3580,113.92003608351067,22.505327296124097,113.933393,22.49101418,0,0,0,0,0,0,0
7498,114.0213417,22.63478661,114.0182988,22.63196421,0,0,0,0,0,3,0
1218,113.8746316,22.55197004,113.9154325,22.50045744,0,0,0,0,0,1,0
1692,114.1094862,22.5462653,114.1122592,22.54745874,0,0,0,0,0,2,0
3393,114.1335832,22.62485819,114.1376962,22.59014356,0,0,0,0,0,5,0
1050,113.9109412,22.57815609,113.9081022,22.57355042,0,0,0,0,0,0,0
593,113.8746316,22.55197004,113.8728022,22.55872702,0,0,0,0,0,1,0
3345,114.116775,22.57874888,114.0961268,22.57251783,0,0,0,0,0,3,0
2954,114.1125384,22.59592024,114.1306867,22.60230633,0,0,0,0,0,9,0
1527,113.9383125,22.57746684,113.9599038,22.59036487,0,0,0,0,1,2,0
3423,113.935579,22.53639634,113.934132,22.50391084,0,0,0,0,0,2,0
3572,114.08516578229217,22.54443694881314,114.0755021,22.54166278,0,0,0,0,0,0,0
7820,113.9337326,22.76402951,113.9243591,22.73817724,0,0,0,0,0,1,0
885,114.0261157,22.63404516,114.0173094,22.62430723,0,0,0,0,0,1,0
1299,113.9075557,22.52137828,113.9109561,22.51688356,0,0,0,0,0,3,0
1486,113.8505256,22.57003332,113.8539062,22.57822354,0,0,0,0,0,1,0
2518,114.076109,22.53629136,114.0825265,22.54407702,0,0,0,0,0,0,0
1987,114.2172382,22.55800213,114.2262723,22.55629366,0,0,0,0,0,2,0
1735,113.8485196,22.57678478,113.8522069,22.6141377,0,0,0,0,0,5,0
3361,114.2367467,22.72324864,114.2421034,22.72895213,0,0,0,0,0,5,0
7757,114.2771994,22.76753352,114.3350117,22.70546672,0,0,0,0,1,1,0
591,113.8885816,22.57839234,113.8934253,22.56998563,0,0,0,0,0,4,0
3426,114.054181,22.59691261,114.0518669,22.60421052,0,0,0,0,0,0,0
3321,113.9299459,22.74871131,113.9396419,22.74453187,0,0,0,0,0,1,0
7843,113.8467509,22.76617068,113.8886117,22.77684509,0,0,0,0,0,2,0
1657,113.8573938,22.55802078,113.9066951,22.52846257,0,0,0,0,0,0,0
5781,113.8865032,22.57412312,113.8885816,22.57839234,0,0,0,0,0,3,0
1514,113.9653754,22.56215852,113.95045471778803,22.54878246193971,0,0,0,0,0,0,0
1335,114.0090737,22.63994719,114.0107756,22.63888777,0,0,0,0,0,3,0
1797,113.9203572,22.53052668,113.8845256,22.55733132,0,0,0,0,0,0,0
1160,113.880545,22.56089154,113.8849753,22.56657531,0,0,0,0,0,0,0
1374,113.8922297,22.54960966,113.8845256,22.55733132,0,0,0,0,0,4,0
2521,113.9263495,22.49164243,113.9307944,22.49371005,0,0,0,0,0,0,0
3593,114.1277981,22.58868764,114.1376962,22.59014356,0,0,0,0,0,3,0
3542,113.9011316,22.78291302,114.007117,22.60084288,0,0,0,0,0,2,0
1237,114.0386285,22.55495065,114.0163238,22.53727597,0,0,0,0,0,1,0
220,114.1335832,22.62485819,114.1319202,22.6117906,0,0,0,0,0,5,0
7744,114.1354574,22.69815314,114.0424233,22.68753666,0,0,0,0,1,8,0
2485,113.9194252,22.55198723,113.9137794,22.55581774,0,0,0,0,0,4,0
3360,113.8772696,22.56713794,113.9195337,22.53600685,0,0,0,0,0,0,0
3362,113.92872713322066,22.514018319711923,113.931892,22.51493316,0,0,0,0,0,0,0
7399,113.9234447,22.53452262,113.8998904,22.580372,0,0,0,0,0,6,0
3584,113.8236042,22.71840044,113.817215,22.77157357,0,0,0,0,0,0,0
3547,113.8641131,22.57823681,113.9072223,22.54231109,0,0,0,0,0,0,0
1392,113.883369,22.59400215,113.8677722,22.56190042,0,0,0,0,0,3,0
908,113.8885816,22.57839234,113.8777133,22.59947878,0,0,0,0,0,2,0
2940,113.9969301,22.643064,114.0236514,22.62886945,0,0,0,0,0,4,0
3496,113.92438161501354,22.527054875886922,113.9066951,22.52846257,0,0,0,0,0,0,0
3522,114.041099,22.60560235,114.0320802,22.60541612,0,0,0,0,0,0,0
1435,113.922354,22.52687612,113.9256338,22.51572657,0,0,0,0,0,4,0
7773,114.2658949,22.72232383,114.2116775,22.71566268,0,0,0,0,0,8,0
1466,113.9657245,22.55509926,113.9734476,22.56619975,0,0,0,0,0,2,0
665,113.9081022,22.57355042,113.9081022,22.57355042,0,0,0,0,0,5,0
285,113.9299459,22.74871131,113.9243591,22.73817724,0,0,0,0,0,2,0
2242,114.0981961,22.61381608,114.1018944,22.59273764,0,0,0,0,0,2,0
6753,113.8852549,22.56447734,113.880545,22.56089154,0,0,0,0,0,2,0
387,113.9299459,22.74871131,113.9299459,22.74871131,0,0,0,0,0,4,0
1697,113.8511874,22.57309821,113.863216,22.57078846,0,0,0,0,0,1,0
2431,113.9013839,22.5753663,113.9105138,22.58366547,0,0,0,0,0,1,0
2530,113.863216,22.57078846,113.8678879,22.5713629,0,0,0,0,0,4,0
3463,114.0151204,22.63547529,114.0239956,22.64331109,0,0,0,0,0,0,0
265,114.1220831,22.59238119,114.1211318,22.57900281,0,0,0,0,0,4,0
1126,114.0060361,22.64477552,114.0151204,22.63547529,0,0,0,0,0,2,0
2224,113.8678879,22.5713629,113.8840849,22.55088219,0,0,0,0,0,5,0
1024,114.0090737,22.63994719,114.051767,22.56786803,0,0,0,0,0,4,0
1726,113.8593418,22.62832393,113.8652014,22.5862659,0,0,0,0,0,5,0
3354,114.0884063,22.54678497,113.9321822,22.52669891,0,0,0,0,1,0,0
7549,113.8854816,22.58430443,113.8885816,22.57839234,0,0,0,0,0,7,0
7401,113.9294287,22.54876079,113.8591147,22.57989424,0,0,0,0,0,6,0
3390,114.0385725,22.54295442,114.0378911,22.55018212,0,0,0,0,0,0,0
1968,113.9201775,22.50354598,113.9254412,22.49806383,0,0,0,0,0,0,0
2457,114.0424233,22.68753666,114.0424233,22.68753666,0,0,0,0,0,2,0
3397,114.0858786,22.55626271,114.0939211,22.55454265,0,0,0,0,0,0,0
3446,113.93089988139226,22.49229074840907,113.9359371,22.4935171,0,0,0,0,0,0,0
3342,114.041099,22.60560235,114.041099,22.60560235,0,0,0,0,0,4,0
3384,113.9003681,22.52930743,113.8877196,22.49878479,0,0,0,0,1,0,0
7715,113.8987779,22.5518305,113.8746316,22.55197004,0,0,0,0,0,8,0
618,114.0060361,22.64477552,113.9947671,22.59160367,0,0,0,0,0,3,0
3559,113.9229318,22.51620911,113.9310952,22.51119943,0,0,0,0,0,0,0
7768,113.912992,22.5348174,113.8591147,22.57989424,0,0,0,0,0,7,0
3314,113.8624756,22.5662248,113.8786763,22.56727357,0,0,0,0,0,0,0
1963,113.9598081,22.53710949,113.94828195818064,22.55095522046267,0,0,0,0,0,0,0
3520,114.0145377,22.55724398,114.0320278,22.56413598,0,0,0,0,0,1,0
7282,113.9011316,22.78291302,113.8909863,22.77584712,0,0,0,0,0,4,0
7518,113.8965703,22.56705401,113.8593418,22.62832393,0,0,0,0,0,7,0
214,114.0660873,22.62543468,114.0623598,22.62679902,0,0,0,0,0,5,0
7601,113.8507985,22.7636276,113.8909863,22.77584712,0,0,0,0,0,9,0
1289,114.0725556,22.53082869,114.0480173,22.51930582,0,0,0,0,0,1,0
3340,114.201733475,22.7232949659,114.2619689,22.7128935,0,0,0,0,0,5,0
1849,113.8970428,22.57715634,113.8786763,22.56727357,0,0,0,0,0,4,0
6707,113.8929912,22.58353792,113.886871,22.57638403,0,0,0,0,0,4,0
7524,114.1203709,22.59595002,114.1335832,22.62485819,0,0,0,0,0,7,0
3436,113.993116,22.59373235,114.007117,22.60084288,0,0,0,0,0,1,0
963,113.9206165,22.51932572,113.9206165,22.51932572,0,0,0,0,0,3,0
3433,113.8493022,22.59437716,113.9131858,22.54233207,0,0,0,0,0,0,0
2567,114.0173094,22.62430723,114.037073,22.61509883,0,0,0,0,0,4,0
2460,114.0239956,22.64331109,114.0151204,22.63547529,0,0,0,0,0,5,0
6827,114.0227262,22.66113226,114.0173094,22.62430723,0,0,0,0,0,5,0
2381,113.8577667,22.58392266,113.8577667,22.58392266,0,0,0,0,0,5,0
952,113.9477232,22.53044909,113.9464051,22.5290985,0,0,0,0,0,3,0
3493,114.0173094,22.62430723,114.0182988,22.63196421,0,0,0,0,0,0,0
355,114.03878,22.60185337,114.041099,22.60560235,0,0,0,0,0,5,0
2511,113.8998904,22.580372,113.9530413,22.57404856,0,0,0,0,0,5,0
879,114.023723,22.53002473,114.0163238,22.53727597,0,0,0,0,0,2,0
646,114.1376962,22.59014356,114.1281226,22.54491842,0,0,0,0,0,3,0
1544,114.0884103,22.55690504,114.0844981,22.55396949,0,0,0,0,0,5,0
1643,113.981778,22.54629889,113.9845005,22.54563949,0,0,0,0,0,1,0
3519,113.9517906,22.56079444,113.95262750920516,22.548782462956922,0,0,0,0,0,2,0
3293,114.0358301,22.70436869,114.0521542,22.71887003,0,0,0,0,0,2,0
3419,113.883369,22.59400215,113.8846552,22.58885046,0,0,0,0,0,4,0
7300,113.9022636,22.56490518,113.8591147,22.57989424,0,0,0,0,0,8,0
2599,114.0090737,22.63994719,114.0753335,22.53109919,0,0,0,0,1,3,0
7639,114.0433814,22.56069812,114.0173094,22.62430723,0,0,0,0,0,3,0
306,114.0060361,22.64477552,114.0492158,22.62659024,0,0,0,0,0,2,0
3304,114.2579837,22.68510514,114.1306867,22.60230633,0,0,0,0,0,4,0
3365,113.9359371,22.4935171,113.9254412,22.49806383,0,0,0,0,0,0,0
2189,114.0173094,22.62430723,114.012641,22.54062423,0,0,0,0,0,6,0
1889,114.041099,22.60560235,114.03878,22.60185337,0,0,0,0,0,5,0
3394,114.0361205,22.69654898,114.0236514,22.62886945,0,0,0,0,0,0,0
3450,114.0232271,22.62488194,114.0468184,22.53617496,0,0,0,0,0,0,0
1992,113.8909863,22.77584712,113.8997248,22.76878178,0,0,0,0,0,0,0
1311,113.8841394,22.56825281,113.8865032,22.57412312,0,0,0,0,0,0,0
2024,113.924989,22.50836662,113.9268446,22.50714537,0,0,0,0,0,0,0
3527,114.1240901,22.55821852,114.1017011,22.63294473,0,0,0,0,0,2,0
7753,114.0060361,22.64477552,113.9299459,22.74871131,0,0,0,0,0,8,0
2334,113.981778,22.54629889,113.9884952,22.54482949,0,0,0,0,0,5,0
2138,113.9256338,22.51572657,113.931892,22.51493316,0,0,0,0,0,3,0
2152,114.0090737,22.63994719,114.0261419,22.60543043,0,0,0,0,0,6,0
884,113.9118059,22.53206835,113.9170568,22.53497487,0,0,0,0,0,0,0
3420,113.8971125,22.55337372,113.880545,22.56089154,0,0,0,0,1,0,0
681,113.9813212,22.55009987,114.00477370746182,22.553127979004554,0,0,0,0,0,5,0
1915,113.88068,22.54759468,113.8885349,22.5522118,0,0,0,0,0,3,0
3438,113.8922297,22.54960966,113.9091263,22.53367041,0,0,0,0,0,0,0
452,113.8998904,22.580372,113.9094662,22.56709149,0,0,0,0,0,4,0
1907,114.0192611,22.65543333,114.0182988,22.63196421,0,0,0,0,0,4,0
3548,113.9185713,22.50072078,113.9185713,22.50072078,0,0,0,0,1,0,0
1702,114.0090737,22.63994719,114.0090737,22.63994719,0,0,0,0,0,1,0
3472,114.1180708,22.5549898,114.1002178,22.54785762,0,0,0,0,0,1,0
3539,113.8897867,22.58338662,113.8971921,22.59802317,0,0,0,0,0,3,0
3368,113.92872713322066,22.514018319711923,113.9292544,22.50163957,0,0,0,0,0,0,0
1908,113.817215,22.77157357,113.817215,22.77157357,0,0,0,0,0,0,0
3358,114.2078712,22.6531411,114.2146226,22.73517897,0,0,0,0,0,0,0
1568,113.9337326,22.76402951,113.9299459,22.74871131,0,0,0,0,0,4,0
3328,114.104608,22.57488543,114.1037883,22.55407365,0,0,0,0,0,0,0
2347,113.92872712180723,22.51401832850087,113.880545,22.56089154,0,0,0,0,0,0,0
7608,114.0064083,22.64803167,114.0060361,22.64477552,0,0,0,0,0,7,0
844,113.8522069,22.6141377,113.8564484,22.62003008,0,0,0,0,0,1,0
3316,114.0421977,22.61567768,114.0044968,22.55502232,0,0,0,0,0,0,0
6749,113.8468301,22.61160865,113.8746316,22.55197004,0,0,0,0,0,8,0
3319,113.9863711,22.5576736,113.9947671,22.59160367,0,0,0,0,0,0,0
3337,113.9258192,22.51841222,113.9311877,22.50132536,0,0,0,0,0,0,0
483,113.9299459,22.74871131,113.9367698,22.75570779,0,0,0,0,0,5,0
2327,113.993116,22.59373235,113.9840701,22.59480876,0,0,0,0,0,5,0
1587,113.9091002,22.52678535,113.9091002,22.52678535,0,0,0,0,0,0,0
3375,114.012641,22.54062423,114.0191951,22.54249579,0,0,0,0,0,0,0
3526,114.0423111,22.69632602,114.0151204,22.63547529,0,0,0,0,1,5,0
806,114.0173094,22.62430723,114.0350812,22.6040573,0,0,0,0,0,2,0
7398,114.0270318,22.64049941,114.0173094,22.62430723,0,0,0,0,0,6,0
3485,113.8016913,22.72411911,113.808973,22.73600021,0,0,0,0,0,4,0
621,114.0169023,22.63031988,114.0130341,22.62992084,0,0,0,0,1,0,0
967,114.0147607,22.54623141,114.0095404,22.54330407,0,0,0,0,0,4,0
3451,114.0908567,22.56083649,114.0858786,22.55626271,0,0,0,0,0,1,0
7347,113.8154939,22.76043031,113.8579814,22.62330717,0,0,0,0,0,6,0
1554,114.0236514,22.62886945,114.0169023,22.63031988,0,0,0,0,0,0,0
1424,113.8845256,22.55733132,113.8894045,22.5545948,0,0,0,0,0,4,0
3349,114.1298848,22.68634625,114.1335832,22.62485819,0,0,0,0,0,2,0
3503,113.8289193,22.71956443,113.8289193,22.71956443,0,0,0,0,0,0,0
1755,114.0154736,22.65448952,114.029352,22.64951895,0,0,0,0,0,0,0
1139,114.0424233,22.68753666,114.0374198,22.63386006,0,0,0,0,0,5,0
1352,113.92872713322066,22.514018319711923,113.9214811,22.49313448,0,0,0,0,0,0,0
790,114.1335832,22.62485819,114.1234008,22.62789153,0,0,0,0,0,5,0
817,113.9222668,22.53854073,113.94828199271926,22.550955221397317,0,0,0,0,0,0,0
1826,113.8845256,22.55733132,113.880545,22.56089154,0,0,0,0,0,1,0
3332,113.880545,22.56089154,113.9035763,22.56325293,0,0,0,0,0,0,0
3589,113.8915523,22.56941087,113.9348085,22.54579039,0,0,0,0,0,1,0
3554,114.0090737,22.63994719,113.9970249,22.59258247,0,0,0,0,0,0,0
3373,114.0236514,22.62886945,114.0617118,22.54164569,0,0,0,0,0,0,0
3536,113.9310952,22.51119943,113.9122957,22.51269682,0,0,0,0,0,0,0
2597,113.886871,22.57638403,113.9663665,22.53298109,0,0,0,0,0,2,0
7762,113.8846557,22.56130469,113.8746316,22.55197004,0,0,0,0,0,7,0
3502,114.1282534,22.56209187,114.1167624,22.56310054,0,0,0,0,0,5,0
1548,113.8677722,22.56190042,113.8922297,22.54960966,0,0,0,0,0,0,0
1345,113.9477232,22.53044909,113.9455659,22.52814162,0,0,0,0,0,2,0
1884,114.0358617,22.54489447,114.0402733,22.54695267,0,0,0,0,0,3,0
1408,113.9031903,22.57336645,113.8825324,22.575215,0,0,0,0,0,3,0
565,113.9379107,22.76365792,113.9337326,22.76402951,0,0,0,0,0,1,0
6894,113.8282306,22.78595423,113.8236042,22.71840044,0,0,0,0,1,1,0
2502,113.9137794,22.55581774,113.9235178,22.5518927,0,0,0,0,0,1,0
3333,113.9477232,22.53044909,113.9379276,22.50942693,0,0,0,0,0,0,0
688,114.1335832,22.62485819,114.131624,22.61412138,0,0,0,0,0,2,0
3586,114.0174534,22.53769325,114.1149586,22.53830507,0,0,0,0,0,0,0
3323,113.880545,22.56089154,113.9200360968069,22.505327281462773,0,0,0,0,0,0,0
533,114.2382816,22.56736153,114.2371294,22.5886584,0,0,0,0,0,5,0
356,113.8712327,22.59794122,113.9289069,22.52668209,0,0,0,0,0,0,0
1429,113.8846552,22.58885046,113.8846552,22.58885046,0,0,0,0,0,5,0
7570,113.890645,22.57484146,113.9299459,22.74871131,0,0,0,0,0,7,0
291,114.3350117,22.70546672,114.3348848,22.68106926,0,0,0,0,0,2,0
1775,113.8772696,22.56713794,113.9062106,22.53650882,0,0,0,0,0,1,0
3455,113.7721529,22.6885906,113.9227683,22.51235825,0,0,0,0,0,0,0
1661,113.9268446,22.50714537,113.9185713,22.50072078,0,0,0,0,0,3,0
2462,113.8846552,22.58885046,113.8786763,22.56727357,0,0,0,0,0,0,0
3528,114.054181,22.59691261,114.041099,22.60560235,0,0,0,0,0,0,0
3568,113.9011316,22.78291302,113.8846552,22.58885046,0,0,0,0,0,1,0
7547,113.9108471,22.54381618,113.8591147,22.57989424,0,0,0,0,1,8,0
1736,114.0090737,22.63994719,114.0090737,22.63994719,0,0,0,0,0,5,0
2326,113.95045471778803,22.54878246193971,113.95045471778803,22.54878246193971,0,0,0,0,0,0,0
3491,114.0763185,22.56025754,114.0858786,22.55626271,0,0,0,0,0,3,0
3417,114.1017011,22.63294473,114.1248603,22.59405869,0,0,0,0,0,4,0
3318,113.916999,22.50356757,113.93307265142744,22.492290722764693,0,0,0,0,0,1,0
1359,113.9455659,22.52814162,113.9137127,22.4855817,0,0,0,0,0,0,0
7776,113.890645,22.57484146,113.8865032,22.57412312,0,0,0,0,0,3,0
348,113.9013839,22.5753663,113.9040543,22.57707871,0,0,0,0,0,1,0
3296,114.0236514,22.62886945,114.039483,22.54536204,0,0,0,0,0,0,0
7302,113.9164802,22.51914492,113.8746316,22.55197004,0,0,0,0,0,6,0
3555,114.0424233,22.68753666,114.0358301,22.70436869,0,0,0,0,0,1,0
1137,114.1230387,22.58068133,114.1284211,22.58563509,0,0,0,0,0,5,0
3512,114.00477370746182,22.553127979004554,114.0085987,22.56776331,0,0,0,0,0,0,0
1545,113.8577667,22.58392266,113.8797414,22.57248396,0,0,0,0,0,0,0
2275,113.9603234,22.53010472,113.94176371778933,22.527054879390274,0,0,0,0,0,0,0
2439,113.9081022,22.57355042,113.9042899,22.5665363,0,0,0,0,0,1,0
7363,113.874393,22.59737933,113.8678879,22.5713629,0,0,0,0,0,6,0
2140,113.9884952,22.54482949,113.9917714,22.53415387,0,0,0,0,0,3,0
901,114.0173094,22.62430723,114.0173094,22.62430723,0,0,0,0,0,3,0
362,114.03878,22.60185337,114.03878,22.60185337,0,0,0,0,0,2,0
2581,114.0232271,22.62488194,114.0410513,22.56905086,0,0,0,0,1,5,0
1980,113.922354,22.52687612,113.92438160264962,22.527054877846666,0,0,0,0,0,4,0
3577,113.92438161501354,22.527054875886922,113.8826033,22.55538645,0,0,0,0,0,0,0
1622,114.219348,22.69336585,114.2209095,22.72832054,0,0,0,0,0,0,0
699,113.880545,22.56089154,113.92872712180723,22.51401832850087,0,0,0,0,0,5,0
1577,114.025783,22.64965565,114.0135686,22.65590543,0,0,0,0,0,5,0
1121,114.025783,22.64965565,114.0624727,22.62353595,0,0,0,0,0,1,0
3418,113.9072826,22.56269528,113.8772696,22.56713794,0,0,0,0,0,1,0
1056,114.1158478,22.61100671,114.1270158,22.60668351,0,0,0,0,0,1,0
3570,113.8728022,22.55872702,113.9046918,22.5834555,0,0,0,0,0,0,0
7732,113.8474183,22.76878118,113.8289193,22.71956443,0,0,0,0,0,7,0
2220,114.028049,22.56061592,114.0322396,22.55069507,0,0,0,0,0,0,0
3449,114.0169023,22.63031988,114.0151204,22.63547529,0,0,0,0,0,0,0
7027,113.9969301,22.643064,114.0060361,22.64477552,0,0,0,0,1,1,0
1989,114.0090737,22.63994719,114.0225579,22.60437566,0,0,0,0,0,2,0
1559,113.8963327,22.58379126,113.8885816,22.57839234,0,0,0,0,0,0,0
1828,113.8947222,22.55628177,113.8949748,22.56749463,0,0,0,0,0,3,0
3385,114.0126279,22.63442864,114.0060361,22.64477552,0,0,0,0,0,0,0
7630,113.8847797,22.57238172,113.8865032,22.57412312,0,0,0,0,0,2,0
830,114.0496003,22.59798946,114.054181,22.59691261,0,0,0,0,0,2,0
3379,113.880545,22.56089154,113.8786763,22.56727357,0,0,0,0,0,0,0
7336,113.8803002,22.56997857,113.8746316,22.55197004,0,0,0,0,1,6,0
2240,113.8957434,22.53233885,113.9084027,22.53064115,0,0,0,0,0,2,0
981,113.8505256,22.57003332,113.8678879,22.5713629,0,0,0,0,0,1,0
3422,113.8826033,22.55538645,113.8998265,22.51094629,0,0,0,0,0,0,0
210,113.8885816,22.57839234,113.9040543,22.57707871,0,0,0,0,0,5,0
599,113.9256338,22.51572657,113.9337469,22.52261679,0,0,0,0,0,1,0
1595,113.9256338,22.51572657,113.92438161501354,22.527054875886922,0,0,0,0,0,1,0
3538,114.1306867,22.60230633,114.1340787,22.550601,0,0,0,0,0,5,0
7749,113.8854816,22.58430443,113.883369,22.59400215,0,0,0,0,0,7,0
3475,114.0102744,22.55383282,114.0123941,22.55631542,0,0,0,0,0,0,0
3561,114.0858786,22.55626271,114.1034408,22.56883008,0,0,0,0,0,0,0
1270,114.0236514,22.62886945,114.0224392,22.63876677,0,0,0,0,0,0,0
1315,113.9477232,22.53044909,113.94610919857449,22.527054877846666,0,0,0,0,0,1,0
1903,113.9299459,22.74871131,113.9299459,22.74871131,0,0,0,0,0,3,0
807,114.048206,22.54668049,114.0455283,22.54648056,0,0,0,0,0,0,0
1400,113.8909863,22.77584712,113.9299459,22.74871131,0,0,0,0,0,2,0
6697,113.8875092,22.5816675,113.8846552,22.58885046,0,0,0,0,0,5,0
514,114.0169023,22.63031988,114.0358301,22.70436869,0,0,0,0,0,0,0
2585,114.023723,22.53002473,114.0265208,22.53258663,0,0,0,0,0,5,0
576,113.883369,22.59400215,113.8985783,22.55517608,0,0,0,0,0,1,0
3353,114.1172407,22.63049964,114.11885,22.56581934,0,0,0,0,0,0,0
