RID,Capacity,Price,long,lat,rent
1,2,2399970.999,114.0767642,22.54745648,24802
2,58,3403946.254,113.8922297,22.54960966,34573
3,54,1462222.252,114.201737,22.70969063,16725
4,46,1693333.669,113.808973,22.73600021,17198
5,19,985043.7418,114.1369357,22.60481852,11266
6,34,1299054.816,114.3355732,22.71003255,14039
7,14,2857172.188,114.0267685,22.56030348,29527
8,0,1536532.493,114.2360187,22.58560019,15795
9,35,1771699.474,114.0252775,22.6568041,19679
10,3,4874449.952,113.9420238,22.52313946,46331
11,7,1951018.95,114.1148137,22.54773635,17597
12,22,1485237.293,114.2164448,22.72955162,16987
13,15,1606524.4,113.8417555,22.60541168,16316
14,9,1017264.799,114.2687658,22.72622812,11635
15,7,2309553.777,113.922359,22.52020784,21953
16,26,1769592.816,114.0524017,22.61619895,19656
17,8,3689072.35,113.9725439,22.55005074,35065
18,16,1110859.298,114.1368988,22.67066874,12705
19,4,3270754.511,114.0493994,22.53432696,33800
20,1,1304345.361,114.300299,22.60271959,13408
21,10,1247820.525,113.8170316,22.67345173,12674
22,1,4326689.793,113.9053774,22.48871233,41126
23,20,1373193.779,113.9032597,22.77940868,16567
24,4,1762828.276,114.1153759,22.58237572,15900
25,12,2177143.289,113.8875092,22.5816675,22113
26,33,740810.8518,114.4090079,22.63359562,8424
27,11,2966681.329,113.9282269,22.49166111,28198
28,47,1793529.133,114.0358301,22.70436869,19921
29,8,1894373.805,114.1695198,22.56610274,17086
30,10,2511720.357,113.9479352,22.56200681,23874
31,8,2165719.068,114.1354808,22.56964572,19534
32,4,4449312.989,114.0030935,22.55296292,45980
33,8,2041249.7,114.0562809,22.56726053,21094
34,5,792484.568,114.1134062,22.6121577,9064
35,41,1210161.527,114.1782169,22.65210551,13842
36,5,1855266.24,114.2325637,22.56382751,19071
37,3,555416.1534,113.9303098,22.75153761,6700
38,21,1460967.402,114.0209658,22.64238649,16228
39,19,1967791.113,114.1037883,22.55407365,17749
40,41,1288661.48,113.8652014,22.5862659,13088
41,45,1290765.314,114.2378371,22.71639645,14764
42,4,2307818.177,113.9213932,22.55326399,21936
43,4,2430956.471,113.9064691,22.57201045,24690
44,10,761011.3578,114.2874449,22.72725532,8704
45,4,2194088.696,114.0647495,22.52052762,22674
46,3,1657588.49,114.2676535,22.58962665,17039
47,8,2243422.74,114.1227205,22.55684904,20235
48,7,2109178.142,114.0433814,22.56069812,21797
49,1,2178731.418,113.9485411,22.5778338,20709
50,20,3033228.874,114.0163238,22.53727597,31347
51,12,1687769.651,114.063623,22.64649434,19305
52,10,3203276.79,113.9049729,22.51545518,30446
53,2,952822.6848,114.1258456,22.70170658,10898
54,26,1165999.126,114.3871403,22.71081409,12601
55,46,1859884.491,113.8361658,22.64005263,18889
56,2,1150515.915,113.8419877,22.76843068,11685
57,6,2330156.914,114.0403301,22.5338741,24080
58,7,1344765.65,114.2264621,22.55204742,13823
59,1,899120.9232,114.2483577,22.72462565,10284
60,10,3275113.38,113.8827845,22.49341304,31129
61,5,2826994.348,114.0517272,22.51506048,29214
62,6,2590566.363,113.9133121,22.52485428,24623
63,20,1256835.534,114.3298608,22.67928296,13583
64,16,2178084.357,114.0320802,22.60541612,24193
65,32,1399294.017,114.1376337,22.62364727,16005
66,8,1371952.79,114.2542881,22.59192917,14102
67,5,840816.1535,114.296628,22.77622703,9617
68,7,2086886.292,114.0890018,22.5398657,21566
69,9,3131464.817,113.9970249,22.59258247,29764
70,15,1882249.807,113.8829829,22.56603833,19118
71,1,1803629.442,114.1381004,22.54593566,16268
72,6,2609292.786,113.9147203,22.53618533,24802
73,2,2417889.556,114.0821844,22.57725959,21808
74,3,2068489.005,114.0661372,22.53257542,21377
75,4,850022.1697,114.2023,22.65179365,9722
76,2,1731696.651,114.1103547,22.53694276,15619
77,4,1120065.314,114.2232146,22.68026417,12811
78,41,1779728.244,113.8579814,22.62330717,18077
79,29,1653505.13,113.8282306,22.78595423,16794
80,7,1421994.227,113.9866183,22.67391637,15794
81,3,1052275.728,114.0407151,22.71409815,11688
82,81,2530785.083,113.8505256,22.57003332,25704
83,21,1508917.213,114.2302536,22.70924145,17259
84,15,1756814.773,114.0661529,22.61863264,20094
85,3,2652636.274,113.9272117,22.5017876,25212
86,3,3514281.468,113.9845005,22.54563949,33403
87,4,2067658.773,114.133031,22.58758116,18649
88,2,2904152.57,114.1034408,22.56883008,26194
89,25,1185782.82,113.8295056,22.71524041,12043
90,1,4542101.091,113.9584741,22.52832046,43171
91,5,1258155.558,114.1064578,22.63062554,14391
92,40,1329860.196,114.2258562,22.75410679,15211
93,61,4541011.579,114.0090737,22.63994719,50439
94,18,2798651.835,114.0908567,22.56083649,28922
95,10,2859788.39,114.0232271,22.62488194,31765
96,12,3289915.898,113.9131014,22.50435826,31270
97,0,1868032.171,114.0372803,22.52318621,19305
98,15,1761531.125,114.104805,22.59048458,15888
99,9,3218880.329,114.1227546,22.56353637,29034
100,4,2769550.25,113.9037457,22.59445806,28129
101,2,1966397.424,113.9572051,22.59681871,18690
102,23,2738708.027,113.8697869,22.56524438,27817
103,3,2924319.453,114.0402733,22.54695267,30220
104,3,1778394.089,114.1457116,22.55421814,16040
105,77,1510473.868,114.0424233,22.68753666,16778
106,1,1841203.256,114.257763,22.69628148,21060
107,3,2298243.125,114.076109,22.53629136,23751
108,8,1674078.856,114.062123,22.5503731,17301
109,14,2102602.05,113.8915523,22.56941087,21356
110,6,649527.4078,114.3900155,22.74441126,7020
111,3,3454161.305,114.0165299,22.55687107,35698
112,7,1127767.821,114.017922,22.73325281,12527
113,18,1330780.798,114.1234008,22.62789153,15222
114,18,1467269.65,114.0532281,22.63081847,16783
115,11,1852748.272,114.0684466,22.57172139,19148
116,1,2191899.9,114.1298549,22.55264981,19771
117,17,2694352.211,113.9620102,22.54446133,25611
118,11,1451481.9,114.1538611,22.60964201,16603
119,11,1618608.621,114.2154046,22.5589463,16639
120,5,2645812.839,114.0340147,22.57037079,27344
121,15,1764486.453,114.0830801,22.63255927,20184
122,20,1016753.353,114.121452,22.60815958,11630
123,1,638283.7953,114.2756256,22.75022902,7301
124,40,1348681.385,114.1757151,22.6364007,15427
125,1,2621863.232,113.9172828,22.49908362,24923
126,14,945335.1249,114.3084143,22.69174742,10813
127,7,3621679.386,113.9419285,22.55326824,34427
128,4,851816.7746,114.1078266,22.5959355,9744
129,2,2649209.261,114.0377195,22.55782833,27380
130,14,1150752.035,114.2403567,22.74206046,13163
131,20,2402355.699,113.979472,22.5621445,22837
132,33,1980284.375,114.058055,22.69512613,21998
133,138,1078552.986,113.8832089,22.78014068,13013
134,2,2444216.611,113.9232246,22.49075521,23235
135,17,2025088.837,113.8740527,22.59011904,20571
136,3,2056010.302,114.2172984,22.70310102,23520
137,15,1260201.339,114.1314078,22.61571589,14416
138,19,1794872.713,114.0496003,22.59798946,19939
139,13,2359676.908,113.9203572,22.53052668,22432
140,3,920601.6279,114.1052288,22.69936491,10531
141,16,1071887.162,114.1182255,22.67187027,12262
142,7,2004098.371,114.1157085,22.55960862,18079
143,9,2105431.811,114.1643086,22.56319397,18993
144,8,2373958.336,113.9192187,22.51529625,22568
145,2,2019664.184,114.1022167,22.54203109,18219
146,26,1523113.816,114.0374198,22.63386006,16921
147,9,3396422.129,114.0822683,22.55456271,35106
148,10,1448145.866,113.8257284,22.65217284,14711
149,1,886477.9942,114.1038279,22.60815141,10141
150,2,1192179.108,114.0755723,22.65681014,13638
151,11,4191288.405,113.931892,22.51493316,39845
152,10,3090844.401,113.889128,22.49985091,29384
153,15,1448413.228,114.1185954,22.59768455,16570
154,3,1292434.753,114.0211054,22.66759528,14358
155,9,1288297.132,114.2424108,22.59416598,13245
156,21,2246245.281,114.0186815,22.63417359,24955
157,11,1036188.277,114.1928299,22.64789934,11854
158,4,3264929.191,114.1237946,22.57070825,29455
159,21,1394696.808,114.1207023,22.53944976,12582
160,4,859228.186,114.2576682,22.72897917,9830
161,3,1300625.89,114.0264507,22.53920301,13444
162,16,1118810.96,114.331894,22.68824122,12094
163,54,1602688.481,113.7721529,22.6885906,16282
164,19,1631129.575,113.8347229,22.78113656,16571
165,2,2676380.638,113.9923464,22.54206556,27665
166,37,1536890.373,113.9188922,22.57944395,15613
167,6,3076073.341,113.9348085,22.54579039,29245
168,49,1517425.839,114.0154736,22.65448952,16859
169,23,1306279.676,113.9151198,22.77292533,15763
170,28,1577297.456,114.2307736,22.72322821,18046
171,3,2695718.534,113.9140583,22.49114579,25629
172,2,2781870.756,113.8984836,22.57376001,28262
173,1,1871481.051,113.9120693,22.54601377,17793
174,7,4579028.743,113.936328,22.49790164,43535
175,19,3359493.063,113.9234447,22.53452262,31941
176,31,1777492.784,114.037073,22.61509883,19749
177,2,2621863.232,113.9653754,22.56215852,24928
178,22,1758349.109,114.0960048,22.62649671,20118
179,3,2095307.908,114.0238058,22.68184804,23280
180,46,854977.5069,114.1998898,22.724382,9782
181,17,2572454.034,113.9248777,22.5101007,24458
182,1,3323488.603,113.9787226,22.59837117,31599
183,7,3226601.023,114.011517,22.53943617,33355
184,2,4012817.067,113.8852022,22.48394619,38153
185,5,1999039.482,114.1081865,22.54774988,18036
186,5,2402968.656,114.016779,22.52876707,24841
187,2,2628122.971,113.892157,22.60307552,26702
188,31,1807374.508,113.8035446,22.67359443,18363
189,1,1818663.291,114.1170722,22.6153073,20808
190,17,2809447.905,113.9072826,22.56269528,28544
191,3,2223044.599,113.9410532,22.59262983,21137
192,48,2418852.271,113.8493022,22.59437716,24576
193,32,1051204.312,114.2990902,22.72391568,12027
194,14,1668532.625,114.0825265,22.54407702,17249
195,16,2710489.594,113.9062106,22.53650882,25772
196,28,4874449.952,113.9496693,22.55122213,46348
197,26,1411460.936,114.0278292,22.66347045,15683
198,16,1064389.373,114.2599286,22.7221789,12179
199,1,1931613.193,114.0899097,22.55059307,19969
200,3,2218128.294,114.1364108,22.58071642,20014
201,1,2464496.193,114.1358098,22.561895,22237
202,39,1582748.613,113.8507985,22.7636276,16081
203,3,785580.0558,114.2631808,22.70374803,8989
204,19,2290129.474,113.8971125,22.55337372,23269
205,39,948019.6448,114.2288876,22.70270774,10847
206,2,4737817.642,113.9439369,22.52534943,45050
207,6,2522790.161,114.0927183,22.56881571,22763
208,4,1900767.319,114.1211318,22.57900281,17151
209,5,1345968.318,114.2475063,22.57044047,13841
210,8,1477923.196,113.8170674,22.69635996,15017
211,5,2873373.121,114.0018187,22.5381909,29706
212,31,1785392.752,114.0283921,22.6298931,19839
213,25,1838476.555,113.8778201,22.58583875,18680
214,54,2958150.247,113.8845256,22.55733132,30058
215,5,3194241.824,113.8951576,22.48580812,30374
216,2,1758349.109,114.0679432,22.6297239,20120
217,2,1984757.849,114.1320955,22.57547664,17909
218,1,807060.7604,114.1281667,22.69269459,9235
219,7,1243916.92,114.2771994,22.76753352,14234
220,8,682003.7782,114.310415,22.67057615,7374
221,0,2048709.99,114.2915428,22.61076659,21069
222,1,2208806.525,114.0639037,22.53085766,22836
223,38,4472694.887,113.8957434,22.53233885,42532
224,11,2109472.499,114.0509316,22.56414593,21810
225,7,1901435.354,114.0755021,22.54166278,19659
226,43,1509931.296,113.9396419,22.74453187,18225
227,3,1046417.184,114.1518706,22.62661899,11974
228,15,2906313.502,113.8452861,22.57255575,29533
229,53,1448515.786,113.9337326,22.76402951,17484
230,15,1833361.997,113.8930961,22.58007421,18630
231,4,682003.7782,114.3697374,22.74835856,7374
232,31,1437794.163,114.0634647,22.71861803,15978
233,3,617342.3765,114.3971072,22.61991195,7023
234,40,898961.3508,113.8828341,22.76829712,10851
235,19,1472962.605,114.2341293,22.73357275,16856
236,15,1928215.035,114.1219544,22.54206436,17400
237,39,1887652.347,113.8577667,22.58392266,19182
238,2,886604.9116,114.3410788,22.69204305,9587
239,2,3301332.013,113.8998265,22.51094629,31395
240,26,1488353.957,114.0166391,22.71416863,16540
241,20,3179997.325,113.9075557,22.52137828,30241
242,33,3054912.171,113.8728022,22.55872702,31044
243,4,2011989.374,114.1073572,22.57132398,18157
244,8,2683409.317,113.9574537,22.57223028,25519
245,1,1937738.199,114.2320571,22.54991148,19929
246,7,2271883.115,114.0506499,22.51219737,23491
247,8,2223807.389,114.0478585,22.52515452,22994
248,46,836335.8922,114.2021686,22.69935561,9571
249,31,2281510.737,114.0045131,22.64230583,25356
250,6,2167970.209,114.0419765,22.55608436,22417
251,18,2292267.533,113.9149808,22.52972851,21800
252,52,1173767.076,114.2579837,22.68510514,13433
253,12,2459009.622,114.021714,22.53828784,25426
254,6,2009059.619,114.1060249,22.6145958,22993
255,11,1403549.242,114.1270158,22.60668351,16063
256,1,1201814.738,114.2735858,22.73120711,13754
257,119,1059337.54,113.8936399,22.76805679,12788
258,9,1261224.23,114.2469667,22.71532731,14434
259,2,2532032.697,114.0614564,22.56609884,26182
260,2,1110963.578,114.2380233,22.56195234,11427
261,17,2820657.087,113.9254412,22.49806383,26826
262,19,1267361.574,114.1103352,22.68648221,14504
263,26,2590082.034,114.1180708,22.5549898,23376
264,64,1466530.631,113.8288835,22.685504,14904
265,17,1742866.559,113.8651559,22.57054362,17712
266,25,1693264.554,113.8988418,22.56670695,17208
267,2,1361578.502,113.8178167,22.73212112,13837
268,4,1443584.232,113.8634262,22.60339678,14671
269,14,1082218.358,114.2202649,22.67212728,12386
270,12,933490.0507,114.2494805,22.73784483,10684
271,4,2694211.854,114.0306166,22.56827822,27860
272,18,2537433.009,114.0301127,22.52337261,26239
273,3,3840475.72,113.9213225,22.54220448,36527
274,10,2376363.35,114.0574293,22.51811619,24574
275,8,2723537.364,113.9740354,22.55746462,25904
276,10,3114847.374,113.9206787,22.50698449,29626
277,1,2886958.81,114.0339235,22.5440893,29854
278,6,2584677.24,114.0636539,22.57488868,26728
279,17,1834087.711,113.7913371,22.73468193,18640
280,6,4449312.989,114.0102744,22.55383282,46011
281,2,2022524.092,114.0382302,22.57611433,20915
282,77,2096508.353,113.8522069,22.6141377,21308
283,1,1404814.586,114.1535431,22.55858495,12679
284,12,922328.9191,114.3685244,22.73435966,9975
285,12,2358815.169,114.0617118,22.54164569,24393
286,17,905258.2674,114.2138858,22.7535822,10361
287,2,3396422.129,114.0085987,22.56776331,35124
288,9,3294529.465,114.0763185,22.56025754,34070
289,1,966308.2121,114.3062945,22.60154936,9940
290,5,2082005.263,114.1281226,22.54491842,18792
291,14,1513633.855,114.0294284,22.74531504,16824
292,15,2856326.611,114.1278678,22.55997049,25781
293,56,1227574.324,114.3573882,22.68876983,13276
294,1,2165219.107,114.034427,22.52841219,22392
295,5,1410586.909,114.11241,22.54223148,12732
296,6,2953116.572,113.9750147,22.53820363,28089
297,19,2193071.66,114.1167624,22.56310054,19795
298,12,2462245.387,113.9109412,22.57815609,25027
299,12,2768635.107,113.874393,22.59737933,28141
300,81,2114939.195,113.883369,22.59400215,21497
301,23,2154033.557,114.0725556,22.53082869,22277
302,14,2812388.582,114.0225579,22.60437566,31262
303,1,1092539.325,114.1093755,22.60445194,12506
304,4,2658790.883,113.9599954,22.53801419,25291
305,10,1262247.121,114.1190419,22.62508865,14448
306,5,2170457.993,114.1635844,22.5675223,19591
307,5,1799148.505,114.1755856,22.56097261,16240
308,14,2533900.407,113.8736143,22.57363596,25756
309,35,1842272.521,114.0463786,22.62462621,20479
310,2,898503.5797,113.8331494,22.77119285,9133
311,8,3755246.701,113.9402698,22.58446982,35721
312,18,2823968.266,113.9321822,22.52669891,26863
313,16,1138784.214,114.2999413,22.76820291,13035
314,3,1877066.654,114.0988199,22.55814228,19413
315,16,2234110.93,114.0542598,22.60673817,24835
316,33,1598953.508,114.0430051,22.67646734,17774
317,24,1263679.168,114.2325281,22.72728864,14465
318,34,2409470.183,114.1248603,22.59405869,27582
319,3,1750365.537,114.0961268,22.57251783,15800
320,10,2978830.526,113.9084027,22.53064115,28337
321,51,1586313.56,114.0521542,22.71887003,17634
322,9,1483134.684,114.2122946,22.72380437,16978
323,4,1868032.171,114.0976528,22.53908736,19320
324,6,3103769.079,113.9294287,22.54876079,29525
325,39,1506721.387,113.816067,22.77399148,15316
326,0,2041880.957,114.2209081,22.5614386,21007
327,11,1165072.505,114.2484599,22.73174,13337
328,5,3660544.267,114.0864798,22.54670254,37861
329,4,2652605.683,114.0665254,22.54984625,27436
330,40,2275190.763,114.041099,22.60560235,25293
331,1,2271050.546,113.9615437,22.55189256,21604
332,8,3053916.75,113.9680421,22.58692978,29052
333,5,1594431.313,114.2296525,22.5578889,16404
334,7,1658993.265,113.9940942,22.66668585,18443
335,1,1031741.733,114.2609681,22.59084355,10615
336,8,1710612.584,113.8825324,22.575215,17389
337,6,1077103.905,114.1354574,22.69815314,12330
338,14,3031162.088,114.0204046,22.53807139,31352
339,21,525379.467,114.0380729,22.65203364,5840
340,7,2750252.819,114.0327179,22.56052807,28447
341,51,1062527.712,114.1281902,22.61384109,12164
342,10,1814211.835,114.0284261,22.61262518,20169
343,2,1535182.802,114.0436235,22.56713422,15879
344,11,2584677.24,114.03412,22.55356374,26735
345,6,1283660.678,114.1171629,22.58668779,11588
346,8,3803548.068,113.9371832,22.50632542,36185
347,21,1074967.86,114.3411705,22.68281434,11628
348,33,1425154.214,114.0423111,22.69632602,15844
349,12,2244499.148,114.0431475,22.5291419,23216
350,1,2174738.592,114.1325554,22.54460362,19633
351,8,1814286.074,113.8938829,22.55817388,18444
352,7,3807979.387,113.9464051,22.5290985,36228
353,5,2825823.212,113.9917714,22.53415387,29230
354,20,2982058.63,114.0504754,22.52944558,30846
355,40,1689539.807,114.0217343,22.65356868,18784
356,15,2450053.915,113.9174436,22.5158805,23310
357,4,3133311.2,113.9691535,22.55644475,29810
358,24,1316460.328,114.1101877,22.61879456,15072
359,12,1449700.968,113.9046918,22.5834555,14738
360,43,815920.8409,114.4135457,22.63002625,9287
361,1,1105703.929,114.1738584,22.64970683,12659
362,43,1405196.177,113.8722775,22.78509022,16969
363,10,2108442.323,113.9035763,22.56325293,21436
364,23,2688333.004,113.9767135,22.5617285,25577
365,1,853090.8418,114.1467551,22.61262755,9767
366,35,1598778.16,114.219348,22.69336585,18305
367,8,4283607.533,113.9245668,22.48259769,40756
368,19,2660530.668,114.0451706,22.51174816,27522
369,3,1892542.121,113.9236458,22.52457026,18006
370,3,932876.3162,114.1194332,22.69858259,10681
371,3,1327194.612,114.0116897,22.67376115,14756
372,12,1658775.839,113.8600693,22.61680203,16864
373,8,2395447.493,113.9523377,22.58285798,22791
374,26,1433402.708,114.248107,22.5904246,14749
375,6,1911782.714,114.2178435,22.7323655,21889
376,2,2490518.415,113.9248626,22.49505083,23696
377,15,3483429.263,113.8866185,22.54924298,35417
378,20,3489663.034,113.9137794,22.55581774,33203
379,10,2946711.605,113.8138057,22.65911917,29960
380,28,3043946.284,114.007117,22.60084288,28962
381,1,3404507.87,113.9082453,22.48228251,32393
382,66,1443017.192,113.9243591,22.73817724,17427
383,6,1768276.311,114.1139303,22.5495494,15966
384,6,1003455.774,114.2651399,22.71444255,11489
385,17,2148791.276,114.029352,22.64951895,23893
386,5,1860114.605,114.1077031,22.54312701,16795
387,16,1799776.182,114.2301449,22.7142685,20608
388,1,2339930.778,114.1572376,22.564784,21128
389,39,1632857.467,113.8270988,22.77309735,16602
390,19,1374765.098,114.1366585,22.61360187,15741
391,3,2508041.554,114.1284211,22.58563509,22646
392,33,1516793.842,114.0224392,22.63876677,16866
393,66,1629649.355,113.8886117,22.77684509,19682
394,1,2632941.527,113.979212,22.54353797,25053
395,15,1114950.86,114.2229894,22.70499103,12766
396,12,1789300.763,113.8797414,22.57248396,18193
397,11,1322597.672,114.1363146,22.61920252,15144
398,13,1190644.772,114.2618871,22.72814276,13633
399,7,1277688.146,114.0156186,22.64755367,14207
400,27,1129736.549,114.4024605,22.6380323,12860
401,4,2153270.742,114.1023868,22.54818169,19443
402,2,1474156.861,114.2247438,22.55792041,15170
403,3,2636634.292,113.9687953,22.56660558,25089
404,14,3077919.723,113.9197434,22.52402639,29288
405,17,2285793.107,113.8455531,22.62289282,23242
406,1,1006524.446,114.0565715,22.63708957,11525
407,2,1974170.363,114.0785614,22.54044272,20425
408,15,2246258.949,113.9150355,22.58923228,22841
409,4,1901701.267,114.1425122,22.54792195,17172
410,3,1230637.645,113.9412351,22.76133931,14864
411,33,2891317.464,113.9256338,22.51572657,27513
412,2,2842805.322,114.0726867,22.53441951,29412
413,54,1256866.716,114.2084736,22.70857754,14392
414,13,3599215.065,113.9122957,22.51269682,34250
415,8,2043162.582,113.8086356,22.70191858,20776
416,8,2436049.671,114.1295402,22.57343432,21998
417,16,893628.0002,114.2749632,22.69678964,10233
418,18,1012661.791,114.1029863,22.59680773,11596
419,11,4480555.006,113.9338951,22.50164756,42638
420,1,2154561.586,113.9164422,22.54071179,20503
421,10,1801310.519,114.056674,22.62875668,20628
422,4,850605.2174,114.124439,22.66141297,9740
423,18,1161369.64,114.2657518,22.75309329,13299
424,4,2505857.368,113.8355095,22.59032396,25482
425,26,1172396.971,114.3239581,22.68326099,12686
426,1,2377495.491,114.0805432,22.56153818,24599
427,105,2087171.339,113.8746316,22.55197004,21224
428,5,2756196.558,114.0939211,22.55454265,28518
429,12,1956928.194,114.1049696,22.5579356,17672
430,37,1778599.355,113.8197806,22.67144481,18087
431,11,1199850.788,114.2116775,22.71566268,13740
432,31,1863945.676,113.8268095,22.64682811,18955
433,12,1276567.591,114.0981961,22.61381608,14619
434,1,1265422.735,114.1612636,22.61026465,11427
435,4,1848440.245,114.1506243,22.55492628,16693
436,166,1559232.47,114.0173094,22.62430723,17340
437,29,1560527.929,113.8573938,22.55802078,15869
438,43,1248704.048,114.2625363,22.74366001,14300
439,5,2633216.63,114.1183749,22.57145836,23780
440,15,1696789.452,113.889344,22.56290387,17255
441,1,4571643.212,113.9701652,22.5470668,43508
442,4,1660227.268,113.8962859,22.58179492,16884
443,4,1938507.93,114.0603751,22.52907668,20058
444,1,2186996.669,114.1349006,22.56090918,19751
445,2,675107.8604,114.1655823,22.63742314,7731
446,8,2728953.42,113.908799,22.54103119,25972
447,74,1882088.537,113.8865032,22.57412312,19140
448,4,2132280.102,114.0390147,22.52935351,22064
449,2,1313197.54,113.8533064,22.75537504,13355
450,6,2819030.367,114.0190381,22.52747006,29170
451,19,1687433.149,114.0394543,22.62014133,18767
452,4,2998392.035,114.1218402,22.55305093,27080
453,7,4367798.858,114.0147607,22.54623141,45197
454,1,1920237.86,113.9195592,22.56217377,18275
455,1,3138850.348,113.9604081,22.59344042,29874
456,3,3090744.138,114.0455283,22.54648056,31983
457,10,1856612.297,114.1163164,22.55172093,16768
458,6,1300104.23,114.1122902,22.5393911,11742
459,0,1877984.158,114.2995022,22.61895767,19330
460,2,1901781.286,114.0527146,22.57151037,19680
461,0,3222825.686,114.2996634,22.58772059,33173
462,3,2295403.968,114.0605613,22.57273526,23753
463,33,1315846.593,114.1178066,22.60123914,15071
464,35,1933556.665,113.8897867,22.58338662,19665
465,4,3738924.679,113.9002739,22.48314129,35586
466,7,1431474.188,114.0159932,22.66481946,15921
467,10,2725962.93,114.1042123,22.53916777,24621
468,1,3088998.019,113.8933817,22.5087542,29401
469,46,1428927.16,114.0719223,22.66166336,16366
470,10,1727891.499,113.8213466,22.68751168,17574
471,4,2831693.712,114.1229792,22.56214812,25576
472,13,1948697.197,114.0870308,22.53805308,20166
473,5,1906812.043,114.1083642,22.57636406,17222
474,7,946347.7867,114.2446094,22.74871239,10839
475,33,1503647.188,113.9244198,22.77065499,18166
476,12,2609394.388,114.0056544,22.53746564,27004
477,10,2227983.76,114.125836,22.5670098,20123
478,2,2962366.302,113.8971921,22.59802317,30130
479,61,1481401.986,114.0239956,22.64331109,16478
480,24,1238209.189,114.1298848,22.68634625,14182
481,11,1789035.83,114.069169,22.61745259,20492
482,47,1274865.224,114.0304731,22.6598973,14180
483,21,1673449.181,114.1315695,22.60643929,19168
484,52,1831564.989,113.8236042,22.71840044,18629
485,9,1181438.756,114.1133325,22.60835034,13532
486,6,2437224.976,113.8839037,22.48167429,23199
487,23,1188789.352,113.8474183,22.76878118,12091
488,1,1137894.299,114.10663,22.6041483,13034
489,41,1405451.819,114.144408,22.61981457,16098
490,79,1352828.617,113.9011316,22.78291302,16345
491,0,1877984.158,114.2847063,22.61727035,19332
492,1,2215659.069,113.9441519,22.55910688,21090
493,10,1517969.795,114.0570783,22.61243426,17388
494,4,2635735.719,113.9202953,22.48964389,25089
495,3,4196993.044,113.9270294,22.4862799,39951
496,22,1622959.296,114.0660873,22.62543468,18590
497,1,1608122.836,114.111386,22.53035179,14526
498,33,1832918.959,114.0227262,22.66113226,20389
499,1,966631.7093,114.1014403,22.62834855,11072
500,0,1813689.417,114.0387322,22.56494399,18771
501,5,1436244.556,114.1184995,22.5441583,12973
502,3,2859788.39,114.0284364,22.59933673,31812
503,2,2201563.062,114.0494119,22.72452175,24490
504,6,1069432.224,114.2421034,22.72895213,12250
505,54,1628123.044,113.8016913,22.72411911,16561
506,12,1841932.871,114.1056055,22.55178546,16638
507,6,1026982.26,114.2361822,22.71228411,11764
508,37,1248456.631,114.3337922,22.6956631,13513
509,20,1217863.89,114.3475432,22.66921114,13182
510,10,3461044.104,113.9281487,22.51180739,32947
511,6,4874449.952,113.9137127,22.4855817,46402
512,21,2190252.226,113.9104005,22.56214157,22280
513,9,5641769.615,113.9631976,22.5273602,53707
514,3,4419402.816,113.9779929,22.5540314,42071
515,7,2200587.93,114.1099815,22.53958395,19879
516,12,1500993.906,114.0229049,22.7261621,16698
517,1,2014078.323,114.0607589,22.56084745,20846
518,21,1651864.273,113.8154939,22.76043031,16803
519,42,918292.2719,113.9969301,22.643064,10215
520,3,3945719.525,113.9313764,22.49820515,37562
521,23,3622623.843,114.0858786,22.55626271,37496
522,62,1362925.011,114.3350117,22.70546672,14753
523,45,3054912.171,113.8772696,22.56713794,31077
524,18,1029539.487,114.1312649,22.609293,11794
525,12,2898820.615,113.9201775,22.50354598,27596
526,17,1288842.279,114.266457,22.69397912,14765
527,1,1335076.01,114.2290116,22.5464949,13745
528,2,3159444.952,114.0794825,22.560891,32702
529,2,2013827.004,114.0842514,22.57459896,18193
530,19,1374594.419,114.0459686,22.60518174,15292
531,4,3809087.216,113.9267496,22.52384886,36263
532,54,2035456.186,113.8846552,22.58885046,20707
533,33,1050074.222,113.8245459,22.74361825,10682
534,1,802733.2807,113.9218421,22.59078246,7642
535,7,1503649.326,114.0519623,22.62454193,17226
536,17,1785392.752,114.0348019,22.67808826,19863
537,6,1089378.593,114.1889177,22.6498944,12480
538,15,1969796.309,113.8641131,22.57823681,20039
539,7,4208167.018,114.020688,22.5546845,43559
540,18,1232583.291,114.1222988,22.61457652,14121
541,2,1112762.126,113.8150982,22.68088519,11320
542,4,2330491.755,113.9137305,22.53941897,22187
543,1,1040885.888,114.100237,22.56271802,9403
544,12,2829086.439,114.1376962,22.59014356,25559
545,2,951288.3488,114.2819348,22.73821424,10898
546,6,2498771.061,113.9118059,22.53206835,23790
547,3,927291.333,114.304544,22.77640915,10624
548,10,2548901.812,114.1355471,22.55109677,23028
549,14,2180391.148,114.0126279,22.63442864,24259
550,12,2063471.623,114.0403327,22.59988803,22958
551,18,2210255.665,114.0706314,22.52768003,22879
552,6,2135958.302,114.0265208,22.53258663,22110
553,6,2928362.736,113.9868777,22.56314355,27881
554,15,1907084.444,114.1186598,22.53707709,17230
555,72,1658893.447,114.1335832,22.62485819,19006
556,2,3005833.584,114.0480173,22.51930582,31116
557,2,1564007.97,114.2190045,22.55934086,16104
558,3,2723930.548,114.0704913,22.54506796,28198
559,19,807889.3019,114.2839641,22.75655484,9256
560,10,3954951.438,113.9003681,22.52930743,37656
561,13,3005228.021,114.1231488,22.55384302,27152
562,7,2313468.897,114.128937,22.57881531,20902
563,71,1195247.78,114.1125384,22.59592024,13694
564,14,1184507.428,114.1521654,22.62244737,13571
565,3,2606339.661,114.1491021,22.54897152,23549
566,4,2005874.684,113.8933719,22.5757923,20408
567,26,1243835.088,114.2367467,22.72324864,14251
568,11,2164776.472,114.1183316,22.56107544,19559
569,18,1789035.83,114.1228172,22.60168925,20498
570,27,3269170.717,113.8677722,22.56190042,33262
571,7,1534333.697,114.090952,22.53891799,15884
572,7,1284179.539,114.1092472,22.58454536,11603
573,21,2284825.488,113.8979427,22.56079451,23247
574,6,2598475.719,113.9214811,22.49313448,24742
575,15,1185274.596,114.1359977,22.6101582,13581
576,4,2682573.448,114.0652697,22.54712177,27771
577,12,2584935.58,113.9530413,22.57404856,24613
578,101,1902719.561,113.8591147,22.57989424,19359
579,1,2023555.637,114.0785332,22.57760417,18284
580,2,1289007.059,113.8090237,22.67096156,13115
581,2,2081927.434,114.1701289,22.57016194,18812
582,8,3271789.892,113.9912094,22.53805411,31154
583,6,2244206.796,114.1273812,22.56908371,20278
584,31,2164591.212,114.0064083,22.64803167,24086
585,12,4166416.949,113.9657245,22.55509926,39673
586,7,3406611.396,114.0313355,22.55962384,35268
587,17,1623159.01,113.9833984,22.68138002,18062
588,17,1969796.309,113.8470556,22.6072369,20043
589,35,1550782.621,113.8259751,22.68298054,15779
590,34,1258155.558,114.2078712,22.6531411,14417
591,18,2166045.57,114.079839,22.54379355,22425
592,18,2232721.244,114.1002178,22.54785762,20175
593,2,1745628.053,114.1148965,22.58845796,15773
594,13,3605185.036,113.9382846,22.54399802,34330
595,1,993145.0361,114.1018588,22.62024685,11380
596,7,2762649.76,114.0386285,22.55495065,28602
597,9,1242812.198,114.0647897,22.62874665,14241
598,16,4326074.332,113.9359371,22.4935171,41195
599,27,1255086.886,114.1366077,22.63006688,14382
600,7,3764330.903,113.9448743,22.54952583,35846
601,4,3323488.603,113.9217899,22.54817124,31648
602,12,2479388.154,114.0370273,22.51970821,25670
603,12,3282026.23,113.88068,22.54759468,33397
604,2,3522282.459,113.927215,22.50483595,33542
605,19,1171209.849,114.1167281,22.62348769,13421
606,10,3661393.373,114.0829143,22.55096604,37909
607,2,2073469.799,113.9013736,22.55437896,21099
608,15,1854926.001,114.1017136,22.57259824,16762
609,1,1404857.349,114.218795,22.55614242,14468
610,2,1409354.278,114.0388693,22.64516673,15684
611,19,2054622.405,114.1239275,22.54715471,18567
612,62,2992086.036,113.9040543,22.57707871,30448
613,23,1009883.466,113.8619944,22.63229419,10276
614,10,2859788.39,114.0215488,22.62928066,31826
615,5,3146235.878,113.9840701,22.59480876,29962
616,70,2683415.499,113.8511874,22.57309821,27307
617,4,1196782.116,114.2570457,22.73647931,13715
618,1,1374342.952,114.2356595,22.56404745,14154
619,31,1693333.669,113.808932,22.73500402,17232
620,1,2932129.357,113.9317283,22.49017464,27923
621,1,252858.5805,114.1163171,22.68047672,2897
622,8,2116820.092,114.0549424,22.56614636,21918
623,2,2115970.987,114.0476951,22.56807825,21909
624,11,2006606.194,114.0434634,22.54686617,20777
625,27,722535.1094,113.8566761,22.60489379,7353
626,6,2602168.484,113.9141317,22.50931602,24782
627,4,1492143.776,114.2920662,22.60289052,15368
628,16,1969643.157,114.1078769,22.53687969,17800
629,15,2831698.455,113.9195337,22.53600685,26968
630,8,2188110.993,114.0787702,22.53211585,22657
631,4,2499263.43,113.9211362,22.49684441,23802
632,8,5414364.652,113.8885349,22.5522118,55101
633,17,2789514.768,113.922905,22.52892951,26567
634,7,1598778.16,114.2180284,22.69007596,18323
635,9,1730385.985,114.2487939,22.59399093,17823
636,3,2560902.285,114.0611423,22.53592798,26518
637,24,1101653.281,114.1836859,22.65137456,12626
638,17,2591837.249,113.8852549,22.56447734,26377
639,1,3033004.961,114.0957448,22.54442098,31407
640,7,2699411.299,113.983226,22.53869913,25709
641,6,3574596.631,113.9080407,22.49400061,34045
642,18,3188446.283,114.1218045,22.57112173,28816
643,48,1156889.379,114.1017011,22.63294473,13259
644,24,1364007.556,114.3392882,22.71090932,14771
645,16,1109836.407,114.2209095,22.72832054,12720
646,11,1937251.854,114.1673218,22.56516296,17508
647,20,981897.7847,114.2025724,22.7228733,11253
648,1,908480.3731,114.2256146,22.69747644,10412
649,24,1824892.591,114.0213417,22.63478661,20311
650,40,1127835.874,114.2376679,22.71326216,12926
651,2,1461796.209,113.8036736,22.73717885,14877
652,2,1624171.753,114.2270139,22.54952917,16730
653,3,3455126.106,113.9206972,22.53856602,32908
654,0,1298488.832,114.2278932,22.55791128,13375
655,20,1892102.35,114.1351301,22.58489774,17101
656,4,3137394.479,114.2335964,22.55546638,32317
657,12,1613850.66,113.8847797,22.57238172,16425
658,7,774839.7035,114.2933476,22.77126038,8881
659,5,3046180.521,114.1204817,22.56692611,27532
660,9,2884049.555,113.9018206,22.51295607,27470
661,1,3988186.324,113.9114706,22.49992937,37986
662,9,1263096.12,114.1018944,22.59273764,14477
663,52,3054912.171,113.880545,22.56089154,31093
664,7,3312410.308,113.9598081,22.53710949,31550
665,9,1715873.034,114.0352336,22.63158047,19099
666,5,2136349.519,114.0648044,22.52783797,22124
667,16,3545054.51,113.935579,22.53639634,33766
668,15,2166917.318,114.0524428,22.53036901,22441
669,4,2252586.72,113.9271505,22.55198567,21456
670,10,1402383.146,114.238708,22.70154264,16074
671,55,1035891.638,114.2215604,22.73269285,11873
672,4,3968719.258,114.006985,22.55115679,41101
673,19,1926269.308,114.116775,22.57874888,17411
674,33,2981346.23,113.9013839,22.5753663,30345
675,27,3054912.171,113.8730238,22.56231772,31094
676,10,3559825.571,113.890255,22.50393848,33908
677,1,1945726.574,114.0878655,22.57238118,17587
678,23,1658775.839,113.85475,22.61522675,16884
679,8,2211070.806,114.0408358,22.55991118,22899
680,11,1292053.101,114.2556224,22.59162635,13310
681,6,1012661.791,114.1974524,22.65186566,11607
682,1,2335105.376,114.1394023,22.55853072,21107
683,43,2773265.857,113.8485196,22.57678478,28228
684,29,1337388.021,113.843812,22.78331101,13613
685,6,9140147.574,113.9358056,22.51703336,87066
686,6,1476778.451,114.2303179,22.55400112,15213
687,7,3897960.464,114.0077078,22.54389028,40370
688,12,3079033.536,113.8960955,22.57055087,31341
689,18,4169108.164,114.0884103,22.55690504,43179
690,15,2323197.529,114.1230387,22.58068133,21000
691,56,1978151.969,114.0518669,22.60421052,22020
692,47,1318978.645,114.0211442,22.65440316,14682
693,6,2291976.215,113.9126887,22.51986992,21833
694,6,1448259.794,114.116512,22.70440433,16601
695,1,3692765.115,113.9663665,22.53298109,35177
696,9,2534815.184,113.9194543,22.52883008,24146
697,17,3402267.593,113.9261702,22.51602169,32410
698,1,1303080.918,114.1951627,22.63917509,14937
699,1,1033866.315,114.1155868,22.62877384,11851
700,17,1875135.614,114.1277981,22.58868764,16950
701,6,2031060.433,114.028049,22.56061592,21036
702,8,2678485.63,113.9091002,22.52678535,25516
703,1,1698211.065,114.0620979,22.52117971,17589
704,1,2215659.069,113.924925,22.56193358,21107
705,52,2203885.067,114.025783,22.64965565,24534
706,8,3484123.886,113.9305493,22.50677465,33191
707,49,1509931.296,113.9367698,22.75570779,18257
708,16,1690866.66,114.1145233,22.54489976,15285
709,64,1457752.942,113.8593418,22.62832393,14839
710,8,1758751.66,114.0548687,22.57485599,18216
711,15,2548035.283,113.9206165,22.51932572,24274
712,3,1111216.278,114.4022505,22.6204849,12664
713,33,1678301.013,113.8777133,22.59947878,17085
714,43,2663923.826,113.9383125,22.57746684,25378
715,4,2531466.627,114.0532998,22.51270835,26220
716,2,925204.636,114.2653662,22.72497823,10606
717,10,1994369.738,114.104608,22.57488543,18029
718,2,4815365.71,113.9455659,22.52814162,45875
719,22,1387039.786,114.2200589,22.67903175,15901
720,8,2942422.383,114.0358617,22.54489447,30478
721,4,3973813.891,114.0124577,22.54778547,41161
722,4,2354329.155,114.1369298,22.56452266,21284
723,3,919987.8935,114.2619689,22.7128935,10547
724,6,2000136.295,114.13128,22.57143687,18082
725,21,1573420.812,114.0313345,22.66527926,17517
726,21,2221470.981,114.0076839,22.63159925,24732
727,11,1635602.226,114.0504346,22.62711762,18751
728,4,2048447.966,114.1080421,22.5538029,18519
729,33,3024513.906,114.0966175,22.55546143,31329
730,22,1264149.698,114.1494133,22.61039668,14493
731,8,1658775.839,113.8307127,22.63797102,16887
732,12,2389382.968,114.0370696,22.52502988,24750
733,5,1829380.887,114.0455057,22.53981904,18950
734,56,1749213.681,113.8998904,22.580372,17808
735,7,2565105.043,114.0902703,22.54713783,26571
736,8,3327214.368,114.0882765,22.54957863,34466
737,35,2281510.737,114.054181,22.59691261,25402
738,9,2947236.497,114.047965,22.51203568,30530
739,29,2343850.261,113.9022636,22.56490518,23862
740,3,2194088.696,114.0603467,22.52706101,22728
741,12,1086309.921,114.1727868,22.6443289,12454
742,2,1786506.719,114.0538106,22.56289837,18506
743,21,1519953.829,114.0619709,22.69241265,16923
744,3,1484870.856,114.29936,22.59829562,15300
745,4,3912484.639,113.8874259,22.49073209,37277
746,14,2332070.532,114.0153588,22.62734916,25965
747,16,1929167.769,114.0634086,22.53870217,19984
748,1,2389352.233,114.1159011,22.55616588,21603
749,25,4107055.531,114.023723,22.53002473,42546
750,7,3778587.547,114.0651306,22.55945076,39143
751,5,1901147.287,114.0432457,22.55153549,19694
752,5,2513878.734,114.1312415,22.58391307,22729
753,17,1783184.027,113.8901157,22.57198593,18155
754,5,2761291.191,114.0378911,22.55018212,28605
755,9,2600629.832,113.9156862,22.52466374,24779
756,35,1651979.466,113.8771498,22.58317542,16819
757,3,1006620.864,113.8877436,22.78404007,12174
758,5,1772752.803,114.0001173,22.64777277,19739
759,16,1371696.426,114.159033,22.61719484,15728
760,7,1454755.526,114.0724755,22.5421678,15070
761,23,2044501.378,113.8960551,22.5573764,20816
762,18,2294283.148,114.0813538,22.53581846,23768
763,81,1254103.65,113.8614431,22.58873239,12769
764,1,1910419.519,114.0941849,22.56324387,19791
765,2,3120572.048,113.901418,22.60045571,31773
766,12,1753792.88,114.0262448,22.63187249,19528
767,19,2362877.512,114.0523451,22.63970515,27093
768,7,3087151.636,113.9258192,22.51841222,29416
769,1,4571643.212,113.9686058,22.54653142,43561
770,14,2764626.399,113.8539062,22.57822354,28149
771,1,2939495.612,114.1271144,22.55046582,26579
772,20,1353284.393,114.2304546,22.72647858,15517
773,1,1946149.88,114.0655351,22.56773596,20162
774,11,1507363.668,114.2246353,22.55317367,15533
775,6,1566621.626,113.8714447,22.57808297,15951
776,6,2307302.767,114.0985441,22.56529973,23904
777,3,2194066.053,114.0870811,22.54214058,22731
778,23,1636873.355,114.0361205,22.69654898,18227
779,8,1600270.137,114.2371294,22.5886584,16491
780,3,1848440.245,114.1455916,22.55024329,16714
781,9,1810516.535,114.0607093,22.61590083,20761
782,8,2136349.519,114.0560703,22.51722626,22133
783,10,1537333.759,114.0135686,22.65590543,17119
784,3,1231243.304,114.2679761,22.715247,14118
785,24,1319529,114.1151491,22.69657187,15131
786,16,5591954.214,113.9485403,22.54665421,53287
787,2,1037211.167,114.2351148,22.69717051,11894
788,25,1730483.337,113.8803002,22.56997857,17621
789,8,2850814.669,113.9237689,22.50413218,27166
790,35,1272056.643,114.2096575,22.69814443,14587
791,1,1634410.322,114.1116159,22.56249105,14779
792,4,2199968.18,114.1318523,22.55347583,19894
793,4,2561432.291,114.1028875,22.54545111,23163
794,15,1310322.984,114.1072085,22.62652505,15026
795,8,2913591.676,113.9172178,22.48916648,27765
796,7,3430386.351,114.0145377,22.55724398,35542
797,2,1012661.791,114.1775677,22.64341776,11613
798,12,2899374.53,113.9227683,22.51235825,27630
799,7,1623327.537,114.0729145,22.65192979,18616
800,1,1263371.161,114.2713839,22.59147039,13020
801,7,2020900.801,114.1087436,22.54383051,18275
802,2,948812.9533,114.1060677,22.6003475,10881
803,17,1834536.963,113.8464461,22.59849596,18681
804,6,1456612.534,113.8877406,22.567384,14833
805,4,4991721.603,114.0021078,22.55103737,51721
806,1,703323.7321,114.1114102,22.60452048,8065
807,5,2096896.557,114.1071909,22.56922166,18963
808,5,1769592.816,114.0369263,22.60625676,19707
809,2,1163446.943,113.8201561,22.67580759,11848
810,11,1862060.331,114.1248286,22.57658164,16839
811,1,862296.8581,114.2918596,22.7332325,9889
812,49,1520527.022,114.1220831,22.59238119,17438
813,10,1159958.051,114.2333796,22.74669721,13302
814,2,939013.6604,114.1466609,22.60673974,10769
815,4,1368490.068,113.8821573,22.57955862,13936
816,6,2099656.839,114.0592883,22.57054481,21756
817,19,1345735.46,114.2158332,22.72542769,15433
818,19,1897796.843,114.103947,22.55162521,17163
819,12,2719685.02,114.0348884,22.5543998,28181
820,1,619811.5289,114.364301,22.74693896,6716
821,2,1461796.209,113.8684735,22.58431758,14887
822,2,1752220.212,113.8914139,22.57915155,17844
823,7,3287736.621,114.0109379,22.56738903,34068
824,16,1012661.791,114.2590034,22.71962253,11614
825,0,2198334.223,114.0411463,22.51529969,22779
826,2,1587879.235,114.2228789,22.55547241,16366
827,33,1509931.296,113.9395252,22.74660296,18266
828,16,1309188.985,113.8997248,22.76878178,15837
829,1,2309150.308,113.9245373,22.49098293,22008
830,3,2558232.652,114.1184496,22.55142453,23137
831,3,2067948.464,113.9151904,22.53465889,19709
832,4,2107455.367,114.1302009,22.54673799,19060
833,4,3570903.866,113.9081997,22.52314579,34034
834,10,1567317.522,114.2326329,22.56220142,16155
835,22,1261224.23,114.1357676,22.61672765,14465
836,1,1825091.526,114.1099183,22.57313432,16506
837,19,2337362.419,114.1187027,22.57398636,21140
838,4,5313039.664,113.9496673,22.55344059,50639
839,2,1470313.633,114.2306448,22.56149473,15155
840,3,1043348.512,114.1403311,22.69914974,11966
841,17,1706393.072,114.0282813,22.62809825,19006
842,21,968166.0453,114.2485412,22.73406649,11104
843,4,2455506.936,114.1736769,22.5659405,22209
844,3,1939357.036,114.0410513,22.56905086,20097
845,4,2043564.913,114.1392355,22.57976,18483
846,5,2185050.943,114.1351283,22.55780185,19763
847,20,1151774.926,114.2348507,22.72008652,13210
848,7,2180503.007,114.0320278,22.56413598,22596
849,0,2048709.99,114.3027776,22.61132674,21118
850,4,2912779.267,113.9556978,22.59273165,27763
851,4,1294979.623,114.1055723,22.62082856,14853
852,17,998906.1839,114.2466808,22.72743507,11457
853,11,2914809.471,114.0471928,22.53013391,30207
854,9,1641609.511,114.1164827,22.54454616,14848
855,5,1945471.447,114.2390716,22.55917562,20054
856,11,2519462.855,113.9218497,22.53599972,24014
857,8,1562013.915,113.8713719,22.59216138,15909
858,3,2658790.883,113.9289069,22.52668209,25343
859,23,1875452.386,114.0193574,22.63674828,20890
860,3,1641978.478,114.1199951,22.58974927,14852
861,14,2344900.08,114.0421977,22.61567768,26119
862,15,1314925.992,114.1261461,22.61215303,15082
863,22,2942875.24,114.0263723,22.55599854,30499
864,3,3205320.12,113.8800022,22.49385842,30553
865,43,1543542.063,114.1306867,22.60230633,17705
866,1,2403800.151,114.0753335,22.53109919,24912
867,15,2232435.817,113.9080582,22.5696617,22739
868,33,2104543.688,113.8929912,22.58353792,21436
869,7,4024338.495,113.9884952,22.54482949,38360
870,7,2050795.809,114.0909507,22.57035482,18550
871,3,1762049.985,114.1203418,22.56092471,15938
872,13,1035883.683,114.131624,22.61412138,11882
873,7,2314095.611,114.0392505,22.52462702,23983
874,1,1809344.113,114.1349087,22.54322937,16366
875,4,2414965.808,113.9210812,22.49246719,23020
876,3,1575396.44,114.0352502,22.52975706,16327
877,149,1679164.959,113.8289193,22.71956443,17104
878,26,1687433.149,114.0527125,22.69690619,18797
879,13,2573262.309,114.1322741,22.57814231,23277
880,13,1406474.709,114.2289084,22.72308742,16134
881,4,3446273.044,113.9512853,22.55026759,32852
882,13,4693504.461,113.9400233,22.52891281,44741
883,8,3033741.943,113.906304,22.51810499,28919
884,2,2040298.702,114.0382715,22.5323228,21146
885,6,1310322.984,114.1317115,22.59419436,15031
886,31,2750803.267,113.8846557,22.56130469,28021
887,2,2658790.883,113.9696668,22.55952746,25345
888,3,2107221.88,114.131942,22.56673905,19062
889,5,2626566.447,114.0654682,22.57372215,27223
890,37,3483429.263,113.8840849,22.55088219,35484
891,13,2385420.475,114.0277042,22.535769,24724
892,2,1634410.322,114.1014352,22.58777566,14785
893,3,2812388.582,114.0245556,22.59994136,31331
894,14,3688149.159,113.9311877,22.50132536,35159
895,9,3735795.022,114.0766158,22.57425922,33795
896,10,1590662.357,113.8517805,22.77494241,16203
897,3,2861006.7,113.9109561,22.51688356,27274
898,4,1790068.448,114.1149941,22.57806977,16193
899,10,3672971.894,113.916999,22.50356757,35015
900,12,1729043.427,113.8965703,22.56705401,17613
901,8,2188427.992,114.0664781,22.51986198,22683
902,15,1376645.715,113.8128267,22.73422663,14024
903,58,2439782.797,113.8678879,22.5713629,24854
904,4,2139745.941,114.0737102,22.53895916,22179
905,6,2523405.588,114.1142512,22.55208526,22828
906,1,1444235.007,114.1047815,22.57994785,13065
907,17,1507313.88,114.0363037,22.71443239,16792
908,3,1288381.978,114.0627692,22.6325557,14781
909,10,1059575.588,114.4162602,22.63603056,12085
910,3,1086309.921,114.2226018,22.72278625,12462
911,11,1403095.946,114.0575448,22.53709734,14543
912,1,639265.7704,114.0493693,22.63206898,7334
913,9,2771480.458,114.0417678,22.57489347,28728
914,10,2268809.982,114.0652493,22.53848359,23517
915,6,3677994.054,113.9477565,22.5528883,35065
916,5,1579993.585,114.0398734,22.6096886,17603
917,12,2683128.197,114.081089,22.54846213,27812
918,6,1072500.896,114.1158478,22.61100671,12304
919,10,3138850.348,113.9213038,22.5238211,29925
920,9,3063046.086,113.9216868,22.50154896,29203
921,19,3072380.576,113.9144555,22.49428932,29292
922,29,1641275.708,114.0174534,22.53769325,17013
923,2,3286560.952,113.9323153,22.54424896,31334
924,10,2335631.897,113.9042899,22.5665363,23795
925,9,1677580.945,114.0637197,22.53426758,17389
926,1,553772.5659,114.1474494,22.62468159,6353
927,3,2515050.587,114.0562232,22.51990442,26071
928,8,3158412.872,113.8919984,22.56474909,32178
929,6,2215208.099,113.8459078,22.57715944,22568
930,4,2331797.641,114.1030108,22.55214425,21097
931,17,2425130.277,113.8468301,22.61160865,24707
932,3,2756445.98,114.1282534,22.56209187,24939
933,12,3415807.731,113.9307944,22.49371005,32568
934,3,1801742.808,114.1169456,22.5846696,16301
935,3,1995405.499,114.0261419,22.60543043,22233
936,20,1601846.832,114.2221366,22.6951384,18379
937,13,2020637.047,114.1094862,22.5462653,18282
938,10,1405451.819,114.0656992,22.6152615,16125
939,9,2730184.342,113.9779811,22.5638064,26031
940,20,3353030.724,113.9863711,22.5576736,31970
941,3,1135408.674,114.1232604,22.60964239,13027
942,11,991181.086,114.2925324,22.72481011,11372
943,2,1092645.328,114.3096022,22.60178033,11267
944,2,3542592.667,113.9222668,22.53854073,33778
945,9,2743474.469,114.1258379,22.55414779,24823
946,2,2927193.361,113.9250988,22.48714364,27910
947,6,1623327.537,114.070736,22.62335832,18626
948,6,1878221.438,114.0593745,22.57563188,19471
949,2,2247820.082,114.1196643,22.5448738,20338
950,21,2332070.532,114.0130341,22.62992084,25985
951,19,3637373.638,113.993116,22.59373235,34682
952,3,1808293.873,114.2472287,22.60039407,18647
953,17,1067897.888,114.1086432,22.61121413,12253
954,26,1170698.403,114.135555,22.60315924,13433
955,1,2067948.464,113.9182477,22.54568435,19718
956,11,1266486.435,114.1215024,22.62649237,14532
957,1,2215659.069,113.9081266,22.55604156,21127
958,3,3554286.423,113.96299,22.55379971,33891
959,8,2466711.021,113.9125316,22.53090269,23521
960,17,2755211.596,114.0345766,22.5654001,28564
961,7,2377495.491,114.0569722,22.51413081,24648
962,5,1905255.461,114.1647447,22.56349577,17240
963,31,1166095.395,114.2375488,22.729688,13380
964,1,2289514.371,113.9501158,22.5829379,21831
965,8,2043012.903,114.1354799,22.57894241,18486
966,6,1552689.806,114.1616938,22.56889199,14050
967,27,1797007.159,113.811802,22.66183387,18310
968,4,2156728.052,114.0464771,22.56584568,22360
969,1,975837.7255,114.1870302,22.65538061,11197
970,8,1370432.877,114.1133745,22.53726168,12400
971,10,2235891.6,113.8712327,22.59794122,22783
972,2,2675408.326,113.9194252,22.55198723,25512
973,21,1055623.2,114.1056468,22.59296702,12113
974,1,994249.7581,114.1249922,22.69986308,11409
975,2,1524152.483,114.0986663,22.57202525,13792
976,1,4571643.212,113.9703528,22.54910257,43595
977,7,2574487.974,114.0805965,22.54176072,26692
978,5,892983.579,114.1965306,22.64381334,10247
979,19,1795173.174,114.2269027,22.71353655,20600
980,1,3754311.2,113.9092736,22.48390027,35801
981,11,2721422.902,114.103918,22.53741437,24627
982,3,1288410.949,114.251157,22.59278629,13287
983,15,1141546.019,114.1762171,22.64703616,13100
984,6,1313197.54,113.8143158,22.67555369,13381
985,68,2712848.986,114.03878,22.60185337,30232
986,7,2040626.145,114.1255815,22.54376704,18466
987,18,1060226.208,114.2709962,22.72776478,12167
988,8,1624768.166,114.1182233,22.54045076,14703
989,1,1196321.815,114.2702516,22.69388022,13728
990,6,965434.9272,114.1021445,22.61419985,11079
991,36,1386755.65,114.2330761,22.71232915,15914
992,0,1027769.512,114.2642481,22.59164177,10600
993,8,2772528.048,113.9126704,22.50856739,26440
994,77,2126671.366,114.0060361,22.64477552,23700
995,3,2520145.22,114.0360085,22.57224267,26130
996,6,2506156.591,113.912992,22.5348174,23900
997,11,933336.6171,114.2674922,22.7252817,10711
998,24,2206176.643,114.0250383,22.65376344,24587
999,59,1361556.544,113.9379107,22.76365792,16481
1000,3,494577.8812,114.2766921,22.74216487,5676
1001,4,1629464.881,114.0596743,22.62833521,18700
1002,2,1564193.65,114.040472,22.62411838,17432
1003,1,1071733.728,114.1551732,22.61770613,12299
1004,7,2813887.018,113.9229318,22.51620911,26836
1005,13,795146.3569,114.2988156,22.77291042,9125
1006,2,1844548.792,114.1103715,22.57717689,16693
1007,16,3164656.573,114.0884063,22.54678497,32815
1008,9,1794872.713,114.0039703,22.63806732,20004
1009,50,2062238.505,113.8885816,22.57839234,21016
1010,6,3214552.033,113.899782,22.51468963,30657
1011,33,1373193.779,113.8940988,22.77962149,16623
1012,19,1765905.112,113.8880662,22.59094183,17996
1013,7,1270260.901,114.2454337,22.7144816,14578
1014,8,2072822.914,113.9108471,22.54381618,19769
1015,0,4449312.989,113.9956005,22.54075644,46137
1016,35,2350950.87,114.0151204,22.63547529,26202
1017,24,1388013.832,114.0311193,22.66163265,15470
1018,1,2962483.886,113.9049635,22.47629877,28254
1019,11,1607676.039,114.1379787,22.55034631,14550
1020,1,1044882.848,114.1076893,22.61655363,11992
1021,24,958192.861,114.2751117,22.74890723,10997
1022,23,3430866.803,113.9031903,22.57336645,34966
1023,1,2360814.91,114.1719252,22.56852138,21367
1024,3,1790068.448,114.1240901,22.55821852,16201
1025,24,1299765.923,114.0143073,22.64591725,14487
1026,1,1492143.776,114.2976673,22.60643053,15391
1027,16,1587868.463,114.0545182,22.63553639,18224
1028,3,1999360.493,114.078063,22.53733783,20733
1029,14,1703113.012,114.0972235,22.62774315,19547
1030,4,373119.8398,114.1704436,22.64268317,4282
1031,17,1247415.206,114.2429635,22.74200624,14317
1032,0,2095592.454,114.0537992,22.56772541,21731
1033,19,1138491.64,114.3066555,22.67607433,12347
1034,6,2108027.629,113.9097873,22.57514024,21485
1035,5,1597839.507,114.2262723,22.55629366,16482
1036,10,1601846.832,114.2159068,22.69932397,18386
1037,15,1077103.905,114.2316134,22.71839642,12363
1038,5,2414646.678,114.1197653,22.55462931,21855
1039,12,1778693.579,114.0254433,22.61534867,19826
1040,14,963563.0372,114.2636679,22.73255078,11059
1041,18,1420795.179,114.1064566,22.63242428,16308
1042,9,2645812.839,114.0285468,22.56929008,27438
1043,40,1083241.249,114.2615814,22.68973429,12433
1044,3,476973.8309,114.2502282,22.57149983,4920
1045,6,1934262.403,114.0975795,22.54135804,20059
1046,4,2019739.026,114.0339166,22.527063,20946
1047,1,2600844.21,114.0669861,22.54682441,26972
1048,31,1937072.136,114.0367893,22.61215185,21592
1049,14,2425959.665,113.8482746,22.57086139,24727
1050,3,2066361.622,114.0922467,22.57254736,18703
1051,11,2216446.859,113.9164802,22.51914492,21142
1052,27,2557279.419,113.8534184,22.57260798,26066
1053,42,2306790.635,114.0182988,22.63196421,25713
1054,4,1688890.666,114.1142869,22.59094825,15287
1055,15,2724193.738,113.8985783,22.55517608,27767
1056,7,2042947.911,114.0389248,22.54995203,21187
1057,1,920601.6279,114.1329378,22.60950451,10567
1058,4,2163960.357,113.924989,22.50836662,20641
1059,13,4323215.157,114.0123941,22.55631542,44837
1060,9,2178804.796,114.0427627,22.53393209,22597
1061,10,2223524.354,114.0759329,22.53834309,23060
1062,19,1124668.322,114.2294995,22.75382809,12910
1063,6,4449312.989,114.0322396,22.55069507,46145
1064,12,1960111.979,114.1198132,22.5804568,17743
1065,1,2000906.757,114.2586577,22.59326556,20642
1066,12,2508618.435,113.9225972,22.50748663,23930
1067,16,1308234.689,114.024742,22.65777296,14583
1068,23,1678577.476,113.8357379,22.64104742,17110
1069,4,1876523.226,114.0935406,22.53768023,19462
1070,48,2578014.117,113.863216,22.57078846,26279
1071,9,2713741.281,114.0037582,22.53790479,28146
1072,7,1421994.227,114.0378593,22.62944098,15852
1073,2,2329945.581,114.0452549,22.52080883,24165
1074,12,1891246.23,114.1332911,22.5477813,17120
1075,8,932071.8302,114.3345937,22.68546468,10110
1076,6,2772069.872,113.9235876,22.4942459,26444
1077,10,2246258.949,113.9105138,22.58366547,22897
1078,18,1230537.509,114.2421145,22.73886973,14126
1079,10,2859788.39,114.0212973,22.62184475,31881
1080,1,2214467.228,114.0843588,22.56470925,22968
1081,4,2663236.484,114.0759798,22.55625124,27623
1082,6,3396422.129,114.0844981,22.55396949,35228
1083,6,1432165.095,113.9109423,22.55746874,13662
1084,3,3226601.023,113.9895344,22.53161406,33467
1085,6,3206222.49,114.0844342,22.54751853,33255
1086,11,1466825.26,114.1521987,22.61530084,16839
1087,7,1565022.767,114.0629266,22.64340795,17966
1088,15,1288842.279,114.2642784,22.69275403,14796
1089,1,1143863.078,114.3030508,22.59987324,11801
1090,1,1900974.863,114.1214859,22.54613392,17209
1091,1,1689273.3,114.1191832,22.6179681,19393
1092,10,1672404.546,114.0426604,22.54373309,17347
1093,9,1733799.732,114.0645435,22.64972893,19904
1094,28,1085287.03,114.2658949,22.72232383,12459
1095,1,3692765.115,113.9598751,22.59964941,35229
1096,12,2104876.116,113.9196572,22.51147003,20081
1097,2,2920923.031,114.0385725,22.54295442,30298
1098,1,2954212.092,113.9316336,22.53157254,28184
1099,1,3530209.595,113.9673517,22.57211963,33679
1100,18,2382023.33,114.1245297,22.57408031,21565
1101,1,2732646.185,113.9078936,22.51408319,26070
1102,2,2009165.908,114.1155919,22.56390746,18189
1103,7,2423913.26,114.0615065,22.56363477,25143
1104,6,4283607.533,113.933393,22.49101418,40868
1105,14,1307254.312,114.2045003,22.7136677,15008
1106,5,1585767.158,114.1122592,22.54745874,14356
1107,2,1174966.22,113.8787515,22.57989058,11978
1108,2,2389352.233,114.1501174,22.55812182,21632
1109,1,2728953.42,113.9577915,22.5942434,26036
1110,6,2200012.859,114.1717473,22.56436374,19918
1111,2,1436127.998,114.2382816,22.56736153,14818
1112,54,1149744.101,114.3354208,22.70099604,12473
1113,13,3278147.16,114.11885,22.56581934,29679
1114,5,2588073.663,114.026974,22.52229749,26847
1115,6,1900959.855,114.0836915,22.54464969,19719
1116,1,3103769.079,113.9153661,22.51092968,29613
1117,1,988112.4139,114.2325571,22.70186294,11344
1118,1,7685345.83,113.9597256,22.54909352,73326
1119,5,1772556.909,114.1346242,22.56420859,16048
1120,4,3130311.854,113.9248696,22.49591843,29866
1121,19,1327020.672,113.8467509,22.76617068,13529
1122,6,3071149.654,113.9599038,22.59036487,29302
1123,5,2556606.889,114.1012191,22.56509162,23147
1124,17,1350894.516,114.0192611,22.65543333,15062
1125,29,2660952.909,113.8824722,22.58724827,27130
1126,16,1672426.291,114.0635426,22.61827732,19202
1127,2,1671320.332,113.8947251,22.57459705,17040
1128,33,2392879.219,114.0236514,22.62886945,26680
1129,7,1991435.508,114.0621886,22.52909332,20659
1130,5,3196083.541,114.092182,22.54833053,33156
1131,1,2666176.413,113.9675519,22.54274466,25439
1132,27,2246258.949,113.8443979,22.60607457,22902
1133,8,1278639.71,113.8130641,22.77413682,13036
1134,7,2959751.24,113.9073847,22.53967906,28240
1135,1,1762743.085,114.0650394,22.5727667,18287
1136,5,2839408.9,113.9931464,22.54557596,29456
1137,3,2179213.763,114.148322,22.54468424,19731
1138,4,6397789.417,113.9813212,22.55009987,61046
1139,8,890624.3945,113.8542686,22.58354685,9080
1140,9,1115462.306,114.1035033,22.60987427,12808
1141,36,3164699.704,113.922354,22.52687612,30197
1142,2,1126202.658,114.2507405,22.71255687,12931
1143,20,1509931.296,113.9360299,22.74693106,18287
1144,14,1667207.95,113.8539035,22.61759091,16999
1145,1,2105781.72,114.0591952,22.54008101,21846
1146,2,2013892.1,113.9083037,22.57794579,20534
1147,6,3443972.039,114.059609,22.54860145,35730
1148,53,1470916.823,114.2146226,22.73517897,16890
1149,17,1107790.626,114.2704605,22.74908238,12720
1150,4,8692953.719,113.9379276,22.50942693,82950
1151,39,1814286.074,113.8564484,22.62003008,18499
1152,6,3996456.705,114.0095404,22.54330407,41462
1153,3,1541015.447,114.1122834,22.58925196,13954
1154,9,928824.1931,114.393146,22.74389162,10077
1155,4,3179470.764,113.9416942,22.58496019,30339
1156,30,1601846.832,114.2260265,22.73332349,18394
1157,14,1698493.104,114.0294657,22.63053454,18940
1158,11,2138111.002,113.8858823,22.49565763,20402
1159,1,1895203.548,114.0189331,22.53066853,19663
1160,12,3877403.371,113.9310952,22.51119943,37000
1161,6,872525.7651,114.2484364,22.73770263,10019
1162,1,575468.0776,114.2681153,22.73476386,6608
1163,8,3162069.002,114.0468184,22.53617496,32807
1164,8,2262017.138,114.0597696,22.52218548,23469
1165,46,1506721.387,113.817215,22.77157357,15364
1166,19,805321.8462,114.272928,22.755462,9247
1167,6,3700150.645,113.9337469,22.52261679,35309
1168,2,1458813.035,114.2172382,22.55800213,15055
1169,21,1126018.538,114.2468222,22.72244962,12930
1170,19,1718456.372,114.0624727,22.62353595,19734
1171,12,2177268.036,114.1149586,22.53830507,19716
1172,4,3162069.002,114.048206,22.54668049,32808
1173,191,1509931.296,113.9299459,22.74871131,18289
1174,5,2217907.779,114.1151864,22.5574876,20085
1175,5,1722616.594,114.1468428,22.55594912,15599
1176,11,1405451.819,114.2033274,22.64866365,16140
1177,14,1708801.935,114.1045952,22.54499207,15474
1178,3,2197195.243,113.9170568,22.53497487,20968
1179,6,2688834.186,114.0000969,22.53806975,27899
1180,1,2871239.524,114.1253632,22.56775052,26002
1181,72,1405196.177,113.8909863,22.77584712,17021
1182,3,1074035.233,114.2313093,22.73291925,12334
1183,21,2555241.582,114.0591583,22.56203771,26513
1184,4,1346949.676,114.2293875,22.55232667,13902
1185,2,3837957.006,114.0299304,22.55647756,39823
1186,17,1457005.51,114.2044037,22.65303021,16732
1187,3,3766620.417,113.9359076,22.50245966,35946
1188,1,3508126.859,113.9439269,22.55312777,33480
1189,18,2645812.839,114.0459589,22.56174254,27453
1190,1,1945726.574,114.1043673,22.56109889,17621
1191,2,2041067.176,114.1657279,22.56885969,18484
1192,24,1341274.097,114.3380546,22.70875335,14555
1193,17,1701973.127,113.8983364,22.57014897,17357
1194,1,2161105.534,114.1311411,22.5519085,19572
1195,2,951288.3488,114.1287615,22.70342021,10925
1196,15,1256835.534,114.3265685,22.67727231,13639
1197,1,2392173.241,113.9263495,22.49164243,22830
1198,12,1399314.474,114.1203709,22.59595002,16071
1199,1,2291360.754,113.9512054,22.57841494,21868
1200,7,4080505.452,113.9603234,22.53010472,38944
1201,3,1015730.463,114.2398126,22.73337579,11665
1202,5,3040992.072,113.9159869,22.48814182,29023
1203,1,2511080.278,113.9862955,22.53712077,23966
1204,5,1747864.918,114.1154065,22.58507509,15830
1205,43,2598748.815,113.8854816,22.58430443,26503
1206,3,3167210.784,113.9154325,22.50045744,30228
1207,14,1377754.406,114.0179221,22.65101941,15366
1208,16,4936122.173,114.0191951,22.54249579,51222
1209,27,2108027.629,113.848971,22.61149351,21499
1210,12,2702422.305,113.8949748,22.56749463,27561
1211,11,975837.7255,114.1389878,22.60814403,11207
1212,13,2747417.246,113.9517906,22.56079444,26222
1213,39,911627.3536,114.3246862,22.68515792,9893
1214,4,1881617.86,114.0623047,22.57298812,19526
1215,6,1074035.233,114.3000583,22.72512513,12336
1216,1,4259113.35,114.0208325,22.54356797,44198
1217,23,1693333.669,113.8155475,22.72749727,17270
1218,7,2035229.996,114.1299479,22.57726751,18433
1219,28,1521533.823,114.0499952,22.60340822,16971
1220,7,1641739.57,114.2088018,22.72854125,18856
1221,1,2037853.278,114.091031,22.56657562,21147
1222,1,2163520.896,114.0461952,22.56901532,22452
1223,3,1516045.393,114.245619,22.59661344,15649
1224,6,1944179.287,113.9181211,22.52648799,18556
1225,8,1271728.144,113.8225198,22.68462413,12970
1226,4,2791730.427,113.9299498,22.48990806,26646
1227,19,2459381.567,113.9727779,22.56181651,23474
1228,15,1238546.743,114.1080087,22.68908288,14226
1229,12,1109478.395,114.2375805,22.71960573,12743
1230,22,876105.8825,114.1117052,22.6032368,10063
1231,13,2570542.003,113.9212985,22.52115787,24536
1232,33,1485193.97,114.0565727,22.69299886,16566
1233,9,1956363.213,114.1287442,22.55567899,17720
1234,1,2511080.278,113.9710961,22.5426991,23968
1235,4,2650907.472,114.0225741,22.52481831,27511
1236,8,1653781.593,113.8803084,22.58326725,16868
1237,1,919695.8013,114.1033987,22.61835075,10564
1238,10,1647876.914,114.0541074,22.62697383,18928
1239,7,2669869.178,113.9178804,22.50930654,25484
1240,6,6965958.258,113.981778,22.54629889,66493
1241,4,896834.1942,114.2472049,22.71845507,10301
1242,14,2260082.081,113.8842557,22.57875736,23053
1243,13,2338763.342,114.1215163,22.57176536,21184
1244,4,1930299.91,114.0844851,22.54205069,20033
1245,29,968166.0453,114.2507345,22.72444121,11121
1246,6,4283607.533,113.9304681,22.48321564,40889
1247,27,2241651.239,113.8987779,22.5518305,22865
1248,19,1842272.521,114.049334,22.62386555,20550
1249,1,1945726.574,114.1334316,22.58150305,17625
1250,10,1545233.727,114.0519279,22.62135229,17237
1251,11,1344078.377,114.1108458,22.61624122,15439
1252,11,1126202.658,114.2115401,22.71321091,12936
1253,66,3483429.263,113.8826033,22.55538645,35532
1254,9,1356138.258,114.2182253,22.67609825,15578
1255,7,934410.6523,114.2587965,22.73161223,10733
1256,23,3009986.992,113.8764874,22.56452482,30703
1257,16,1172232.739,114.1330261,22.6173389,13465
1258,4,1225811.478,114.2953817,22.60513342,12655
1259,10,2529444.546,114.1762942,22.56757336,22913
1260,1,1723684.231,114.070886,22.57135137,17890
1261,1,672376.7423,114.2774409,22.72813883,7724
1262,9,1325666.344,114.136865,22.62534243,15228
1263,4,2902889.495,113.922349,22.50495552,27711
1264,11,915276.9135,114.2253701,22.70516551,10514
1265,6,1508241.932,113.8934253,22.56998563,15385
1266,14,1245880.87,114.1720306,22.64868879,14312
1267,27,1868299.63,114.0680177,22.62361374,21462
1268,3,1489247.76,114.2300401,22.56002957,15375
1269,27,2441510.689,113.8556547,22.57802118,24906
1270,11,3017721.062,114.0805462,22.5528208,31322
1271,6,2447438.657,114.1332851,22.58555106,22171
1272,1,1214979.342,114.255152,22.6893383,13957
1273,7,1260763.929,114.1993974,22.70153885,14483
1274,7,1657082.93,114.2047847,22.70875643,19036
1275,1,1704456.479,114.1434636,22.54488498,15441
1276,12,2112086.196,114.1327359,22.57133974,19133
1277,4,3196033.224,114.0462136,22.52884418,33173
1278,10,2225524.251,113.8630781,22.5839093,22703
1279,2,2114939.195,113.8617546,22.57976222,21575
1280,5,1721525.044,114.0492158,22.62659024,19777
1281,25,1648408.49,113.8143349,22.69694457,16816
1282,1,2488923.687,113.9736577,22.54056569,23761
1283,6,1006524.446,114.2862628,22.73286435,11563
1284,23,925204.636,114.2515448,22.72856246,10629
1285,2,2145689.68,114.0806025,22.53393115,22272
1286,9,2560902.285,114.063936,22.54700848,26582
1287,3,1937943.668,114.1171319,22.567793,17557
1288,0,3244058.633,114.0798653,22.55926977,33673
1289,6,1570097.191,114.2326016,22.55749627,16211
1290,1,870705.0196,114.0580154,22.62604388,10003
1291,5,3397343.906,113.9327439,22.51752828,32435
1292,1,2923599.069,113.9057355,22.4787415,27912
1293,9,3858561.967,114.012641,22.54062423,40053
1294,38,1807512.662,114.0417775,22.61856082,20166
1295,2,3120572.048,113.8949938,22.60366993,31836
1296,2,2158218.653,114.1019817,22.55545414,19553
1297,3,2523431.894,113.9235178,22.5518927,24092
1298,7,2097585.021,114.0734797,22.53513319,21774
1299,1,1632464.596,114.1051182,22.56608791,14790
1300,4,3114847.374,113.9168393,22.50547271,29739
1301,10,2495075.325,113.8786763,22.56727357,25455
1302,2,1164598.871,113.8723553,22.56992037,11881
1303,4,3242247.771,113.926695,22.52755538,30955
1304,2,2053991.661,114.0107756,22.63888777,22917
1305,29,2937415.549,113.8624756,22.5662248,29968
1306,8,2215825.797,114.0544854,22.5696858,23002
1307,42,1823312.598,114.0261157,22.63404516,20343
1308,35,1693333.669,113.8594394,22.61901935,17276
1309,4,2511080.278,113.9437705,22.56308021,23975
1310,37,1746932.864,113.8072593,22.73892823,17823
1311,1,4075706.555,113.9999242,22.55121255,42310
1312,1,2284659.952,114.0281447,22.56306471,23717
1313,27,2481252.193,113.886871,22.57638403,25315
1314,12,3395573.024,114.0181437,22.55644728,35249
1315,4,1331661.494,114.3042553,22.60337255,13750
1316,1,785702.8027,114.1135575,22.61516135,9027
1317,2,2465659.267,113.9105372,22.54143641,23542
1318,1,1707375.069,114.1393443,22.55366287,15470
1319,8,3483429.263,113.8894045,22.5545948,35541
1320,13,1110859.298,114.1378032,22.67252639,12763
1321,8,3755542.122,113.9309062,22.52346443,35859
1322,14,1231918.412,114.1251735,22.69282988,14155
1323,2,1236674.853,114.2225225,22.7024292,14209
1324,7,2896358.772,113.9268446,22.50714537,27655
1325,10,843699.5678,113.9376054,22.75894114,10225
1326,5,2871674.91,114.0404352,22.56107122,29812
1327,16,1032035.34,114.2324594,22.72394251,11858
1328,6,2497745.187,114.0403132,22.56725171,25930
1329,6,4874449.952,113.934132,22.50391084,46544
1330,11,2474152.627,113.9546771,22.57226922,23624
1331,1,1995018.314,114.1290024,22.55002197,18077
1332,4,2108177.728,114.0623598,22.62679902,24224
1333,4,2645812.839,114.0331052,22.56855579,27468
1334,6,1295945.65,114.2548124,22.58942621,13383
1335,7,1598778.16,114.2183471,22.68698225,18371
1336,23,1656684.003,114.1172407,22.63049964,19036
1337,15,1603483.311,113.8933541,22.58630872,16361
1338,10,1006524.446,114.1055162,22.59685098,11565
1339,0,1236055.028,114.2977645,22.59498283,12764
1340,1,682257.8664,114.1505862,22.60657466,7839
1341,2,2762188.306,113.9734476,22.56619975,26376
1342,2,2142585.459,113.8688348,22.55791811,21862
1343,20,2375008.722,113.9179884,22.53136052,22679
1344,3,1304345.361,114.2464279,22.59127182,13470
1345,7,1228112.278,114.0521828,22.51075325,12750
1346,4,3113211.23,113.9052252,22.56894945,31767
1347,1,1747262.464,114.1433109,22.55306729,15833
1348,13,1095515.937,114.1063035,22.60805859,12588
1349,1,1720139.035,114.1043035,22.58652143,15587
1350,43,3605283.509,113.9477232,22.53044909,34428
1351,6,1762449.329,113.891709,22.56091576,17984
1352,4,2379193.702,114.0548224,22.51337137,24702
1353,2,2196681.298,114.0415587,22.55246041,22807
1354,4,1123133.986,114.0570772,22.63420971,12906
1355,2,1313197.54,113.8990061,22.56329767,13400
1356,4,2245459.267,114.11744,22.56020933,20348
1357,1,3246028.557,114.0051472,22.55061219,33702
1358,26,2430030.134,114.0169023,22.63031988,27118
1359,4,1310322.984,114.1049162,22.62590914,15058
1360,2,1313197.54,113.8144449,22.67344472,13400
1361,5,3818319.129,113.9216623,22.54510949,36463
1362,9,1842272.521,114.0350812,22.6040573,20559
1363,25,1733109.732,113.8970428,22.57715634,17685
1364,21,1624233.406,114.0270318,22.64049941,18126
1365,2,4571643.212,113.9688573,22.55223593,43658
1366,21,1543653.733,114.025815,22.64293203,17227
1367,15,2070014.016,113.8947222,22.55628177,21124
1368,2,2286340.552,114.0770503,22.54085385,23739
1369,0,2659398.527,114.0358903,22.56212174,27613
1370,35,3121311.937,114.021228,22.53092009,32409
1371,13,4837522.301,113.9519058,22.54701975,46198
1372,2,1912185.659,114.063904,22.52564087,19854
1373,11,1097701.319,114.3348848,22.68106926,11920
1374,1,2817332.156,114.0923279,22.55550622,29253
1375,5,2876664.025,113.9183133,22.49543257,27472
1376,6,3013296.334,113.9066951,22.52846257,28777
1377,27,1601846.832,114.2273386,22.69887747,18409
1378,6,2703104.064,113.9091263,22.53367041,25815
1379,1,779841.639,114.11215,22.61976315,8962
1380,1,2010681.901,114.0380274,22.56928036,20878
1381,13,1686235.315,114.0993355,22.62579671,19379
1382,4,3973813.891,114.0044968,22.55502232,41263
1383,19,2885578.804,113.8729908,22.56690739,29448
1384,12,1884553.662,113.8849753,22.56657531,19232
1385,2,2821272.548,113.9755917,22.56720268,26944
1386,9,3550593.658,113.9185713,22.50072078,33910
1387,21,1855755.47,113.890645,22.57484146,18939
1388,4,735253.8335,114.2101908,22.70825517,8450
1389,4,2593836.259,114.0798873,22.54725817,26934
1390,3,387313.1933,114.3675525,22.73932439,4206
1391,2,3681686.82,113.9552755,22.57637077,35163
1392,3,3803548.068,113.9348713,22.50589411,36327
1393,1,2015383.585,114.1187972,22.54758788,18265
1394,5,2943594.708,113.9670167,22.5555286,28114
1395,3,1906524.955,114.051767,22.56786803,19797
1396,14,3227476.71,113.9072223,22.54231109,30825
1397,11,1626758.572,114.1101404,22.54153671,14743
1398,4,2493517.27,114.0659307,22.53026702,25893
1399,1,2445608.911,114.2353215,22.72684749,28108
1400,7,1242812.198,114.2538351,22.73217567,14284
1401,11,1486372.702,114.1168188,22.59559073,17083
1402,3,3345404.481,113.9262389,22.51063991,31952
1403,6,2535698.712,113.9131858,22.54233207,24219
1404,4,3195128.088,113.9064103,22.53116699,30517
1405,6,1109324.962,114.2196488,22.73043499,12750
1406,4,3633680.873,113.902988,22.51856299,34706
1407,6,1658775.839,113.8895501,22.58777326,16930
1408,8,4080505.452,113.9605944,22.52511671,38974
1409,4,1988532.559,114.1411711,22.55105452,18023
1410,4,2402968.656,114.0397387,22.53194191,24954
1411,10,1582748.613,113.8281835,22.78771022,16154
1412,7,1129271.33,114.2223735,22.68043649,12979
1413,11,1687769.651,114.1270865,22.62572878,19399
1414,28,1110691.867,114.3840416,22.71104477,12062
1415,10,1126202.658,114.2940064,22.72836775,12944
1416,4,1544735,113.871775,22.58555053,15766
1417,1,2042947.911,114.0811583,22.53859569,21216
1418,23,1520544.519,113.8963327,22.58379126,15519
1419,12,2920923.031,114.065254,22.55279516,30334
1420,4,1673324.854,114.1083256,22.55539337,15167
1421,1,1556581.259,114.1303614,22.56337512,14109
1422,17,1614421.225,114.1119225,22.54455996,14633
1423,9,1684931.054,114.0783056,22.54244888,17498
1424,15,2274152.468,113.8877196,22.49878479,21722
1425,53,1142083.396,114.4039807,22.64005942,13051
1426,12,1289877.672,114.1122248,22.6075147,14826
1427,13,2074262.923,114.0019357,22.54763075,21542
1428,12,2613110.789,114.1340787,22.550601,23686
1429,3,880109.6376,114.3340605,22.68856789,9559
1430,21,3003075.426,113.871036,22.56064904,30653
1431,10,2067979.542,114.0552119,22.57259476,21477
1432,2,2695268.834,113.9029163,22.57014649,27511
1433,3,2194779.576,114.1563305,22.5618983,19894
1434,4,1792621.242,114.2335782,22.55134637,18519
1435,6,2729591.251,114.0403402,22.55778015,28349
1436,1,1790068.448,114.1085199,22.56635246,16226
1437,4,3840475.72,113.9233633,22.54558424,36685
1438,11,1777096.938,114.1227558,22.54464394,16108
1439,7,2128624.872,114.1042978,22.5421643,19295
1440,11,1810516.535,114.0686703,22.61984124,20812
1441,3,4842445.987,113.9435859,22.52897713,46257
1442,6,1788367.702,113.8841394,22.56825281,18255
1443,8,2111487.709,114.060083,22.54415109,21930
1444,6,1932755.064,114.1367994,22.5629164,17520
1445,7,3748156.592,113.9265884,22.48453495,35805
1446,4,1618844.51,114.1192687,22.55819955,14674
1447,0,1216428.586,114.0770368,22.54507433,12634
1448,12,1810516.535,114.0822853,22.63028795,20813
1449,28,1523113.816,114.0233353,22.66876881,17003
1450,16,1358398.846,114.1337266,22.61583575,15615
1451,28,1252018.214,114.1357206,22.62069114,14392
1452,15,1289311.904,114.324009,22.67940409,14004
1453,2,2256626.298,113.9094662,22.56709149,23035
1454,4,2610784.936,113.9403372,22.5896344,24940
1455,12,1720979.933,113.8821778,22.57154463,17568
1456,9,2783569.499,114.0134819,22.6269261,31075
1457,8,4080505.452,113.9609462,22.53262882,38981
1458,19,2322590.571,114.0424518,22.60068335,25929
1459,15,1893769.083,113.8687641,22.56792019,19332
1460,3,2701991.579,114.1376447,22.57401299,24494
1461,7,2625555.997,113.9947671,22.59160367,25082
1462,1,644421.1395,114.2965968,22.77149148,7408
1463,5,2542468.782,113.9607166,22.59511919,24289
1464,12,1058691.872,114.2001423,22.65019022,12171
1465,1,2907337.343,114.0718341,22.54695264,30198
1466,1,2412700.952,114.0764413,22.57903287,21872
1467,11,2072645.598,114.1309326,22.58914446,18790
1468,2,2070253.075,114.1245947,22.56014845,18768
1469,3,2195220.836,114.0430301,22.55562313,22802
1470,3,2037853.278,114.0483532,22.57083058,21167
1471,27,3054912.171,113.8874063,22.55910003,31186
1472,5,1788552.739,114.0240966,22.63303427,19968
1473,6,2429415.448,113.9027451,22.55591932,24801
1474,3,2199183.329,114.0354747,22.52564391,22843
1475,3,2043012.903,114.1000347,22.56966506,18521
1476,9,3877403.371,113.9296542,22.51692758,37044
1477,3,1287031.175,114.0170986,22.66684462,14369
1478,15,1132340.002,114.139642,22.6239425,13018
1479,27,3680408.894,113.9081022,22.57355042,37573
1480,17,2169551.17,114.0560976,22.60770345,24943
1481,6,2550713.019,114.039483,22.54536204,26495
1482,1,2056010.302,114.1041339,22.6028314,23638
1483,4,1052554.528,114.2654822,22.71616594,12101
1484,1,748755.9907,114.1388049,22.61204261,8608
1485,0,1144580.126,114.2269201,22.54645949,11826
1486,3,2699411.299,113.9634112,22.54448132,25790
1487,0,2717137.703,114.098734,22.55382664,28225
1488,12,2100041.767,114.0789495,22.55088775,21814
1489,3,2558932.361,114.0357241,22.55844362,26581
1490,14,1104721.953,114.2492833,22.72174575,12701
1491,4,3334566.899,113.8909653,22.50088445,31859
1492,4,1745316.737,114.126645,22.5469398,15824
1493,12,1534336.046,114.2198708,22.72619087,17641
1494,10,1181085.29,114.1319202,22.6117906,13579
1495,15,1693333.669,113.8620862,22.6198378,17288
1496,2,2764626.399,113.9013993,22.59757761,28226
1497,2,3120572.048,113.9048476,22.59788812,31860
1498,9,1133425.327,114.3284852,22.67832611,12313
1499,6,2935748.266,113.9292544,22.50163957,28050
1500,3,4340627.481,114.0172506,22.54087746,45091
1501,6,1769360.895,113.8900357,22.56533147,18065
